standard_id,designation,title,publisher,record_type,country_scope,primary_category,latest_known_edition,applicability,summary,official_url,source_download_url,notes
BCHYDRO-DIST-STANDARDS-GUIDES,BC Hydro Distribution Standards,Distribution Technical Standards and Guides,BC Hydro,collection,Canada - British Columbia,BC Hydro distribution technical standards,current,BC Hydro connection and construction requirements where applicable,Public landing page for BC Hydro distribution technical standards guides information bulletins and metering requirements,https://app.bchydro.com/accounts-billing/electrical-connections/distribution-standards.html,,Collection page includes ES43 ES53 ES54 ES55 service requirements generator interconnection and metering documents.
BCHYDRO-DGI,BC Hydro DGI,Distribution Generator Interconnections,BC Hydro,collection,Canada - British Columbia,BC Hydro distribution generator interconnection,current,Applies to generation projects connecting to the BC Hydro distribution system,Public landing page for distribution generator interconnection technical requirements revenue metering and closed transition transfer material,https://app.bchydro.com/accounts-billing/electrical-connections/distribution-generator-interconnections.html,,Use child records for specific requirements documents.
BCHYDRO-TGI,BC Hydro TGI,Transmission Generator Interconnections,BC Hydro,collection,Canada - British Columbia,BC Hydro transmission generator interconnection,current,Applies to generation projects connecting at transmission voltage,Public landing page for transmission generator interconnection process and technical requirement documents,https://app.bchydro.com/accounts-billing/electrical-connections/transmission-generator-interconnections.html,,Use child records for TIR SGIP and transmission facility requirements.
BCHYDRO-OATT,BC Hydro OATT,Open Access Transmission Tariff,BC Hydro,tariff,Canada - British Columbia,BC Hydro transmission tariff,current,Regulated terms and procedures for transmission service,BC Hydro open access transmission tariff for public transmission service terms schedules and attachments,https://www.bchydro.com/content/dam/BCHydro/customer-portal/documents/corporate/tariff-filings/electric-tariff/00-bch-oatt.pdf,https://www.bchydro.com/content/dam/BCHydro/customer-portal/documents/corporate/tariff-filings/electric-tariff/00-bch-oatt.pdf,Source page is https://www.bchydro.com/toolbar/about/strategies-plans-regulatory/tariffs-terms-conditions/oatt.html.
BCHYDRO-ELECTRIC-TARIFF,BC Hydro Electric Tariff,Electric Tariff,BC Hydro,tariff,Canada - British Columbia,BC Hydro electric tariff,current,Regulated electricity tariff terms and conditions,BC Hydro electric tariff document for public electricity service terms rates and conditions,https://www.bchydro.com/content/dam/BCHydro/customer-portal/documents/corporate/tariff-filings/electric-tariff/bchydro-electric-tariff.pdf,https://www.bchydro.com/content/dam/BCHydro/customer-portal/documents/corporate/tariff-filings/electric-tariff/bchydro-electric-tariff.pdf,Source page is https://www.bchydro.com/toolbar/about/strategies-plans-regulatory/tariffs-terms-conditions/electric-tariff.html.
BCHYDRO-SYSTEM-OPERATING-ORDERS,BC Hydro SOO,System Operating Orders,BC Hydro,collection,Canada - British Columbia,BC Hydro system operating orders,current,BC Hydro operating requirements and reference orders for transmission system operation,Public collection of selected BC Hydro system operating orders for ratings voltage control and interconnections,https://www.bchydro.com/energy-in-bc/operations/transmission/transmission-system/system-operating-orders.html,,Current public collection includes five system operating orders.
BCHYDRO-TRANSMISSION-PLANNING,BC Hydro Transmission Planning,Transmission Capital Planning and Studies,BC Hydro,collection,Canada - British Columbia,BC Hydro transmission planning,current,Transmission planning business practices and study methodology references,Public source page for Attachment K business practices transmission studies guide and planning methodology references,https://www.bchydro.com/energy-in-bc/operations/transmission/transmission-plan/transmission-capital-planning.html,,Some linked references are related methodology or NERC planning materials rather than BC Hydro standards.
BCHYDRO-PRIMARY-SERVICE-REQ,Primary Service Requirements R5,Requirements for Customer-Owned Primary Services Supplied at 4 kV to 35 kV,BC Hydro,standard,Canada - British Columbia,BC Hydro primary service requirements,Revision 5 2026,Applies to customer owned primary services supplied from 4 kV to 35 kV,Customer owned primary service technical requirements formerly known as the Primary Guide,https://app.bchydro.com/accounts-billing/electrical-connections/distribution-standards/legal-primary-service-requirements-r5.html,https://app.bchydro.com/content/dam/BCHydro/customer-portal/documents/distribution/standards/ds-primary-service-requirements-r5.pdf,BC Hydro page identifies Revision 5 as the current public release.
BCHYDRO-PRIMARY-SERVICE-CHECKLIST,Primary Service Checklist R5,Checklist of Requirements for Customer-Owned Primary Services Supplied at 4 kV to 35 kV,BC Hydro,checklist,Canada - British Columbia,BC Hydro primary service requirements,Revision 5 2026,Supports customer owned primary service design and acceptance review,Checklist companion document for BC Hydro primary service requirements,https://app.bchydro.com/content/dam/BCHydro/customer-portal/documents/distribution/standards/ds-primary-service-requirements-checklist-r5.pdf,https://app.bchydro.com/content/dam/BCHydro/customer-portal/documents/distribution/standards/ds-primary-service-requirements-checklist-r5.pdf,Checklist should be treated as support metadata for the primary service requirements.
BCHYDRO-SECONDARY-SERVICE-REQ,Secondary Customer Service Requirements,Secondary Customer Service Requirements up to 750 V Phase-to-Ground,BC Hydro,standard,Canada - British Columbia,BC Hydro secondary service requirements,2026-04-24,Applies to secondary customer service connections up to 750 V phase to ground,BC Hydro secondary customer service requirements for low voltage service connections,https://app.bchydro.com/accounts-billing/electrical-connections/distribution-standards/legal-secondary-customer-service-requirements.html,https://app.bchydro.com/content/dam/BCHydro/customer-portal/documents/distribution/standards/ds-secondary-customer-service-requirements.pdf,BC Hydro page lists this document under Secondary Customer Service Requirements.
BCHYDRO-METER-SOCKETS,List of Accepted Meter Sockets,List of Accepted Meter Sockets,BC Hydro,standard,Canada - British Columbia,BC Hydro metering requirements,current,Applies to meter socket selection for BC Hydro metered services,BC Hydro list of accepted meter sockets for service equipment coordination,https://app.bchydro.com/content/dam/BCHydro/customer-portal/documents/distribution/standards/meter-sockets-list.pdf,https://app.bchydro.com/content/dam/BCHydro/customer-portal/documents/distribution/standards/meter-sockets-list.pdf,Track product and metering acceptance details only as public metadata.
BCHYDRO-SECONDARY-REVENUE-METERING,Secondary Revenue Metering,Secondary Voltage Revenue Metering 750 V and Less,BC Hydro,standard,Canada - British Columbia,BC Hydro revenue metering requirements,current,Applies to secondary voltage revenue metering installations at 750 V and less,BC Hydro revenue metering requirements for secondary voltage services,https://app.bchydro.com/accounts-billing/electrical-connections/distribution-standards/legal-secondary-voltage-revenue-metering-750v.html,https://app.bchydro.com/content/dam/BCHydro/customer-portal/documents/distribution/standards/ds-rmr-secondary-voltage-750v-and-less.pdf,Linked through BC Hydro distribution standards page.
BCHYDRO-PRIMARY-REVENUE-METERING,Primary Revenue Metering,Requirements for Primary Service Revenue Metering 4 kV to 35 kV,BC Hydro,standard,Canada - British Columbia,BC Hydro revenue metering requirements,current,Applies to primary service revenue metering from 4 kV to 35 kV,BC Hydro revenue metering requirements for primary service voltage installations,https://app.bchydro.com/accounts-billing/electrical-connections/distribution-standards/LA-RM-Manually-read-primary-service-voltage-4kV-to-35kV.html,https://app.bchydro.com/content/dam/BCHydro/customer-portal/documents/distribution/standards/ds-Requirements-for-primary-service-revenue-metering-4kV-to-35kV.pdf,Linked through BC Hydro distribution standards page.
BCHYDRO-COMPLEX-REVENUE-METERING,Complex Revenue Metering,Complex Revenue Metering,BC Hydro,standard,Canada - British Columbia,BC Hydro revenue metering requirements,current,Applies where BC Hydro requires complex revenue metering arrangements,BC Hydro revenue metering requirements for complex metering applications,https://app.bchydro.com/accounts-billing/electrical-connections/distribution-standards/LA-RM-Complex-RM.html,https://app.bchydro.com/content/dam/BCHydro/customer-portal/documents/distribution/standards/ds-rmr-complex-revenue-metering.pdf,Linked through BC Hydro distribution standards page.
BCHYDRO-ES43,ES43,Overhead Electrical Distribution Standards,BC Hydro,standard_family,Canada - British Columbia,BC Hydro overhead distribution standards,current,Applies to BC Hydro overhead distribution design and construction,BC Hydro ES43 family for overhead electrical distribution standards,https://app.bchydro.com/accounts-billing/electrical-connections/distribution-standards.html#es43,,Child records identify major public ES43 sections.
BCHYDRO-ES43-B,ES43 B,Clearances,BC Hydro,standard,Canada - British Columbia,BC Hydro overhead distribution standards,current,Applies to overhead distribution clearances,BC Hydro ES43 B overhead electrical clearance standard,https://app.bchydro.com/accounts-billing/electrical-connections/distribution-standards/LA-ES43-B-clearances.html,https://app.bchydro.com/content/dam/BCHydro/customer-portal/documents/distribution/standards/ds-es43-section-b-clearances.pdf,Public page may require acknowledgement before viewing the standard.
BCHYDRO-ES43-C,ES43 C,Joint and Secondary Use,BC Hydro,standard,Canada - British Columbia,BC Hydro overhead distribution standards,current,Applies to joint use and secondary use of overhead distribution facilities,BC Hydro ES43 C overhead electrical standard for joint and secondary use,https://app.bchydro.com/accounts-billing/electrical-connections/distribution-standards/legal-es43-section-c.html,https://app.bchydro.com/content/dam/BCHydro/customer-portal/documents/distribution/standards/ds-ES43-section-c.pdf,Public page may require acknowledgement before viewing the standard.
BCHYDRO-ES43-J7-01,ES43 J7-01,Primary Revenue Metering,BC Hydro,standard,Canada - British Columbia,BC Hydro overhead distribution standards,current,Applies to primary revenue metering in overhead distribution contexts,BC Hydro ES43 J7-01 standard for primary revenue metering,https://app.bchydro.com/accounts-billing/electrical-connections/distribution-standards/legal-es43-j-primary-revenue-metering.html,https://app.bchydro.com/content/dam/BCHydro/customer-portal/documents/distribution/standards/ds-ES43-section-j-primary-revenue-metering.pdf,Related to BC Hydro revenue metering requirements.
BCHYDRO-ES43-K,ES43 K,Protection and Switching,BC Hydro,standard,Canada - British Columbia,BC Hydro overhead distribution standards,current,Applies to protection and switching in overhead distribution systems,BC Hydro ES43 K overhead electrical protection and switching standard,https://app.bchydro.com/accounts-billing/electrical-connections/distribution-standards/LA-ES43-K-protection-switching.html,https://app.bchydro.com/content/dam/BCHydro/customer-portal/documents/distribution/standards/ds-es43-section-k-protection-switching.pdf,Public page may require acknowledgement before viewing the standard.
BCHYDRO-ES43-L,ES43 L,Street Lighting,BC Hydro,standard,Canada - British Columbia,BC Hydro overhead distribution standards,current,Applies to street lighting in overhead distribution contexts,BC Hydro ES43 L overhead electrical street lighting standard,https://app.bchydro.com/accounts-billing/electrical-connections/distribution-standards/LA-ES43-L-street-lighting.html,https://app.bchydro.com/content/dam/BCHydro/customer-portal/documents/distribution/standards/ds-ES43-L-street-lighting.pdf,Public page may require acknowledgement before viewing the standard.
BCHYDRO-ES43-M1-10,ES43 M1-10,Terminal Poles Pilaster Location,BC Hydro,standard,Canada - British Columbia,BC Hydro overhead distribution standards,current,Applies to terminal pole and pilaster location requirements,BC Hydro ES43 M1-10 overhead electrical terminal pole and pilaster location standard,https://app.bchydro.com/accounts-billing/electrical-connections/distribution-standards/LA-ES43-M1-10-terminal-poles-pilaster-location.html,https://app.bchydro.com/content/dam/BCHydro/customer-portal/documents/distribution/standards/ds-ES43-M1-10-terminal-poles-pilaster-location.pdf,Public page may require acknowledgement before viewing the standard.
BCHYDRO-ES43-N,ES43 N,Secondaries and Services,BC Hydro,standard_family,Canada - British Columbia,BC Hydro overhead distribution standards,current,Applies to overhead secondary and service connection requirements,BC Hydro ES43 N family for overhead secondaries and services,https://app.bchydro.com/accounts-billing/electrical-connections/distribution-standards.html#es43ohe,,Includes table of contents general requirements and service connection records.
BCHYDRO-ES43-R2-01,ES43 R2-01,Ground Rods at Wood Poles and Multiple Ground Rods,BC Hydro,standard,Canada - British Columbia,BC Hydro overhead distribution standards,current,Applies to grounding electrode installations for overhead distribution facilities,BC Hydro ES43 R2-01 bonding and grounding electrode installation standard,https://app.bchydro.com/accounts-billing/electrical-connections/distribution-standards/LA-ES43-R2-01-Bonding-Grounding-Electrode-Installations.html,https://app.bchydro.com/content/dam/BCHydro/customer-portal/documents/distribution/standards/ds-es43-r2-01-ground-rods-wood-poles.pdf,BC Hydro released an information bulletin for revised ES43 R2-01 in 2025.
BCHYDRO-ES53,ES53,Underground Electrical Distribution Standards,BC Hydro,standard_family,Canada - British Columbia,BC Hydro underground electrical standards,current,Applies to underground electrical distribution service design and construction,BC Hydro ES53 family for underground electrical distribution standards,https://app.bchydro.com/accounts-billing/electrical-connections/distribution-standards.html#es53,,Child records can later split S0 through S4 details.
BCHYDRO-ES53-S,ES53 S,Underground Electrical Services,BC Hydro,standard_family,Canada - British Columbia,BC Hydro underground electrical standards,current,Applies to underground electrical services including single phase three phase primary and street lighting services,BC Hydro ES53 Section S family for underground electrical services,https://app.bchydro.com/accounts-billing/electrical-connections/distribution-standards.html#es53s,,Includes ES53 S0 S1 S2 S3 and S4 records.
BCHYDRO-ES54,ES54,Underground Civil Distribution Standards,BC Hydro,standard_family,Canada - British Columbia,BC Hydro underground civil standards,current,Applies to underground civil construction for BC Hydro distribution facilities,BC Hydro ES54 family for underground civil distribution standards,https://app.bchydro.com/accounts-billing/electrical-connections/distribution-standards.html#es54,,Child records identify major public ES54 sections.
BCHYDRO-ES54-A,ES54 A,Introduction,BC Hydro,standard,Canada - British Columbia,BC Hydro underground civil standards,current,Applies as introductory material for ES54 underground civil standards,BC Hydro ES54 Section A introduction,https://app.bchydro.com/accounts-billing/electrical-connections/distribution-standards/disclaimer-es54-section-a.html,https://app.bchydro.com/content/dam/BCHydro/customer-portal/documents/distribution/standards/ds-ES54-section-a-introduction.pdf,Public page may require acknowledgement before viewing the standard.
BCHYDRO-ES54-B,ES54 B,Pull and Splice Service and Junction Boxes,BC Hydro,standard,Canada - British Columbia,BC Hydro underground civil standards,current,Applies to underground pull boxes splice boxes service boxes and junction boxes,BC Hydro ES54 Section B underground civil standard,https://app.bchydro.com/accounts-billing/electrical-connections/distribution-standards/disclaimer-es54-section-b.html,https://app.bchydro.com/content/dam/BCHydro/customer-portal/documents/distribution/standards/ds-ES54-section-b-pull-splice-service.pdf,Public page may require acknowledgement before viewing the standard.
BCHYDRO-ES54-C,ES54 C,Vaults,BC Hydro,standard,Canada - British Columbia,BC Hydro underground civil standards,current,Applies to underground distribution vaults,BC Hydro ES54 Section C underground civil vault standards,https://app.bchydro.com/accounts-billing/electrical-connections/distribution-standards/disclaimer-es54-section-c.html,https://app.bchydro.com/content/dam/BCHydro/customer-portal/documents/distribution/standards/ds-ES54-section-c.pdf,Public page may require acknowledgement before viewing the standard.
BCHYDRO-ES54-D,ES54 D,Junction Pads,BC Hydro,standard,Canada - British Columbia,BC Hydro underground civil standards,current,Applies to underground distribution junction pads,BC Hydro ES54 Section D underground civil junction pad standards,https://app.bchydro.com/accounts-billing/electrical-connections/distribution-standards/disclaimer-es54-section-d.html,https://app.bchydro.com/content/dam/BCHydro/customer-portal/documents/distribution/standards/ds-ES54-section-d.pdf,Public page may require acknowledgement before viewing the standard.
BCHYDRO-ES54-E,ES54 E,Switchgear Vaults and Pads,BC Hydro,standard,Canada - British Columbia,BC Hydro underground civil standards,current,Applies to underground switchgear vaults and pads,BC Hydro ES54 Section E underground civil switchgear vault and pad standards,https://app.bchydro.com/accounts-billing/electrical-connections/distribution-standards/disclaimer-es54-section-e.html,https://app.bchydro.com/content/dam/BCHydro/customer-portal/documents/distribution/standards/ds-ES54-section-e-switchgear-vaults-pads.pdf,BC Hydro page also lists related 2024 and 2025 information bulletins.
BCHYDRO-ES54-F,ES54 F,Transformer Pads and Vaults,BC Hydro,standard,Canada - British Columbia,BC Hydro underground civil standards,current,Applies to underground distribution transformer pads and vaults,BC Hydro ES54 Section F underground civil transformer pad and vault standards,https://app.bchydro.com/accounts-billing/electrical-connections/distribution-standards/disclaimer-es54-section-f.html,https://app.bchydro.com/content/dam/BCHydro/customer-portal/documents/distribution/standards/ds-ES54-section-f-transformer-pads-vaults.pdf,BC Hydro page also lists related 2025 information bulletins.
BCHYDRO-ES54-G,ES54 G,Drainage Assemblies,BC Hydro,standard,Canada - British Columbia,BC Hydro underground civil standards,current,Applies to underground distribution drainage assemblies,BC Hydro ES54 Section G underground civil drainage assembly standards,https://app.bchydro.com/accounts-billing/electrical-connections/distribution-standards/disclaimer-es54-section-g.html,https://app.bchydro.com/content/dam/BCHydro/customer-portal/documents/distribution/standards/ds-ES54-section-g.pdf,Public page may require acknowledgement before viewing the standard.
BCHYDRO-ES54-H,ES54 H,Duct,BC Hydro,standard,Canada - British Columbia,BC Hydro underground civil standards,current,Applies to underground distribution ducts and duct banks,BC Hydro ES54 Section H underground civil duct standards,https://app.bchydro.com/accounts-billing/electrical-connections/distribution-standards/disclaimer-es54-section-h.html,https://app.bchydro.com/content/dam/BCHydro/customer-portal/documents/distribution/standards/ds-ES54-section-h.pdf,BC Hydro page also lists related 2022 information bulletin material.
BCHYDRO-ES54-J,ES54 J,Joint Trenching,BC Hydro,standard,Canada - British Columbia,BC Hydro underground civil standards,current,Applies to joint trenching for underground distribution construction,BC Hydro ES54 Section J underground civil joint trenching standard,https://app.bchydro.com/accounts-billing/electrical-connections/distribution-standards/disclaimer-es54-section-j.html,https://app.bchydro.com/content/dam/BCHydro/customer-portal/documents/distribution/standards/ds-ES54-section-j.pdf,Public page may require acknowledgement before viewing the standard.
BCHYDRO-ES54-M,ES54 M,Pilasters and Terminal Poles,BC Hydro,standard,Canada - British Columbia,BC Hydro underground civil standards,current,Applies to pilasters and terminal pole civil arrangements,BC Hydro ES54 Section M underground civil pilaster and terminal pole standards,https://app.bchydro.com/accounts-billing/electrical-connections/distribution-standards/disclaimer-es54-section-m.html,https://app.bchydro.com/content/dam/BCHydro/customer-portal/documents/distribution/standards/ds-ES54-section-m.pdf,Public page may require acknowledgement before viewing the standard.
BCHYDRO-ES54-P,ES54 P,Public Safety,BC Hydro,standard,Canada - British Columbia,BC Hydro underground civil standards,current,Applies to public safety provisions for underground civil distribution installations,BC Hydro ES54 Section P underground civil public safety standards,https://app.bchydro.com/accounts-billing/electrical-connections/distribution-standards/disclaimer-es54-section-p.html,https://app.bchydro.com/content/dam/BCHydro/customer-portal/documents/distribution/standards/ds-ES54-section-p.pdf,BC Hydro page lists recent public safety information bulletin material.
BCHYDRO-ES54-R,ES54 R,Grounding,BC Hydro,standard,Canada - British Columbia,BC Hydro underground civil standards,current,Applies to grounding for underground civil distribution installations,BC Hydro ES54 Section R underground civil grounding standards,https://app.bchydro.com/accounts-billing/electrical-connections/distribution-standards/disclaimer-es54-section-r.html,https://app.bchydro.com/content/dam/BCHydro/customer-portal/documents/distribution/standards/ds-ES54-section-r-grounding.pdf,Public page may require acknowledgement before viewing the standard.
BCHYDRO-ES54-S,ES54 S,Services,BC Hydro,standard_family,Canada - British Columbia,BC Hydro underground civil standards,current,Applies to underground civil service duct trench and equipment arrangements,BC Hydro ES54 Section S family for underground civil services,https://app.bchydro.com/accounts-billing/electrical-connections/distribution-standards.html#es54uges,,Includes S0 S1 S2 S3 S4 and S6 records for services and equipment on private property.
BCHYDRO-ES55,ES55,Power Quality and Customer Equipment Standards,BC Hydro,standard_family,Canada - British Columbia,BC Hydro power quality standards,current,Applies to power quality customer equipment and distribution compatibility requirements,BC Hydro ES55 family for power quality and customer equipment compatibility standards,https://app.bchydro.com/accounts-billing/electrical-connections/distribution-standards.html#es55,,Child records identify public ES55 equipment and power quality topics.
BCHYDRO-ES55-B2-05,ES55 B2-05,Customer Guide for BC Hydro-Owned Switchgear Placement and Requirements,BC Hydro,standard,Canada - British Columbia,BC Hydro customer equipment standards,current,Applies to placement and requirements for BC Hydro owned switchgear on customer sites,BC Hydro ES55 B2-05 customer guide for switchgear placement and requirements,https://app.bchydro.com/accounts-billing/electrical-connections/distribution-standards/legal-ES55-b2-05-customer-guide.html,https://app.bchydro.com/content/dam/BCHydro/customer-portal/documents/distribution/standards/ds-ES55-section-b2-05-customer-guide.pdf,BC Hydro page lists a 2025 information bulletin for revised ES55 B2-05.
BCHYDRO-ES55-Q1-02,ES55 Q1-02,Electromagnetic Compatibility,BC Hydro,standard,Canada - British Columbia,BC Hydro power quality standards,current,Applies to electromagnetic compatibility at customer and distribution interfaces,BC Hydro ES55 Q1-02 electromagnetic compatibility standard,https://app.bchydro.com/accounts-billing/electrical-connections/distribution-standards/LA-ES55-Q1-02-Electromagnetic-Compatibility.html,https://app.bchydro.com/content/dam/BCHydro/customer-portal/documents/distribution/standards/ds-ES55-Q1-02-Electromagnetic-Compatibility-R0.pdf,Linked through BC Hydro distribution standards page.
BCHYDRO-ES55-Q1-04,ES55 Q1-04,Apparent Power,BC Hydro,standard,Canada - British Columbia,BC Hydro power quality standards,current,Applies to customer apparent power assessment,BC Hydro ES55 Q1-04 customer apparent power assessment standard,https://app.bchydro.com/accounts-billing/electrical-connections/distribution-standards/LA-ES55-Q1-04-Customer-Apparent-Power-Assessment.html,https://app.bchydro.com/content/dam/BCHydro/customer-portal/documents/distribution/standards/ds-ES55-Q1-04-Customer-Apparent-Power-Assessment-R0.pdf,Linked through BC Hydro distribution standards page.
BCHYDRO-ES55-Q2-01,ES55 Q2-01,Voltage Interruptions,BC Hydro,standard,Canada - British Columbia,BC Hydro power quality standards,current,Applies to voltage interruption planning and assessment,BC Hydro ES55 Q2-01 voltage interruptions standard,https://app.bchydro.com/accounts-billing/electrical-connections/distribution-standards/legal-es55-q2-01-voltage-interruptions.html,https://app.bchydro.com/content/dam/BCHydro/customer-portal/documents/distribution/standards/ds-es55-q2-01-voltage-interruptions.pdf,Linked through BC Hydro distribution standards page.
BCHYDRO-ES55-Q2-02,ES55 Q2-02,Voltage Frequency,BC Hydro,standard,Canada - British Columbia,BC Hydro power quality standards,current,Applies to voltage frequency planning and assessment,BC Hydro ES55 Q2-02 voltage frequency standard,https://app.bchydro.com/accounts-billing/electrical-connections/distribution-standards/legal-es55-q2-02-voltage-frequency.html,https://app.bchydro.com/content/dam/BCHydro/customer-portal/documents/distribution/standards/ds-es55-q2-02-voltage-frequency.pdf,Linked through BC Hydro distribution standards page.
BCHYDRO-ES55-Q2-03,ES55 Q2-03,Steady-State Voltage Variation,BC Hydro,standard,Canada - British Columbia,BC Hydro power quality standards,current,Applies to steady state voltage variation planning and assessment,BC Hydro ES55 Q2-03 steady state voltage variation standard,https://app.bchydro.com/accounts-billing/electrical-connections/distribution-standards/legal-es55-q2-03-steady-state-voltage-variation.html,https://app.bchydro.com/content/dam/BCHydro/customer-portal/documents/distribution/standards/ds-es55-q2-03-steady-state-voltage-variation.pdf,Linked through BC Hydro distribution standards page.
BCHYDRO-ES55-Q2-04,ES55 Q2-04,Rapid Voltage Changes,BC Hydro,standard,Canada - British Columbia,BC Hydro power quality standards,current,Applies to rapid voltage changes planning and assessment,BC Hydro ES55 Q2-04 rapid voltage changes standard,https://app.bchydro.com/accounts-billing/electrical-connections/distribution-standards/legal-es55-q2-04-rapid-voltage-changes.html,https://app.bchydro.com/content/dam/BCHydro/customer-portal/documents/distribution/standards/ds-es55-q2-04-rapid-voltage-changes.pdf,Linked through BC Hydro distribution standards page.
BCHYDRO-ES55-Q2-05,ES55 Q2-05,Voltage Flicker,BC Hydro,standard,Canada - British Columbia,BC Hydro power quality standards,current,Applies to voltage flicker planning and assessment,BC Hydro ES55 Q2-05 voltage flicker standard,https://app.bchydro.com/accounts-billing/electrical-connections/distribution-standards/legal-es55-q2-05-voltage-flicker.html,https://app.bchydro.com/content/dam/BCHydro/customer-portal/documents/distribution/standards/ds-es55-q2-05-voltage-flicker.pdf,Linked through BC Hydro distribution standards page.
BCHYDRO-ES55-Q2-07,ES55 Q2-07,Voltage Unbalance,BC Hydro,standard,Canada - British Columbia,BC Hydro power quality standards,current,Applies to voltage unbalance planning and assessment,BC Hydro ES55 Q2-07 voltage unbalance standard,https://app.bchydro.com/accounts-billing/electrical-connections/distribution-standards/legal-es55-q2-07-voltage-unbalance.html,https://app.bchydro.com/content/dam/BCHydro/customer-portal/documents/distribution/standards/ds-es55-q2-07-voltage-unbalance.pdf,Linked through BC Hydro distribution standards page.
BCHYDRO-ES55-Q2-08,ES55 Q2-08,Voltage Sags and Swells,BC Hydro,standard,Canada - British Columbia,BC Hydro power quality standards,current,Applies to voltage sags and swells planning and assessment,BC Hydro ES55 Q2-08 voltage sags and swells standard,https://app.bchydro.com/accounts-billing/electrical-connections/distribution-standards/legal-es55-q2-08-voltage-sags-swells.html,https://app.bchydro.com/content/dam/BCHydro/customer-portal/documents/distribution/standards/ds-es55-q2-08-voltage-sags-swells.pdf,Linked through BC Hydro distribution standards page.
BCHYDRO-ES55-Q2-09,ES55 Q2-09,Voltage Harmonics,BC Hydro,standard,Canada - British Columbia,BC Hydro power quality standards,current,Applies to voltage harmonic planning and assessment,BC Hydro ES55 Q2-09 voltage harmonics standard,https://app.bchydro.com/accounts-billing/electrical-connections/distribution-standards/legal-es55-q2-09-voltage-harmonics.html,https://app.bchydro.com/content/dam/BCHydro/customer-portal/documents/distribution/standards/ds-es55-q2-09-voltage-harmonics.pdf,Linked through BC Hydro distribution standards page.
BCHYDRO-ES55-Q2-10,ES55 Q2-10,Voltage Interharmonics,BC Hydro,standard,Canada - British Columbia,BC Hydro power quality standards,current,Applies to voltage interharmonic planning and assessment,BC Hydro ES55 Q2-10 voltage interharmonics standard,https://app.bchydro.com/accounts-billing/electrical-connections/distribution-standards/legal-es55-q2-10-voltage-interharmonics.html,https://app.bchydro.com/content/dam/BCHydro/customer-portal/documents/distribution/standards/ds-es55-q2-10-voltage-interharmonics.pdf,Linked through BC Hydro distribution standards page.
BCHYDRO-ES55-Q2-12,ES55 Q2-12,Neutral-to-Earth Voltage,BC Hydro,standard,Canada - British Columbia,BC Hydro power quality standards,current,Applies to neutral to earth voltage planning and assessment,BC Hydro ES55 Q2-12 neutral to earth voltage standard,https://app.bchydro.com/accounts-billing/electrical-connections/distribution-standards/legal-es55-q2-12-neutral-to-earth-voltage.html,https://app.bchydro.com/content/dam/BCHydro/customer-portal/documents/distribution/standards/ds-es55-q2-12-neutral-to-earth-voltage.pdf,Linked through BC Hydro distribution standards page.
BCHYDRO-ES55-Q2-SUMMARY,ES55 Q2 Summary,Summary Table,BC Hydro,summary,Canada - British Columbia,BC Hydro power quality standards,current,Summarizes ES55 Q2 planning limits,BC Hydro ES55 Q2 summary table for planning limits,https://app.bchydro.com/content/dam/BCHydro/customer-portal/documents/distribution/standards/ds-es55-q2-summary-planning-limits.pdf,https://app.bchydro.com/content/dam/BCHydro/customer-portal/documents/distribution/standards/ds-es55-q2-summary-planning-limits.pdf,Treat as a summary support record for ES55 Q2 standards.
BCHYDRO-ES55-Q3-04,ES55 Q3-04,Rapid Voltage Changes,BC Hydro,standard,Canada - British Columbia,BC Hydro power quality standards,current,Applies to customer emission limits for rapid voltage changes,BC Hydro ES55 Q3-04 rapid voltage changes standard,https://app.bchydro.com/accounts-billing/electrical-connections/distribution-standards/LA-ES55-Q3-04-Rapid-Voltage-Changes.html,https://app.bchydro.com/content/dam/BCHydro/customer-portal/documents/distribution/standards/ds-ES55-Q3-04-Rapid-Voltage-Changes-R0.pdf,Linked through BC Hydro distribution standards page.
BCHYDRO-ES55-Q3-05,ES55 Q3-05,Voltage Flicker,BC Hydro,standard,Canada - British Columbia,BC Hydro power quality standards,current,Applies to customer emission limits for voltage flicker,BC Hydro ES55 Q3-05 voltage flicker standard,https://app.bchydro.com/accounts-billing/electrical-connections/distribution-standards/LA-ES55-Q3-05-Voltage-Flicker.html,https://app.bchydro.com/content/dam/BCHydro/customer-portal/documents/distribution/standards/ds-ES55-Q3-05-Voltage-Flicker-R0.pdf,Linked through BC Hydro distribution standards page.
BCHYDRO-ES55-Q3-07,ES55 Q3-07,Voltage Unbalance,BC Hydro,standard,Canada - British Columbia,BC Hydro power quality standards,current,Applies to customer emission limits for voltage unbalance,BC Hydro ES55 Q3-07 voltage unbalance standard,https://app.bchydro.com/accounts-billing/electrical-connections/distribution-standards/LA-ES55-Q3-07-Voltage-Unbalance.html,https://app.bchydro.com/content/dam/BCHydro/customer-portal/documents/distribution/standards/ds-ES55-Q3-07-Voltage-Unbalance-R0.pdf,Linked through BC Hydro distribution standards page.
BCHYDRO-ES55-Q4-04,ES55 Q4-04,Rapid Voltage Changes,BC Hydro,standard,Canada - British Columbia,BC Hydro power quality standards,current,Applies to immunity or compatibility assessment for rapid voltage changes,BC Hydro ES55 Q4-04 rapid voltage changes standard,https://app.bchydro.com/accounts-billing/electrical-connections/distribution-standards/LA-ES55-Q4-04-Rapid-Voltage-Changes.html,https://app.bchydro.com/content/dam/BCHydro/customer-portal/documents/distribution/standards/ds-ES55-Q4-04-Rapid-Voltage-Changes-R0.pdf,Linked through BC Hydro distribution standards page.
BCHYDRO-ES55-Q4-05,ES55 Q4-05,Voltage Flicker,BC Hydro,standard,Canada - British Columbia,BC Hydro power quality standards,current,Applies to immunity or compatibility assessment for voltage flicker,BC Hydro ES55 Q4-05 voltage flicker standard,https://app.bchydro.com/accounts-billing/electrical-connections/distribution-standards/LA-ES55-Q4-05-Voltage-Flicker.html,https://app.bchydro.com/content/dam/BCHydro/customer-portal/documents/distribution/standards/ds-ES55-Q4-05-Voltage-Flicker-R0.pdf,Linked through BC Hydro distribution standards page.
BCHYDRO-ES55-Q4-07,ES55 Q4-07,Voltage Unbalance,BC Hydro,standard,Canada - British Columbia,BC Hydro power quality standards,current,Applies to immunity or compatibility assessment for voltage unbalance,BC Hydro ES55 Q4-07 voltage unbalance standard,https://app.bchydro.com/accounts-billing/electrical-connections/distribution-standards/LA-ES55-Q4-07-Voltage-Unbalance.html,https://app.bchydro.com/content/dam/BCHydro/customer-portal/documents/distribution/standards/ds-ES55-Q4-07-Voltage-Unbalance-R0.pdf,Linked through BC Hydro distribution standards page.
BCHYDRO-ES55-Q4-09,ES55 Q4-09,Current Harmonics,BC Hydro,standard,Canada - British Columbia,BC Hydro power quality standards,current,Applies to customer current harmonics at the distribution interface,BC Hydro ES55 Q4-09 current harmonics standard,https://app.bchydro.com/accounts-billing/electrical-connections/distribution-standards/LA-ES55-Q4-09-Current-Harmonics.html,https://app.bchydro.com/content/dam/BCHydro/customer-portal/documents/distribution/standards/ds-ES55-Q4-09-Current-Harmonics-R0.pdf,Linked through BC Hydro distribution standards page.
BCHYDRO-DGI-REQ,DGI Requirements,Distribution Generator Interconnection Requirements,BC Hydro,standard,Canada - British Columbia,BC Hydro distribution generator interconnection,current,Applies to generators interconnecting with the BC Hydro distribution system,BC Hydro technical requirements for distribution generator interconnections,https://app.bchydro.com/content/dam/BCHydro/customer-portal/documents/distribution/standards/ds-dgi-requirements.pdf,https://app.bchydro.com/content/dam/BCHydro/customer-portal/documents/distribution/standards/ds-dgi-requirements.pdf,Linked from BC Hydro distribution generator interconnection page.
BCHYDRO-DGI-100KW,DGI 100 kW and Below,100 kW and Below Distribution Generation Interconnection Requirements,BC Hydro,standard,Canada - British Columbia,BC Hydro distribution generator interconnection,current,Applies to smaller distribution generation projects at or below 100 kW,BC Hydro requirements for 100 kW and below distribution generation interconnections,https://app.bchydro.com/accounts-billing/electrical-connections/distribution-standards/LA-DGI-100kW-and-below-Requirements.html,https://app.bchydro.com/content/dam/BCHydro/customer-portal/documents/corporate/regulatory-planning-documents/integrated-resource-plans/current-plan/dgtir100.pdf,Linked from BC Hydro distribution standards page.
BCHYDRO-DGI-AMENDMENT-1,DGI Amendment 1,Distribution Generator Interconnection Requirements Amendment 1,BC Hydro,amendment,Canada - British Columbia,BC Hydro distribution generator interconnection,2015-10-15,Amends distribution generator interconnection requirements where applicable,BC Hydro Amendment 1 record for distribution generator interconnection requirements,https://app.bchydro.com/content/dam/BCHydro/customer-portal/documents/distribution/standards/ds-dgi-requirements-ammendment-1-20151015.pdf,https://app.bchydro.com/content/dam/BCHydro/customer-portal/documents/distribution/standards/ds-dgi-requirements-ammendment-1-20151015.pdf,Direct download linked from official BC Hydro Distribution Generator Interconnections source page.
BCHYDRO-DGI-ISLANDING,DGI Islanding Guidelines,Distribution Power Generator Islanding Guidelines,BC Hydro,guidance,Canada - British Columbia,BC Hydro distribution generator interconnection,current,Guidance for distribution generator islanding considerations,BC Hydro distribution power generator islanding guidelines,https://app.bchydro.com/content/dam/BCHydro/customer-portal/documents/distribution/standards/ds-dgi-distribution-power-generator-islanding-guidelines.pdf,https://app.bchydro.com/content/dam/BCHydro/customer-portal/documents/distribution/standards/ds-dgi-distribution-power-generator-islanding-guidelines.pdf,Direct download linked from official BC Hydro Distribution Generator Interconnections source page.
BCHYDRO-CTT-TIR,CTT Requirements,Closed Transition Transfer Interconnection Requirements,BC Hydro,standard,Canada - British Columbia,BC Hydro closed transition transfer interconnection,2024-03-20,Applies to closed transition transfer generator projects connecting to BC Hydro facilities,BC Hydro closed transition transfer technical interconnection requirements,https://app.bchydro.com/content/dam/BCHydro/customer-portal/documents/distribution/dgi/ctt-technical-interconnection-rqmts-2024mar20.pdf,https://app.bchydro.com/content/dam/BCHydro/customer-portal/documents/distribution/dgi/ctt-technical-interconnection-rqmts-2024mar20.pdf,Linked from BC Hydro distribution generator interconnection page.
BCHYDRO-TGI-TIR-60-500KV,TIR 60 kV to 500 kV,Technical Interconnection Requirements for Power Generators,BC Hydro,standard,Canada - British Columbia,BC Hydro transmission generator interconnection,current,Applies to power generator interconnections at 60 kV to 500 kV,BC Hydro technical interconnection requirements for transmission connected power generators,https://app.bchydro.com/content/dam/BCHydro/customer-portal/documents/transmission/tgi/60kv-500kv-TIR-for-power-generators.pdf,https://app.bchydro.com/content/dam/BCHydro/customer-portal/documents/transmission/tgi/60kv-500kv-TIR-for-power-generators.pdf,Linked from BC Hydro transmission generator interconnection page.
BCHYDRO-TGI-FACILITY-REQ-69-500KV,Transmission Facility Requirements 69 kV to 500 kV,Interconnection Requirements for Transmission Facilities,BC Hydro,standard,Canada - British Columbia,BC Hydro transmission facility interconnection,2013-09-10,Applies to transmission facility interconnections at 69 kV to 500 kV,BC Hydro interconnection requirements for transmission facilities,https://app.bchydro.com/content/dam/BCHydro/customer-portal/documents/transmission/tgi/studies/interconnection-requirements-for-transmission-facilities-2013-09-10.pdf,https://app.bchydro.com/content/dam/BCHydro/customer-portal/documents/transmission/tgi/studies/interconnection-requirements-for-transmission-facilities-2013-09-10.pdf,Linked from BC Hydro transmission generator interconnection page.
BCHYDRO-OATT-SGIP,Attachment M-1 SGIP,Standard Generator Interconnection Procedures including SGIA,BC Hydro,procedure,Canada - British Columbia,BC Hydro transmission generator interconnection,current,Procedures for generator interconnection under the BC Hydro OATT,BC Hydro OATT Attachment M-1 standard generator interconnection procedures and agreement,https://www.bchydro.com/content/dam/BCHydro/customer-portal/documents/corporate/tariff-filings/open-access-transmission-tariff/16-attachment-m1-oatt.pdf,https://www.bchydro.com/content/dam/BCHydro/customer-portal/documents/corporate/tariff-filings/open-access-transmission-tariff/16-attachment-m1-oatt.pdf,Linked from BC Hydro OATT and transmission generator interconnection pages.
BCHYDRO-OATT-ATTACHMENT-K,Attachment K,Transmission Planning Process,BC Hydro,procedure,Canada - British Columbia,BC Hydro transmission planning,current,Defines transmission planning process under the BC Hydro OATT,BC Hydro OATT Attachment K transmission planning process,https://www.bchydro.com/content/dam/BCHydro/customer-portal/documents/corporate/tariff-filings/open-access-transmission-tariff/attachment-k-transmission-planning-process.pdf,https://www.bchydro.com/content/dam/BCHydro/customer-portal/documents/corporate/tariff-filings/open-access-transmission-tariff/attachment-k-transmission-planning-process.pdf,Related business practices are tracked separately.
BCHYDRO-TRANSMISSION-STUDIES-GUIDE,Transmission System Studies Guide,Transmission System Studies Guide,BC Hydro,guidance,Canada - British Columbia,BC Hydro transmission planning,2014-11-07,Guidance for transmission system studies and planning support,BC Hydro transmission system studies guide referenced from transmission capital planning page,https://www.bchydro.com/content/dam/BCHydro/customer-portal/documents/corporate/regulatory-planning-documents/transmission-planning/transmission-system-studies-guide.pdf,https://www.bchydro.com/content/dam/BCHydro/customer-portal/documents/corporate/regulatory-planning-documents/transmission-planning/transmission-system-studies-guide.pdf,Guide is useful planning metadata but should be classified separately from binding tariff terms.
BCHYDRO-BES-FACILITY-RATINGS-METHODOLOGY,BES Facility Ratings Methodology,Bulk Electric System Facility Ratings Methodology,BC Hydro,methodology,Canada - British Columbia,BC Hydro transmission planning,current,Methodology reference for bulk electric system facility ratings,BC Hydro bulk electric system facility ratings methodology appendix,https://www.bchydro.com/content/dam/BCHydro/customer-portal/documents/corporate/regulatory-planning-documents/transmission-planning/appendix-1-bulk-electric-system.pdf,https://www.bchydro.com/content/dam/BCHydro/customer-portal/documents/corporate/regulatory-planning-documents/transmission-planning/appendix-1-bulk-electric-system.pdf,Linked from transmission capital planning page.
BCHYDRO-SOL-METHODOLOGY-PLANNING,SOL Methodology Planning Horizon,System Operating Limits Methodology for Planning Horizon,BC Hydro,methodology,Canada - British Columbia,BC Hydro transmission planning,2014-06-24,Methodology reference for system operating limits in the planning horizon,BC Hydro system operating limits methodology report for planning horizon,https://www.bchydro.com/content/dam/BCHydro/customer-portal/documents/corporate/regulatory-planning-documents/transmission-planning/appendix-3-system-operating-limits-methodology.pdf,https://www.bchydro.com/content/dam/BCHydro/customer-portal/documents/corporate/regulatory-planning-documents/transmission-planning/appendix-3-system-operating-limits-methodology.pdf,Linked from transmission capital planning page.
BCHYDRO-SOO-5T-10,SOO 5T-10,Ratings For All Transmission Circuits 60 kV Or Higher,BC Hydro,operating_order,Canada - British Columbia,BC Hydro system operating orders,current,Applies to transmission circuit ratings for circuits 60 kV or higher,BC Hydro system operating order for transmission circuit ratings,https://www.bchydro.com/content/dam/BCHydro/customer-portal/documents/corporate/suppliers/transmission-system/system_operating_orders/5T-10.pdf,https://www.bchydro.com/content/dam/BCHydro/customer-portal/documents/corporate/suppliers/transmission-system/system_operating_orders/5T-10.pdf,Linked from BC Hydro system operating orders page.
BCHYDRO-SOO-5T-14,SOO 5T-14,Ratings for All Transmission and Distribution Transformers,BC Hydro,operating_order,Canada - British Columbia,BC Hydro system operating orders,current,Applies to transmission and distribution transformer ratings,BC Hydro system operating order for transformer ratings,https://www.bchydro.com/content/dam/BCHydro/customer-portal/documents/corporate/suppliers/transmission-system/system_operating_orders/5T-14.pdf,https://www.bchydro.com/content/dam/BCHydro/customer-portal/documents/corporate/suppliers/transmission-system/system_operating_orders/5T-14.pdf,BC Hydro source page has a minor spelling typo in the displayed title.
BCHYDRO-SOO-7T-22,SOO 7T-22,System Voltage Control,BC Hydro,operating_order,Canada - British Columbia,BC Hydro system operating orders,current,Applies to transmission system voltage control,BC Hydro system operating order for system voltage control,https://www.bchydro.com/content/dam/BCHydro/customer-portal/documents/corporate/suppliers/transmission-system/system_operating_orders/7T-22.pdf,https://www.bchydro.com/content/dam/BCHydro/customer-portal/documents/corporate/suppliers/transmission-system/system_operating_orders/7T-22.pdf,Linked from BC Hydro system operating orders page.
BCHYDRO-SOO-7T-17,SOO 7T-17,BC - Alberta Interconnection,BC Hydro,operating_order,Canada - British Columbia,BC Hydro system operating orders,current,Applies to the BC and Alberta interconnection,BC Hydro system operating order for the BC Alberta interconnection,https://www.bchydro.com/content/dam/BCHydro/customer-portal/documents/corporate/suppliers/transmission-system/system_operating_orders/7T-17.pdf,https://www.bchydro.com/content/dam/BCHydro/customer-portal/documents/corporate/suppliers/transmission-system/system_operating_orders/7T-17.pdf,Linked from BC Hydro system operating orders page.
BCHYDRO-SOO-7T-18,SOO 7T-18,BC - US Interconnection,BC Hydro,operating_order,Canada - British Columbia,BC Hydro system operating orders,current,Applies to the BC and United States interconnection,BC Hydro system operating order for the BC US interconnection,https://www.bchydro.com/content/dam/BCHydro/customer-portal/documents/corporate/suppliers/transmission-system/system_operating_orders/7T-18.pdf,https://www.bchydro.com/content/dam/BCHydro/customer-portal/documents/corporate/suppliers/transmission-system/system_operating_orders/7T-18.pdf,Linked from BC Hydro system operating orders page.
BCHYDRO-DGI-AMENDMENT-2-CTT-SHORE-POWER,DGI Amendment 2,Distribution Generator Interconnection Requirements Amendment 2 - CTT Shore Power,BC Hydro,amendment,Canada - British Columbia,BC Hydro closed transition transfer interconnection,2017-07-17,BC Hydro interconnection requirement where applicable,BC Hydro record for Distribution Generator Interconnection Requirements Amendment 2 - CTT Shore Power.,https://app.bchydro.com/content/dam/BCHydro/customer-portal/documents/distribution/dgi/ds-dgi-requirements-ammendment-2-2017-07-18.pdf,https://app.bchydro.com/content/dam/BCHydro/customer-portal/documents/distribution/dgi/ds-dgi-requirements-ammendment-2-2017-07-18.pdf,Direct download linked from official BC Hydro Distribution Generator Interconnections source page.
BCHYDRO-BASIC-DISTRIBUTION-SYSTEM-INFORMATION-REQUEST-APPLICATION,Basic Distribution System Information Request Application,Basic Distribution System Information Request Application,BC Hydro,form,Canada - British Columbia,BC Hydro distribution generator interconnection,current,Supporting workflow or guidance document,BC Hydro record for Basic Distribution System Information Request Application.,https://app.bchydro.com/content/dam/BCHydro/customer-portal/documents/distribution/dgi/dgi-basic-distribution-system-information-request-application.pdf,https://app.bchydro.com/content/dam/BCHydro/customer-portal/documents/distribution/dgi/dgi-basic-distribution-system-information-request-application.pdf,Extracted from official BC Hydro Distribution Generator Interconnections source page.
BCHYDRO-BASIC-DISTRIBUTION-SYSTEM-INFORMATION-REQUEST-FACT,Basic Distribution System Information Request Fact,Basic Distribution System Information Request Fact Sheet,BC Hydro,form,Canada - British Columbia,BC Hydro distribution generator interconnection,current,Supporting workflow or guidance document,BC Hydro record for Basic Distribution System Information Request Fact Sheet.,https://app.bchydro.com/content/dam/BCHydro/customer-portal/documents/distribution/dgi/dgi-basic-distribution-system-information-fact-sheet.pdf,https://app.bchydro.com/content/dam/BCHydro/customer-portal/documents/distribution/dgi/dgi-basic-distribution-system-information-fact-sheet.pdf,Extracted from official BC Hydro Distribution Generator Interconnections source page.
BCHYDRO-COMMUNITY-GENERATION-APPLICATION-FORM,Community Generation Application Form,Community Generation Application Form,BC Hydro,form,Canada - British Columbia,BC Hydro distribution generator interconnection,current,Supporting workflow or guidance document,BC Hydro record for Community Generation Application Form.,https://app.bchydro.com/content/dam/BCHydro/customer-portal/documents/corporate/regulatory-planning-documents/integrated-resource-plans/current-plan/community-generation-application-form.pdf,https://app.bchydro.com/content/dam/BCHydro/customer-portal/documents/corporate/regulatory-planning-documents/integrated-resource-plans/current-plan/community-generation-application-form.pdf,Extracted from official BC Hydro Distribution Generator Interconnections source page.
BCHYDRO-CTT-APPLICATION,CTT application,CTT application,BC Hydro,form,Canada - British Columbia,BC Hydro closed transition transfer interconnection,current,Supporting workflow or guidance document,BC Hydro record for CTT application.,https://app.bchydro.com/content/dam/BCHydro/customer-portal/documents/distribution/dgi/DGI-CTT-Application-Form.pdf,https://app.bchydro.com/content/dam/BCHydro/customer-portal/documents/distribution/dgi/DGI-CTT-Application-Form.pdf,Extracted from official BC Hydro Distribution Generator Interconnections source page.
BCHYDRO-CTT-APPLICATION-REQUIREMENT-CHECKLIST-1-CERTIFIED,CTT application requirement checklist 1: Certified,CTT application requirement checklist 1: Certified Momentary CTT,BC Hydro,checklist,Canada - British Columbia,BC Hydro closed transition transfer interconnection,current,Supporting workflow or guidance document,BC Hydro record for CTT application requirement checklist 1: Certified Momentary CTT.,https://app.bchydro.com/content/dam/BCHydro/customer-portal/documents/corporate/independent-power-producers-calls-for-power/distribution-generator-interconnections/ctt-app-checklist1-certified-momentary-oct2023.pdf,https://app.bchydro.com/content/dam/BCHydro/customer-portal/documents/corporate/independent-power-producers-calls-for-power/distribution-generator-interconnections/ctt-app-checklist1-certified-momentary-oct2023.pdf,Extracted from official BC Hydro Distribution Generator Interconnections source page.
BCHYDRO-CTT-APPLICATION-REQUIREMENT-CHECKLIST-2-EXTENDED,CTT application requirement checklist 2: Extended,CTT application requirement checklist 2: Extended CTT System,BC Hydro,checklist,Canada - British Columbia,BC Hydro closed transition transfer interconnection,current,Supporting workflow or guidance document,BC Hydro record for CTT application requirement checklist 2: Extended CTT System.,https://app.bchydro.com/content/dam/BCHydro/customer-portal/documents/corporate/independent-power-producers-calls-for-power/distribution-generator-interconnections/ctt-app-checklist2-extended-oct2023.pdf,https://app.bchydro.com/content/dam/BCHydro/customer-portal/documents/corporate/independent-power-producers-calls-for-power/distribution-generator-interconnections/ctt-app-checklist2-extended-oct2023.pdf,Extracted from official BC Hydro Distribution Generator Interconnections source page.
BCHYDRO-CTT-APPLICATION-REQUIREMENT-CHECKLIST-3-SHORE,CTT application requirement checklist 3: Shore,CTT application requirement checklist 3: Shore Power CTT System,BC Hydro,checklist,Canada - British Columbia,BC Hydro closed transition transfer interconnection,current,Supporting workflow or guidance document,BC Hydro record for CTT application requirement checklist 3: Shore Power CTT System.,https://app.bchydro.com/content/dam/BCHydro/customer-portal/documents/corporate/independent-power-producers-calls-for-power/distribution-generator-interconnections/ctt-app-checklist3-shore-power-oct2023.pdf,https://app.bchydro.com/content/dam/BCHydro/customer-portal/documents/corporate/independent-power-producers-calls-for-power/distribution-generator-interconnections/ctt-app-checklist3-shore-power-oct2023.pdf,Extracted from official BC Hydro Distribution Generator Interconnections source page.
BCHYDRO-CTT-PROCESS-FLOWCHART,CTT process flowchart,CTT process flowchart,BC Hydro,guidance,Canada - British Columbia,BC Hydro closed transition transfer interconnection,current,Supporting workflow or guidance document,BC Hydro record for CTT process flowchart.,https://app.bchydro.com/content/dam/BCHydro/customer-portal/documents/corporate/independent-power-producers-calls-for-power/distribution-generator-interconnections/CTT-Process-Flowchart-201606.pdf,https://app.bchydro.com/content/dam/BCHydro/customer-portal/documents/corporate/independent-power-producers-calls-for-power/distribution-generator-interconnections/CTT-Process-Flowchart-201606.pdf,Extracted from official BC Hydro Distribution Generator Interconnections source page.
BCHYDRO-CTT-PROJECTS-FACT-SHEET,CTT projects fact sheet,CTT projects fact sheet,BC Hydro,fact_sheet,Canada - British Columbia,BC Hydro closed transition transfer interconnection,current,Supporting workflow or guidance document,BC Hydro record for CTT projects fact sheet.,https://app.bchydro.com/content/dam/BCHydro/customer-portal/documents/corporate/independent-power-producers-calls-for-power/distribution-generator-interconnections/ctt-fact-sheet-Oct2023.pdf,https://app.bchydro.com/content/dam/BCHydro/customer-portal/documents/corporate/independent-power-producers-calls-for-power/distribution-generator-interconnections/ctt-fact-sheet-Oct2023.pdf,Extracted from official BC Hydro Distribution Generator Interconnections source page.
BCHYDRO-DISTRIBUTION-GENERATOR-INTERCONNECTION-AGREEMENT,Distribution Generator Interconnection Agreement,Distribution Generator Interconnection Agreement,BC Hydro,agreement,Canada - British Columbia,BC Hydro distribution generator interconnection,current,BC Hydro interconnection requirement where applicable,BC Hydro record for Distribution Generator Interconnection Agreement.,https://app.bchydro.com/content/dam/BCHydro/customer-portal/documents/corporate/independent-power-producers-calls-for-power/distribution-generator-interconnections/distribution-generator-interconnection-agreement.pdf,https://app.bchydro.com/content/dam/BCHydro/customer-portal/documents/corporate/independent-power-producers-calls-for-power/distribution-generator-interconnections/distribution-generator-interconnection-agreement.pdf,Extracted from official BC Hydro Distribution Generator Interconnections source page.
BCHYDRO-DISTRIBUTION-GENERATOR-INTERCONNECTION-DATA-FORM-35,Distribution Generator Interconnection Data Form 35,Distribution Generator Interconnection Data Form 35 kV and Less,BC Hydro,form,Canada - British Columbia,BC Hydro distribution generator interconnection,current,Supporting workflow or guidance document,BC Hydro record for Distribution Generator Interconnection Data Form 35 kV and Less.,https://app.bchydro.com/content/dam/BCHydro/customer-portal/documents/corporate/independent-power-producers-calls-for-power/distribution-generator-interconnections/distribution-generator-interconnection-data-form-35kv-less.xlsm,https://app.bchydro.com/content/dam/BCHydro/customer-portal/documents/corporate/independent-power-producers-calls-for-power/distribution-generator-interconnections/distribution-generator-interconnection-data-form-35kv-less.xlsm,Extracted from official BC Hydro Distribution Generator Interconnections source page.
BCHYDRO-FACILITIES-STUDY-AGREEMENT-TEMPLATE,Facilities Study Agreement Template,Facilities Study Agreement Template,BC Hydro,agreement,Canada - British Columbia,BC Hydro distribution generator interconnection,current,BC Hydro interconnection requirement where applicable,BC Hydro record for Facilities Study Agreement Template.,https://app.bchydro.com/content/dam/BCHydro/customer-portal/documents/corporate/independent-power-producers-calls-for-power/distribution-generator-interconnections/application-facilities-study-agrement-template.pdf,https://app.bchydro.com/content/dam/BCHydro/customer-portal/documents/corporate/independent-power-producers-calls-for-power/distribution-generator-interconnections/application-facilities-study-agrement-template.pdf,Extracted from official BC Hydro Distribution Generator Interconnections source page.
BCHYDRO-FACILITIES-STUDY-FACT-SHEET,Facilities Study Fact Sheet,Facilities Study Fact Sheet,BC Hydro,fact_sheet,Canada - British Columbia,BC Hydro distribution generator interconnection,current,Supporting workflow or guidance document,BC Hydro record for Facilities Study Fact Sheet.,https://app.bchydro.com/content/dam/BCHydro/customer-portal/documents/distribution/dgi/dgi-facilities-study-fact-sheet.pdf,https://app.bchydro.com/content/dam/BCHydro/customer-portal/documents/distribution/dgi/dgi-facilities-study-fact-sheet.pdf,Extracted from official BC Hydro Distribution Generator Interconnections source page.
BCHYDRO-FIRST-NATIONS-ELECTRICITY-PROGRAM-APPLICATION-FORM,First Nations Electricity Program Application Form,First Nations Electricity Program Application Form,BC Hydro,form,Canada - British Columbia,BC Hydro distribution generator interconnection,current,Supporting workflow or guidance document,BC Hydro record for First Nations Electricity Program Application Form.,https://app.bchydro.com/content/dam/BCHydro/customer-portal/documents/corporate/regulatory-planning-documents/integrated-resource-plans/current-plan/first-nations-electricity-program-application-form.pdf,https://app.bchydro.com/content/dam/BCHydro/customer-portal/documents/corporate/regulatory-planning-documents/integrated-resource-plans/current-plan/first-nations-electricity-program-application-form.pdf,Extracted from official BC Hydro Distribution Generator Interconnections source page.
BCHYDRO-FIRST-NATIONS-ELECTRICITY-PROGRAM-FACT-SHEET,First Nations Electricity Program Fact Sheet,First Nations Electricity Program Fact Sheet,BC Hydro,fact_sheet,Canada - British Columbia,BC Hydro distribution generator interconnection,current,Supporting workflow or guidance document,BC Hydro record for First Nations Electricity Program Fact Sheet.,https://app.bchydro.com/content/dam/BCHydro/customer-portal/documents/corporate/regulatory-planning-documents/integrated-resource-plans/current-plan/first-nations-electricity-program-fact-sheet.pdf,https://app.bchydro.com/content/dam/BCHydro/customer-portal/documents/corporate/regulatory-planning-documents/integrated-resource-plans/current-plan/first-nations-electricity-program-fact-sheet.pdf,Extracted from official BC Hydro Distribution Generator Interconnections source page.
BCHYDRO-SAMPLE-SLD-FOR-CERTIFIED-MOMENTARY-CTT,Sample SLD for Certified Momentary CTT,Sample SLD for Certified Momentary CTT,BC Hydro,sample_drawing,Canada - British Columbia,BC Hydro closed transition transfer interconnection,current,Supporting workflow or guidance document,BC Hydro record for Sample SLD for Certified Momentary CTT.,https://app.bchydro.com/content/dam/BCHydro/customer-portal/documents/corporate/independent-power-producers-calls-for-power/distribution-generator-interconnections/CTT-Sample-SLD-Certified-Momentary-Watermark.pdf,https://app.bchydro.com/content/dam/BCHydro/customer-portal/documents/corporate/independent-power-producers-calls-for-power/distribution-generator-interconnections/CTT-Sample-SLD-Certified-Momentary-Watermark.pdf,Extracted from official BC Hydro Distribution Generator Interconnections source page.
BCHYDRO-SAMPLE-SLD-FOR-EXTENDED-CTT,Sample SLD for Extended CTT,Sample SLD for Extended CTT,BC Hydro,sample_drawing,Canada - British Columbia,BC Hydro closed transition transfer interconnection,current,Supporting workflow or guidance document,BC Hydro record for Sample SLD for Extended CTT.,https://app.bchydro.com/content/dam/BCHydro/customer-portal/documents/corporate/independent-power-producers-calls-for-power/distribution-generator-interconnections/CTT-Sample-SLD-Extended.pdf,https://app.bchydro.com/content/dam/BCHydro/customer-portal/documents/corporate/independent-power-producers-calls-for-power/distribution-generator-interconnections/CTT-Sample-SLD-Extended.pdf,Extracted from official BC Hydro Distribution Generator Interconnections source page.
BCHYDRO-SCREENING-STUDY-APPLICATION-FORM,Screening Study Application Form,Screening Study Application Form,BC Hydro,form,Canada - British Columbia,BC Hydro distribution generator interconnection,current,Supporting workflow or guidance document,BC Hydro record for Screening Study Application Form.,https://app.bchydro.com/content/dam/BCHydro/customer-portal/documents/distribution/dgi/dgi-screening-study-application-form.pdf,https://app.bchydro.com/content/dam/BCHydro/customer-portal/documents/distribution/dgi/dgi-screening-study-application-form.pdf,Extracted from official BC Hydro Distribution Generator Interconnections source page.
BCHYDRO-SCREENING-STUDY-FACT-SHEET,Screening Study Fact Sheet,Screening Study Fact Sheet,BC Hydro,fact_sheet,Canada - British Columbia,BC Hydro distribution generator interconnection,current,Supporting workflow or guidance document,BC Hydro record for Screening Study Fact Sheet.,https://app.bchydro.com/content/dam/BCHydro/customer-portal/documents/distribution/dgi/Screening-Study-Fact-Sheet-(09-2016%20R6).pdf,https://app.bchydro.com/content/dam/BCHydro/customer-portal/documents/distribution/dgi/Screening-Study-Fact-Sheet-(09-2016%20R6).pdf,Extracted from official BC Hydro Distribution Generator Interconnections source page.
BCHYDRO-SYSTEM-IMPACT-DATA-FORM-FOR-NON-INTEGRATED,System Impact Data Form for Non-Integrated,System Impact Data Form for Non-Integrated Area GHG Reduction,BC Hydro,form,Canada - British Columbia,BC Hydro distribution generator interconnection,current,Supporting workflow or guidance document,BC Hydro record for System Impact Data Form for Non-Integrated Area GHG Reduction.,https://app.bchydro.com/content/dam/BCHydro/customer-portal/documents/distribution/dgi/dgi-system-impact-data-form-non-integrated-area.pdf,https://app.bchydro.com/content/dam/BCHydro/customer-portal/documents/distribution/dgi/dgi-system-impact-data-form-non-integrated-area.pdf,Extracted from official BC Hydro Distribution Generator Interconnections source page.
BCHYDRO-SYSTEM-IMPACT-STUDY-AGREEMENT,System Impact Study Agreement,System Impact Study Agreement,BC Hydro,agreement,Canada - British Columbia,BC Hydro distribution generator interconnection,current,BC Hydro interconnection requirement where applicable,BC Hydro record for System Impact Study Agreement.,https://app.bchydro.com/content/dam/BCHydro/customer-portal/documents/corporate/independent-power-producers-calls-for-power/distribution-generator-interconnections/application-agreement-system-impact-study.pdf,https://app.bchydro.com/content/dam/BCHydro/customer-portal/documents/corporate/independent-power-producers-calls-for-power/distribution-generator-interconnections/application-agreement-system-impact-study.pdf,Extracted from official BC Hydro Distribution Generator Interconnections source page.
BCHYDRO-SYSTEM-IMPACT-STUDY-FACT-SHEET,System Impact Study Fact Sheet,System Impact Study Fact Sheet,BC Hydro,fact_sheet,Canada - British Columbia,BC Hydro distribution generator interconnection,current,Supporting workflow or guidance document,BC Hydro record for System Impact Study Fact Sheet.,https://app.bchydro.com/content/dam/BCHydro/customer-portal/documents/distribution/dgi/dgi-system-impact-study-fact-sheet.pdf,https://app.bchydro.com/content/dam/BCHydro/customer-portal/documents/distribution/dgi/dgi-system-impact-study-fact-sheet.pdf,Extracted from official BC Hydro Distribution Generator Interconnections source page.
BCHYDRO-ADVISORY-NOTICE,advisory notice,advisory notice,BC Hydro,standard,Canada - British Columbia,BC Hydro distribution technical publications,current,BC Hydro requirement or reference where applicable,BC Hydro record for advisory notice.,https://app.bchydro.com/content/dam/BCHydro/customer-portal/documents/distribution/standards/ds-rmr-advisory-multiple-occupancy-meter-requirements-and-resale-of-electricity.pdf,https://app.bchydro.com/content/dam/BCHydro/customer-portal/documents/distribution/standards/ds-rmr-advisory-multiple-occupancy-meter-requirements-and-resale-of-electricity.pdf,Extracted from official BC Hydro Distribution Technical Standards and Guides source page.
BCHYDRO-COWS-1322-R11,COWS 1322 R11,Construction of Underground Electrical Distribution Structures by a BC Hydro Contractor (No. 1322 R11),BC Hydro,work_specification,Canada - British Columbia,BC Hydro class of work specifications,R11,BC Hydro requirement or reference where applicable,BC Hydro record for Construction of Underground Electrical Distribution Structures by a BC Hydro Contractor (No. 1322 R11).,https://app.bchydro.com/accounts-billing/electrical-connections/distribution-standards/LA-COWS-Construction-of-Underground-Electrical-Distribution-Structures-BC-Hydro-Contractor-No1322.html,https://app.bchydro.com/content/dam/BCHydro/customer-portal/documents/distribution/standards/ds-COWS-1322.pdf,Extracted from official BC Hydro Distribution Technical Standards and Guides source page.
BCHYDRO-COWS-1323-R10,COWS 1323 R10,Construction of Underground Electrical Distribution Structures by a Customer (No. 1323 R10),BC Hydro,work_specification,Canada - British Columbia,BC Hydro class of work specifications,R10,BC Hydro requirement or reference where applicable,BC Hydro record for Construction of Underground Electrical Distribution Structures by a Customer (No. 1323 R10).,https://app.bchydro.com/accounts-billing/electrical-connections/distribution-standards/LA-COWS-construction-of-Underground-Electrical-Distribution-Structures-by-Customer-No1323.html,https://app.bchydro.com/content/dam/BCHydro/customer-portal/documents/distribution/standards/ds-COWS-1323.pdf,Extracted from official BC Hydro Distribution Technical Standards and Guides source page.
BCHYDRO-COWS-1326-R1,COWS 1326 R1,Duct Crossing of Bridges (No. 1326 R1),BC Hydro,work_specification,Canada - British Columbia,BC Hydro class of work specifications,R1,BC Hydro requirement or reference where applicable,BC Hydro record for Duct Crossing of Bridges (No. 1326 R1).,https://app.bchydro.com/accounts-billing/electrical-connections/distribution-standards/legal-cows-1326-r1.html,https://app.bchydro.com/content/dam/BCHydro/customer-portal/documents/distribution/standards/ds-cows-1326-r1.pdf,Extracted from official BC Hydro Distribution Technical Standards and Guides source page.
BCHYDRO-EATON-RCPM-200A-COMBINATION-METER-SOCKET,EATON RCPM 200A Combination Meter Socket,EATON RCPM 200A Combination Meter Socket and Loadcentre,BC Hydro,standard,Canada - British Columbia,BC Hydro revenue metering requirements,current,BC Hydro requirement or reference where applicable,BC Hydro record for EATON RCPM 200A Combination Meter Socket and Loadcentre.,https://app.bchydro.com/content/dam/BCHydro/customer-portal/documents/distribution/standards/RM2021102501-EATON-RCPM-200A-combination-meter-socket-and-loadcentre.pdf,https://app.bchydro.com/content/dam/BCHydro/customer-portal/documents/distribution/standards/RM2021102501-EATON-RCPM-200A-combination-meter-socket-and-loadcentre.pdf,Extracted from official BC Hydro Distribution Technical Standards and Guides source page.
BCHYDRO-ES43-N0,ES43 N0,ES43 N0 - Table of Contents,BC Hydro,standard,Canada - British Columbia,BC Hydro overhead distribution standards,current,BC Hydro requirement or reference where applicable,BC Hydro record for ES43 N0 - Table of Contents.,https://app.bchydro.com/accounts-billing/electrical-connections/distribution-standards/legal-ES43-N0-table-of-contents.html,https://app.bchydro.com/content/dam/BCHydro/customer-portal/documents/distribution/standards/ds-ES43-N0-table-of-contents.pdf,Extracted from official BC Hydro Distribution Technical Standards and Guides source page.
BCHYDRO-ES43-N1,ES43 N1,ES43 N1 - General,BC Hydro,standard,Canada - British Columbia,BC Hydro overhead distribution standards,current,BC Hydro requirement or reference where applicable,BC Hydro record for ES43 N1 - General.,https://app.bchydro.com/accounts-billing/electrical-connections/distribution-standards/legal-ES43-N1-general.html,https://app.bchydro.com/content/dam/BCHydro/customer-portal/documents/distribution/standards/ds-ES43-N1-general-2012.pdf,Extracted from official BC Hydro Distribution Technical Standards and Guides source page.
BCHYDRO-ES43-N2,ES43 N2,ES43 N2 - Service Connections,BC Hydro,standard,Canada - British Columbia,BC Hydro overhead distribution standards,current,BC Hydro requirement or reference where applicable,BC Hydro record for ES43 N2 - Service Connections.,https://app.bchydro.com/accounts-billing/electrical-connections/distribution-standards/legal-ES43-N2-service-connections.html,https://app.bchydro.com/content/dam/BCHydro/customer-portal/documents/distribution/standards/ds-ES43-N2-service-connections.pdf,Extracted from official BC Hydro Distribution Technical Standards and Guides source page.
BCHYDRO-ES53-S0,ES53 S0,ES53 S0: Table of Contents,BC Hydro,standard,Canada - British Columbia,BC Hydro underground electrical standards,current,BC Hydro requirement or reference where applicable,BC Hydro record for ES53 S0: Table of Contents.,https://app.bchydro.com/accounts-billing/electrical-connections/distribution-standards/LA-ES53-S0-Table-of-Contents.html,https://app.bchydro.com/content/dam/BCHydro/customer-portal/documents/distribution/standards/ds-ES53-S0-table-of-contents.pdf,Extracted from official BC Hydro Distribution Technical Standards and Guides source page.
BCHYDRO-ES53-S1,ES53 S1,ES53 S1: Secondary Services Single Phase,BC Hydro,standard,Canada - British Columbia,BC Hydro underground electrical standards,current,BC Hydro requirement or reference where applicable,BC Hydro record for ES53 S1: Secondary Services Single Phase.,https://app.bchydro.com/accounts-billing/electrical-connections/distribution-standards/LA-ES53-S1-Secondary-Services-Single-Phase.html,https://app.bchydro.com/content/dam/BCHydro/customer-portal/documents/distribution/standards/ds-ES53-S1-01-R10-secondary-services-single-phase.pdf,Extracted from official BC Hydro Distribution Technical Standards and Guides source page.
BCHYDRO-ES53-S2,ES53 S2,ES53 S2: Secondary Services Three Phase,BC Hydro,standard,Canada - British Columbia,BC Hydro underground electrical standards,current,BC Hydro requirement or reference where applicable,BC Hydro record for ES53 S2: Secondary Services Three Phase.,https://app.bchydro.com/accounts-billing/electrical-connections/distribution-standards/LA-ES53-S2-Secondary-Services-Three-Phase.html,https://app.bchydro.com/content/dam/BCHydro/customer-portal/documents/distribution/standards/ds-ES53-S2-secondary-services-three-phase.pdf,Extracted from official BC Hydro Distribution Technical Standards and Guides source page.
BCHYDRO-ES53-S3,ES53 S3,ES53 S3: Primary Services,BC Hydro,standard,Canada - British Columbia,BC Hydro underground electrical standards,current,BC Hydro requirement or reference where applicable,BC Hydro record for ES53 S3: Primary Services.,https://app.bchydro.com/accounts-billing/electrical-connections/distribution-standards/LA-ES53-S3-Primary-Services.html,https://app.bchydro.com/content/dam/BCHydro/customer-portal/documents/distribution/standards/ds-ES53-S3-01-primary-services.pdf,Extracted from official BC Hydro Distribution Technical Standards and Guides source page.
BCHYDRO-ES53-S4,ES53 S4,ES53 S4: Legacy Daisy-Chain Street Lighting Services up to 50 A,BC Hydro,standard,Canada - British Columbia,BC Hydro underground electrical standards,current,BC Hydro requirement or reference where applicable,BC Hydro record for ES53 S4: Legacy Daisy-Chain Street Lighting Services up to 50 A.,https://app.bchydro.com/accounts-billing/electrical-connections/distribution-standards/legal-ES53-S4-legacy-daisy-chain-street-lighting-services.html,https://app.bchydro.com/content/dam/BCHydro/customer-portal/documents/distribution/standards/ds-es53-s4-legacy-daisy-chain-street-lighting-services.pdf,Extracted from official BC Hydro Distribution Technical Standards and Guides source page.
BCHYDRO-ES54-S0-01,ES54 S0-01,ES54 S0-01: Services - Table of Contents,BC Hydro,standard,Canada - British Columbia,BC Hydro underground civil standards,current,BC Hydro requirement or reference where applicable,BC Hydro record for ES54 S0-01: Services - Table of Contents.,https://app.bchydro.com/accounts-billing/electrical-connections/distribution-standards/LA-ES54-S0-01-services-table-of-contents.html,https://app.bchydro.com/content/dam/BCHydro/customer-portal/documents/distribution/standards/ds-ES54-S0-01-services-table-of-contents.pdf,Extracted from official BC Hydro Distribution Technical Standards and Guides source page.
BCHYDRO-ES54-S0-02,ES54 S0-02,ES54 S0-02: Services - General Notes,BC Hydro,standard,Canada - British Columbia,BC Hydro underground civil standards,current,BC Hydro requirement or reference where applicable,BC Hydro record for ES54 S0-02: Services - General Notes.,https://app.bchydro.com/accounts-billing/electrical-connections/distribution-standards/LA-ES54-S0-02-services-general-notes.html,https://app.bchydro.com/content/dam/BCHydro/customer-portal/documents/distribution/standards/ds-ES54-S0-02-services-general-notes.pdf,Extracted from official BC Hydro Distribution Technical Standards and Guides source page.
BCHYDRO-ES54-S0-03,ES54 S0-03,ES54 S0-03: Services - General Notes - Medium-Voltage (Primary) Services,BC Hydro,standard,Canada - British Columbia,BC Hydro underground civil standards,current,BC Hydro requirement or reference where applicable,BC Hydro record for ES54 S0-03: Services - General Notes - Medium-Voltage (Primary) Services.,https://app.bchydro.com/accounts-billing/electrical-connections/distribution-standards/LA-ES54-S0-03-services-general-notes-medium-voltage-primary.html,https://app.bchydro.com/content/dam/BCHydro/customer-portal/documents/distribution/standards/ds-ES54-S0-03-services-general-notes-medium-voltage-primary.pdf,Extracted from official BC Hydro Distribution Technical Standards and Guides source page.
BCHYDRO-ES54-S0-04,ES54 S0-04,ES54 S0-04: Secondary Services General Notes,BC Hydro,standard,Canada - British Columbia,BC Hydro underground civil standards,current,BC Hydro requirement or reference where applicable,BC Hydro record for ES54 S0-04: Secondary Services General Notes.,https://app.bchydro.com/accounts-billing/electrical-connections/distribution-standards/LA-ES54-S0-04-services-general-notes-secondary-services.html,https://app.bchydro.com/content/dam/BCHydro/customer-portal/documents/distribution/standards/ds-ES54-S0-04-secondary-services-general-notes.pdf,Extracted from official BC Hydro Distribution Technical Standards and Guides source page.
BCHYDRO-ES54-S0-05,ES54 S0-05,ES54 S0-05: General Notes Service Ducts and Trenches,BC Hydro,standard,Canada - British Columbia,BC Hydro underground civil standards,current,BC Hydro requirement or reference where applicable,BC Hydro record for ES54 S0-05: General Notes Service Ducts and Trenches.,https://app.bchydro.com/accounts-billing/electrical-connections/distribution-standards/LA-ES54-S0-05-general-notes-service-ducts-and-trenches.html,https://app.bchydro.com/content/dam/BCHydro/customer-portal/documents/distribution/standards/ds-ES54-S0-05-general-notes-service-ducts-and-trenches.pdf,Extracted from official BC Hydro Distribution Technical Standards and Guides source page.
BCHYDRO-ES54-S0-06,ES54 S0-06,ES54 S0-06: BC Hydro-Owned Equipment on Private Property General Notes,BC Hydro,standard,Canada - British Columbia,BC Hydro underground civil standards,current,BC Hydro requirement or reference where applicable,BC Hydro record for ES54 S0-06: BC Hydro-Owned Equipment on Private Property General Notes.,https://app.bchydro.com/accounts-billing/electrical-connections/distribution-standards/legal-ES54-s0-06-bchydro-owned-equipment.html,https://app.bchydro.com/content/dam/BCHydro/customer-portal/documents/distribution/standards/ds-ES54-section-s0-06-bchydro-owned-equipment.pdf,Extracted from official BC Hydro Distribution Technical Standards and Guides source page.
BCHYDRO-ES54-S1-01,ES54 S1-01,ES54 S1-01: Secondary Single-Phase Services - 200 A Single and 400 A Multiple Self-Contained Meter Installation,BC Hydro,standard,Canada - British Columbia,BC Hydro underground civil standards,current,BC Hydro requirement or reference where applicable,BC Hydro record for ES54 S1-01: Secondary Single-Phase Services - 200 A Single and 400 A Multiple Self-Contained Meter Installation.,https://app.bchydro.com/accounts-billing/electrical-connections/distribution-standards/disclaimer-es54-section-s1-01.html,https://app.bchydro.com/content/dam/BCHydro/customer-portal/documents/distribution/standards/ds-ES54-section-s1-01.pdf,Extracted from official BC Hydro Distribution Technical Standards and Guides source page.
BCHYDRO-ES54-S1-02,ES54 S1-02,ES54 S1-02: Secondary Single-Phase Services 320 A Self-Contained Meter Installation,BC Hydro,standard,Canada - British Columbia,BC Hydro underground civil standards,current,BC Hydro requirement or reference where applicable,BC Hydro record for ES54 S1-02: Secondary Single-Phase Services 320 A Self-Contained Meter Installation.,https://app.bchydro.com/accounts-billing/electrical-connections/distribution-standards/LA-ES54-S1-02-secondary-single-phase-services-320A.html,https://app.bchydro.com/content/dam/BCHydro/customer-portal/documents/distribution/standards/ds-ES54-S1-02-secondary-single-phase-services-320A.pdf,Extracted from official BC Hydro Distribution Technical Standards and Guides source page.
BCHYDRO-ES54-S1-03,ES54 S1-03,ES54 S1-03: Secondary Single-Phase Services - 400 A and 600 A CT-Based Meter Installation,BC Hydro,standard,Canada - British Columbia,BC Hydro underground civil standards,current,BC Hydro requirement or reference where applicable,BC Hydro record for ES54 S1-03: Secondary Single-Phase Services - 400 A and 600 A CT-Based Meter Installation.,https://app.bchydro.com/accounts-billing/electrical-connections/distribution-standards/LA-ES54-S1-03-secondary-single-phase-services-400A-and-600A-ct-based.html,https://app.bchydro.com/content/dam/BCHydro/customer-portal/documents/distribution/standards/ds-ES54-S1-03-secondary-single-phase-services-400A-and-600A-ct-based.pdf,Extracted from official BC Hydro Distribution Technical Standards and Guides source page.
BCHYDRO-ES54-S1-04,ES54 S1-04,"ES54 S1-04: Secondary Single-Phase Services - 200 A to 600 A Pad-Mounted Kiosk and Pedestal, Self-Contained and CT-Based Meter Installation",BC Hydro,standard,Canada - British Columbia,BC Hydro underground civil standards,current,BC Hydro requirement or reference where applicable,"BC Hydro record for ES54 S1-04: Secondary Single-Phase Services - 200 A to 600 A Pad-Mounted Kiosk and Pedestal, Self-Contained and CT-Based Meter Installation.",https://app.bchydro.com/accounts-billing/electrical-connections/distribution-standards/LA-ES54-S1-04-secondary-single-phase-services-200A-to-600A-pad-mounted-kiosk.html,https://app.bchydro.com/content/dam/BCHydro/customer-portal/documents/distribution/standards/ds-ES54-S1-04-secondary-single-phase-services-200A-to-600A-pad-mounted-kiosk.pdf,Extracted from official BC Hydro Distribution Technical Standards and Guides source page.
BCHYDRO-ES54-S2-01,ES54 S2-01,ES54 S2-01: Secondary Three-Phase Services 120-208 V and 347-600 V up to 1600 A Private Property Installation,BC Hydro,standard,Canada - British Columbia,BC Hydro underground civil standards,current,BC Hydro requirement or reference where applicable,BC Hydro record for ES54 S2-01: Secondary Three-Phase Services 120-208 V and 347-600 V up to 1600 A Private Property Installation.,https://app.bchydro.com/accounts-billing/electrical-connections/distribution-standards/LA-ES54-S2-01-secondary-three-phase-services-120-208V-and-347-600V-to-1600A.html,https://app.bchydro.com/content/dam/BCHydro/customer-portal/documents/distribution/standards/ds-ES54-S2-01-secondary-three-phase-services-120-208V-and-347-600V-up-to-1600A.pdf,Extracted from official BC Hydro Distribution Technical Standards and Guides source page.
BCHYDRO-ES54-S2-02,ES54 S2-02,ES54 S2-02: Secondary Three Phase Dip Services up to 800A,BC Hydro,standard,Canada - British Columbia,BC Hydro underground civil standards,current,BC Hydro requirement or reference where applicable,BC Hydro record for ES54 S2-02: Secondary Three Phase Dip Services up to 800A.,https://app.bchydro.com/accounts-billing/electrical-connections/distribution-standards/LA-ES54-S2-02-secondary-three-phase-dip-services-to-800A.html,https://app.bchydro.com/content/dam/BCHydro/customer-portal/documents/distribution/standards/ds-ES54-S2-02-secondary-three-phase-dip-services-up-to-800A.pdf,Extracted from official BC Hydro Distribution Technical Standards and Guides source page.
BCHYDRO-ES54-S3-01,ES54 S3-01,ES54 S3-01: Primary Services Dead-Front Outdoor Kiosk Private Property Installation,BC Hydro,standard,Canada - British Columbia,BC Hydro underground civil standards,current,BC Hydro requirement or reference where applicable,BC Hydro record for ES54 S3-01: Primary Services Dead-Front Outdoor Kiosk Private Property Installation.,https://app.bchydro.com/accounts-billing/electrical-connections/distribution-standards/LA-ES54-S3-01-primary-services-deadfront-outdoor-kiosk.html,https://app.bchydro.com/content/dam/BCHydro/customer-portal/documents/distribution/standards/ds-ES54-S3-01-primary-services-deadfront-outdoor-kiosk.pdf,Extracted from official BC Hydro Distribution Technical Standards and Guides source page.
BCHYDRO-ES54-S3-02,ES54 S3-02,ES54 S3-02: Primary Services Live-Front Outdoor Kiosk Private Property Installation,BC Hydro,standard,Canada - British Columbia,BC Hydro underground civil standards,current,BC Hydro requirement or reference where applicable,BC Hydro record for ES54 S3-02: Primary Services Live-Front Outdoor Kiosk Private Property Installation.,https://app.bchydro.com/accounts-billing/electrical-connections/distribution-standards/LA-ES54-S3-02-primary-services-live-front-outdoor-kiosk.html,https://app.bchydro.com/content/dam/BCHydro/customer-portal/documents/distribution/standards/ds-ES54-S3-02-primary-services-live-front-outdoor-kiosk.pdf,Extracted from official BC Hydro Distribution Technical Standards and Guides source page.
BCHYDRO-ES54-S3-03,ES54 S3-03,ES54 S3-03: Primary Services Indoor Switchgear Private Property Installation,BC Hydro,standard,Canada - British Columbia,BC Hydro underground civil standards,current,BC Hydro requirement or reference where applicable,BC Hydro record for ES54 S3-03: Primary Services Indoor Switchgear Private Property Installation.,https://app.bchydro.com/accounts-billing/electrical-connections/distribution-standards/LA-ES54-S3-03-primary-services-live-front-indoor-switchgear.html,https://app.bchydro.com/content/dam/BCHydro/customer-portal/documents/distribution/standards/ds-ES54-S3-03-primary-services-live-front-indoor-switchgear.pdf,Extracted from official BC Hydro Distribution Technical Standards and Guides source page.
BCHYDRO-ES54-S3-04,ES54 S3-04,ES54 S3-04: Primary Services - Service Duct to Rear Yard,BC Hydro,standard,Canada - British Columbia,BC Hydro underground civil standards,current,BC Hydro requirement or reference where applicable,BC Hydro record for ES54 S3-04: Primary Services - Service Duct to Rear Yard.,https://app.bchydro.com/accounts-billing/electrical-connections/distribution-standards/LA-ES54-S3-04-primary-services-service-duct-to-rear-yard.html,https://app.bchydro.com/content/dam/BCHydro/customer-portal/documents/distribution/standards/ds-ES54-S3-04-primary-services-service-duct-to-rear-yard.pdf,Extracted from official BC Hydro Distribution Technical Standards and Guides source page.
BCHYDRO-ES54-S4-01,ES54 S4-01,ES54 S4-01: Unmetered Street Lighting Services Public Property,BC Hydro,standard,Canada - British Columbia,BC Hydro underground civil standards,current,BC Hydro requirement or reference where applicable,BC Hydro record for ES54 S4-01: Unmetered Street Lighting Services Public Property.,https://app.bchydro.com/accounts-billing/electrical-connections/distribution-standards/legal-ES54-s4-01-unmetered-street-lighting-services.html,https://app.bchydro.com/content/dam/BCHydro/customer-portal/documents/distribution/standards/ds-es54-s4-01-unmetered-street-lighting-services.pdf,Extracted from official BC Hydro Distribution Technical Standards and Guides source page.
BCHYDRO-ES54-S6-01,ES54 S6-01,ES54 S6-01: Over-Pad Above-Ground Outdoor Switchgear Installation,BC Hydro,standard,Canada - British Columbia,BC Hydro underground civil standards,current,BC Hydro requirement or reference where applicable,BC Hydro record for ES54 S6-01: Over-Pad Above-Ground Outdoor Switchgear Installation.,https://app.bchydro.com/accounts-billing/electrical-connections/distribution-standards/legal-ES54-s6-01-over-pad-above-ground-outdoor.html,https://app.bchydro.com/content/dam/BCHydro/customer-portal/documents/distribution/standards/ds-ES54-section-s6-01-over-pad-above-ground-outdoor.pdf,Extracted from official BC Hydro Distribution Technical Standards and Guides source page.
BCHYDRO-ES54-S6-02,ES54 S6-02,ES54 S6-02: In-Vault Below-Ground Outdoor Switchgear Installation,BC Hydro,standard,Canada - British Columbia,BC Hydro underground civil standards,current,BC Hydro requirement or reference where applicable,BC Hydro record for ES54 S6-02: In-Vault Below-Ground Outdoor Switchgear Installation.,https://app.bchydro.com/accounts-billing/electrical-connections/distribution-standards/legal-ES54-s6-02-in-vault-below-ground-outdoor.html,https://app.bchydro.com/content/dam/BCHydro/customer-portal/documents/distribution/standards/ds-ES54-section-s6-02-in-vault-below-ground-outdoor.pdf,Extracted from official BC Hydro Distribution Technical Standards and Guides source page.
BCHYDRO-ES54-U,ES54 U,ES54 U - Engineering,BC Hydro,standard,Canada - British Columbia,BC Hydro underground civil standards,current,BC Hydro requirement or reference where applicable,BC Hydro record for ES54 U - Engineering.,https://app.bchydro.com/accounts-billing/electrical-connections/distribution-standards/disclaimer-es54-section-u.html,https://app.bchydro.com/content/dam/BCHydro/customer-portal/documents/distribution/standards/ds-ES54-section-u-engineering.pdf,Extracted from official BC Hydro Distribution Technical Standards and Guides source page.
BCHYDRO-ES54-W,ES54 W,ES54 W - Construction Specifications,BC Hydro,standard,Canada - British Columbia,BC Hydro underground civil standards,current,BC Hydro requirement or reference where applicable,BC Hydro record for ES54 W - Construction Specifications.,https://app.bchydro.com/accounts-billing/electrical-connections/distribution-standards/disclaimer-es54-section-w.html,https://app.bchydro.com/content/dam/BCHydro/customer-portal/documents/distribution/standards/ds-ES54-section-w-construction-specifications.pdf,Extracted from official BC Hydro Distribution Technical Standards and Guides source page.
BCHYDRO-ES54-Z,ES54 Z,ES54 Z - Material Catalogue,BC Hydro,standard,Canada - British Columbia,BC Hydro underground civil standards,current,BC Hydro requirement or reference where applicable,BC Hydro record for ES54 Z - Material Catalogue.,https://app.bchydro.com/accounts-billing/electrical-connections/distribution-standards/disclaimer-es54-section-z.html,https://app.bchydro.com/content/dam/BCHydro/customer-portal/documents/distribution/standards/ds-ES54-section-z.pdf,Extracted from official BC Hydro Distribution Technical Standards and Guides source page.
BCHYDRO-INFORMATION-BULLETIN-EA2014-009,Information Bulletin EA2014 009,"Information Bulletin - 4-way and T-type pull and splice vaults, R3",BC Hydro,information_bulletin,Canada - British Columbia,BC Hydro distribution information bulletins,R3,BC Hydro requirement or reference where applicable,"BC Hydro record for Information Bulletin - 4-way and T-type pull and splice vaults, R3.",https://app.bchydro.com/accounts-billing/electrical-connections/distribution-standards/LA-ES54-EA2014-009-4way-ttype-pull-and-splice-vaults.html,,Extracted from official BC Hydro Distribution Technical Standards and Guides source page.
BCHYDRO-INFORMATION-BULLETIN-EA2015-012,Information Bulletin EA2015 012,Information Bulletin - Backfill R1,BC Hydro,information_bulletin,Canada - British Columbia,BC Hydro distribution information bulletins,R1,BC Hydro requirement or reference where applicable,BC Hydro record for Information Bulletin - Backfill R1.,https://app.bchydro.com/accounts-billing/electrical-connections/distribution-standards/LA-COWS-EA2015-012-backfill.html,https://app.bchydro.com/content/dam/BCHydro/customer-portal/documents/distribution/standards/ds-EA2015-012-R1-IB-Backfill.pdf,Extracted from official BC Hydro Distribution Technical Standards and Guides source page.
BCHYDRO-INFORMATION-BULLETIN-EA2017-009,Information Bulletin EA2017 009,Information Bulletin - Banned collar-type transfer switch for 120/240 V meter socket services - reaffirmed,BC Hydro,information_bulletin,Canada - British Columbia,BC Hydro revenue metering requirements,current,BC Hydro requirement or reference where applicable,BC Hydro record for Information Bulletin - Banned collar-type transfer switch for 120/240 V meter socket services - reaffirmed.,https://app.bchydro.com/accounts-billing/electrical-connections/distribution-standards/LA-ES54-EA2017-009-Banned-collar-type-transfer-switch-reaffirmed.html,https://app.bchydro.com/content/dam/BCHydro/customer-portal/documents/distribution/standards/ds-ES54-EA2017-009-Banned-collar-type-transfer-switch-reaffirmed.pdf,Extracted from official BC Hydro Distribution Technical Standards and Guides source page.
BCHYDRO-INFORMATION-BULLETIN-EA2017-025,Information Bulletin EA2017 025,Information Bulletin - BC Hydro-owned switchgear inside customer-owned buildings,BC Hydro,information_bulletin,Canada - British Columbia,BC Hydro distribution information bulletins,current,BC Hydro requirement or reference where applicable,BC Hydro record for Information Bulletin - BC Hydro-owned switchgear inside customer-owned buildings.,https://app.bchydro.com/accounts-billing/electrical-connections/distribution-standards/LA-EA2017-025-Switchgear-Inside-Customer-Buildings.html,https://app.bchydro.com/content/dam/BCHydro/customer-portal/documents/distribution/standards/ds-EA2017-025-Switchgear-Inside-Customer-Buildings.pdf,Extracted from official BC Hydro Distribution Technical Standards and Guides source page.
BCHYDRO-INFORMATION-BULLETIN,Information Bulletin,Information Bulletin - ES54 B3-03 and B3-04 for sidewalk duty lightweight service boxes,BC Hydro,information_bulletin,Canada - British Columbia,BC Hydro distribution information bulletins,current,BC Hydro requirement or reference where applicable,BC Hydro record for Information Bulletin - ES54 B3-03 and B3-04 for sidewalk duty lightweight service boxes.,https://app.bchydro.com/content/dam/BCHydro/customer-portal/documents/distribution/standards/ds-EA2017-30-R1-Sidewalk-Duty-Lightweight-Service-Boxes.pdf,https://app.bchydro.com/content/dam/BCHydro/customer-portal/documents/distribution/standards/ds-EA2017-30-R1-Sidewalk-Duty-Lightweight-Service-Boxes.pdf,Extracted from official BC Hydro Distribution Technical Standards and Guides source page.
BCHYDRO-INFORMATION-BULLETIN-EA2017-032,Information Bulletin EA2017 032,Information Bulletin - Ground rod connector stock no longer held as a separate item at AE Concrete Ltd. plant storage,BC Hydro,information_bulletin,Canada - British Columbia,BC Hydro distribution information bulletins,current,BC Hydro requirement or reference where applicable,BC Hydro record for Information Bulletin - Ground rod connector stock no longer held as a separate item at AE Concrete Ltd. plant storage.,https://app.bchydro.com/accounts-billing/electrical-connections/distribution-standards/LA-EA2017-032-420-1157-no-ground-rod-connectors-at-AEC.html,https://app.bchydro.com/content/dam/BCHydro/customer-portal/documents/distribution/standards/ds-EA2017-032-420-1157-no-ground-rod-connectors-at-AEC.pdf,Extracted from official BC Hydro Distribution Technical Standards and Guides source page.
BCHYDRO-INFORMATION-BULLETIN-EA2015-001-R3,Information Bulletin EA2015 001 R3,Information Bulletin - Pad-mounted transformer installation on private property (R3),BC Hydro,information_bulletin,Canada - British Columbia,BC Hydro distribution information bulletins,R3,BC Hydro requirement or reference where applicable,BC Hydro record for Information Bulletin - Pad-mounted transformer installation on private property (R3).,https://app.bchydro.com/content/dam/BCHydro/customer-portal/documents/distribution/standards/ds-EA2015-001-R3.pdf,https://app.bchydro.com/content/dam/BCHydro/customer-portal/documents/distribution/standards/ds-EA2015-001-R3.pdf,Extracted from official BC Hydro Distribution Technical Standards and Guides source page.
BCHYDRO-INFORMATION-BULLETIN-EA2022-023,Information Bulletin EA2022 023,Information Bulletin - Release of ES54 S0-04 and S1 Standards for 120/240 V Single-Phase Secondary Services up to 600 A,BC Hydro,information_bulletin,Canada - British Columbia,BC Hydro secondary service requirements,current,BC Hydro requirement or reference where applicable,BC Hydro record for Information Bulletin - Release of ES54 S0-04 and S1 Standards for 120/240 V Single-Phase Secondary Services up to 600 A.,https://app.bchydro.com/content/dam/BCHydro/customer-portal/documents/distribution/standards/ds-EA2022-023-ES54-s0-04-release-and-s1-standards.pdf,https://app.bchydro.com/content/dam/BCHydro/customer-portal/documents/distribution/standards/ds-EA2022-023-ES54-s0-04-release-and-s1-standards.pdf,Extracted from official BC Hydro Distribution Technical Standards and Guides source page.
BCHYDRO-INFORMATION-BULLETIN-EA2022-001,Information Bulletin EA2022 001,Information Bulletin - Release of New and Revised ES54 Section S Medium-Voltage (Primary) Services Standards,BC Hydro,information_bulletin,Canada - British Columbia,BC Hydro distribution information bulletins,current,BC Hydro requirement or reference where applicable,BC Hydro record for Information Bulletin - Release of New and Revised ES54 Section S Medium-Voltage (Primary) Services Standards.,https://app.bchydro.com/accounts-billing/electrical-connections/distribution-standards/LA-EA2022-001-ES54-section-s-medium-voltage-services-standards.html,https://app.bchydro.com/content/dam/BCHydro/customer-portal/documents/distribution/standards/ds-EA2022-001-ES54-section-s-medium-voltage-services-standards.pdf,Extracted from official BC Hydro Distribution Technical Standards and Guides source page.
BCHYDRO-INFORMATION-BULLETIN-REVISED-ES54-C1-05-THROUGH-TYPE-DOUBLE-ACCESS-PRECAST-VAULTS,Information Bulletin,Information Bulletin - Revised ES54 C1-05 Through-Type Double Access Precast Vaults,BC Hydro,information_bulletin,Canada - British Columbia,BC Hydro distribution information bulletins,current,BC Hydro requirement or reference where applicable,BC Hydro record for Information Bulletin - Revised ES54 C1-05 Through-Type Double Access Precast Vaults.,https://app.bchydro.com/accounts-billing/electrical-connections/distribution-standards/LA-ES54-c1-05-through-type-double-access-precast-vaults.html,https://app.bchydro.com/content/dam/BCHydro/customer-portal/documents/distribution/standards/ds-EA2023-012-revised-es54-c1-05.pdf,Extracted from official BC Hydro Distribution Technical Standards and Guides source page.
BCHYDRO-INFORMATION-BULLETIN-EA2022-034,Information Bulletin EA2022 034,"Information Bulletin - Revised ES54 F Transformer Pads and Vaults, and ES54 H Ducts",BC Hydro,information_bulletin,Canada - British Columbia,BC Hydro distribution information bulletins,current,BC Hydro requirement or reference where applicable,"BC Hydro record for Information Bulletin - Revised ES54 F Transformer Pads and Vaults, and ES54 H Ducts.",https://app.bchydro.com/content/dam/BCHydro/customer-portal/documents/distribution/standards/EA2022-034.pdf,https://app.bchydro.com/content/dam/BCHydro/customer-portal/documents/distribution/standards/EA2022-034.pdf,Extracted from official BC Hydro Distribution Technical Standards and Guides source page.
BCHYDRO-INFORMATION-BULLETIN-EA2022-010,Information Bulletin EA2022 010,Information Bulletin - Revised ES54 S0-02 Services General Notes and Release of ES54 S0-05 Service Ducts and Trenches,BC Hydro,information_bulletin,Canada - British Columbia,BC Hydro distribution information bulletins,current,BC Hydro requirement or reference where applicable,BC Hydro record for Information Bulletin - Revised ES54 S0-02 Services General Notes and Release of ES54 S0-05 Service Ducts and Trenches.,https://app.bchydro.com/content/dam/BCHydro/customer-portal/documents/distribution/standards/ds-EA2022-010-ES54-revised-s0-02-and-release-s0-05.pdf,https://app.bchydro.com/content/dam/BCHydro/customer-portal/documents/distribution/standards/ds-EA2022-010-ES54-revised-s0-02-and-release-s0-05.pdf,Extracted from official BC Hydro Distribution Technical Standards and Guides source page.
BCHYDRO-INFORMATION-BULLETIN-EA2022-004-R0,Information Bulletin EA2022 004 R0,Information Bulletin - Revised ES54 U2-02 Bollards,BC Hydro,information_bulletin,Canada - British Columbia,BC Hydro distribution information bulletins,current,BC Hydro requirement or reference where applicable,BC Hydro record for Information Bulletin - Revised ES54 U2-02 Bollards.,https://app.bchydro.com/content/dam/BCHydro/customer-portal/documents/distribution/standards/EA2022-004-R0-ES54-U2-02-Bollards.pdf,https://app.bchydro.com/content/dam/BCHydro/customer-portal/documents/distribution/standards/EA2022-004-R0-ES54-U2-02-Bollards.pdf,Extracted from official BC Hydro Distribution Technical Standards and Guides source page.
BCHYDRO-INFORMATION-BULLETIN-REVISED-SECTION-H-DUCT-AND-SECTION-W-CONSTRUCTION-SPECIFICATION,Information Bulletin,Information Bulletin - Revised Section H Duct and Section W Construction Specification Standards,BC Hydro,information_bulletin,Canada - British Columbia,BC Hydro distribution information bulletins,current,BC Hydro requirement or reference where applicable,BC Hydro record for Information Bulletin - Revised Section H Duct and Section W Construction Specification Standards.,https://app.bchydro.com/accounts-billing/electrical-connections/distribution-standards/LA-revised-section-h-duct-and-section-w-construction-specification-standards.html,https://app.bchydro.com/content/dam/BCHydro/customer-portal/documents/distribution/standards/ds-EA2023-010-revised-section-h-duct-section-w.pdf,Extracted from official BC Hydro Distribution Technical Standards and Guides source page.
BCHYDRO-INFORMATION-BULLETIN-EA2018-014-R0,Information Bulletin EA2018 014 R0,"Information Bulletin - Revision to ES54 Standards, Sections B, C, F, H, U and Z",BC Hydro,information_bulletin,Canada - British Columbia,BC Hydro distribution information bulletins,current,BC Hydro requirement or reference where applicable,"BC Hydro record for Information Bulletin - Revision to ES54 Standards, Sections B, C, F, H, U and Z.",https://app.bchydro.com/accounts-billing/electrical-connections/distribution-standards/LA-EA2018-014-R0-Revision-to-ES54-Standards-Sections-BCFHUZ.html,https://app.bchydro.com/content/dam/BCHydro/customer-portal/documents/distribution/standards/ds-EA2018-014-R0-Revision-to-ES54-Standards-Sections-BCFHUZ.pdf,Extracted from official BC Hydro Distribution Technical Standards and Guides source page.
BCHYDRO-INFORMATION-BULLETIN-EA2017-028,Information Bulletin EA2017 028,"Information Bulletin - Revisions to customer-owned primary services, indoor and outdoor type, underground supply",BC Hydro,information_bulletin,Canada - British Columbia,BC Hydro primary service requirements,current,BC Hydro requirement or reference where applicable,"BC Hydro record for Information Bulletin - Revisions to customer-owned primary services, indoor and outdoor type, underground supply.",https://app.bchydro.com/accounts-billing/electrical-connections/distribution-standards/LA-EA2017-028-Revisions-to-Primary-Services-Underground.html,https://app.bchydro.com/content/dam/BCHydro/customer-portal/documents/distribution/standards/ds-EA2017-028-Revisions-to-Primary-Services-Underground.pdf,Extracted from official BC Hydro Distribution Technical Standards and Guides source page.
BCHYDRO-INFORMATION-BULLETIN-EA2018-036,Information Bulletin EA2018 036,Information Bulletin - Revisions to ES54 S2-01 Standards and Customer Secondary Service Equipment,BC Hydro,information_bulletin,Canada - British Columbia,BC Hydro secondary service requirements,current,BC Hydro requirement or reference where applicable,BC Hydro record for Information Bulletin - Revisions to ES54 S2-01 Standards and Customer Secondary Service Equipment.,https://app.bchydro.com/accounts-billing/electrical-connections/distribution-standards/LA-EA2018-036-Standards-and-Customer-Secondary-Service-Equipment.html,https://app.bchydro.com/content/dam/BCHydro/customer-portal/documents/distribution/standards/ds-EA2018-036-Standards-and-Customer-Secondary-Service-Equipment.pdf,Extracted from official BC Hydro Distribution Technical Standards and Guides source page.
BCHYDRO-INFORMATION-BULLETIN-EA2017-027,Information Bulletin EA2017 027,Information Bulletin - Revisions to grounding standards and installation of precast grounded bollards,BC Hydro,information_bulletin,Canada - British Columbia,BC Hydro distribution information bulletins,current,BC Hydro requirement or reference where applicable,BC Hydro record for Information Bulletin - Revisions to grounding standards and installation of precast grounded bollards.,https://app.bchydro.com/accounts-billing/electrical-connections/distribution-standards/LA-EA2017-027-Revisions-to-Revisions-to-Grounding-Standards-and-Installation-of-Precast-Grounded-Bollards.html,https://app.bchydro.com/content/dam/BCHydro/customer-portal/documents/distribution/standards/ds-EA2017-027-BCH-Precast-Grounded-Bollards.pdf,Extracted from official BC Hydro Distribution Technical Standards and Guides source page.
BCHYDRO-INFORMATION-BULLETIN-TRANSFER-SWITCHES-FOR-SECONDARY-CUSTOMER-SERVICES-EMERGENCY-STA,Information Bulletin,Information Bulletin - Transfer switches for secondary customer services emergency standby generators - reaffirmed,BC Hydro,information_bulletin,Canada - British Columbia,BC Hydro secondary service requirements,current,BC Hydro requirement or reference where applicable,BC Hydro record for Information Bulletin - Transfer switches for secondary customer services emergency standby generators - reaffirmed.,https://app.bchydro.com/accounts-billing/electrical-connections/distribution-standards/LA-ES54-Standby-Generators-2016-016.html,https://app.bchydro.com/content/dam/BCHydro/customer-portal/documents/distribution/standards/ds-ES54-Standby-Generators-2016-016.pdf,Extracted from official BC Hydro Distribution Technical Standards and Guides source page.
BCHYDRO-INFORMATION-BULLETIN-2022-010-R1,Information Bulletin 2022-010 R1,Information Bulletin 2022-010 R1 - Revised ES54 S0-02 Services General Notes and Release of ES54 S0-05 Service Ducts and Trenches,BC Hydro,information_bulletin,Canada - British Columbia,BC Hydro distribution information bulletins,R1,BC Hydro requirement or reference where applicable,BC Hydro record for Information Bulletin 2022-010 R1 - Revised ES54 S0-02 Services General Notes and Release of ES54 S0-05 Service Ducts and Trenches.,https://app.bchydro.com/accounts-billing/electrical-connections/distribution-standards/LA-EA2022-010-r1-revised-es54-s0-02-and-release-es54-s0-05.html,https://app.bchydro.com/content/dam/BCHydro/customer-portal/documents/distribution/standards/ds-EA2022-010-r1-revised-es54-s0-02-and-release-es54-s0-05.pdf,Extracted from official BC Hydro Distribution Technical Standards and Guides source page.
BCHYDRO-INFORMATION-BULLETIN-2022-023-R1,Information Bulletin 2022-023 R1,Information Bulletin 2022-023 R1 - Release of ES54 S0-04 and S1 Standards for 120/240 V Single-Phase Secondary Services up to 600 A,BC Hydro,information_bulletin,Canada - British Columbia,BC Hydro secondary service requirements,R1,BC Hydro requirement or reference where applicable,BC Hydro record for Information Bulletin 2022-023 R1 - Release of ES54 S0-04 and S1 Standards for 120/240 V Single-Phase Secondary Services up to 600 A.,https://app.bchydro.com/accounts-billing/electrical-connections/distribution-standards/LA-EA2022-023-r1-release-es54-s0-04-and-s1-standards-120-240v.html,https://app.bchydro.com/content/dam/BCHydro/customer-portal/documents/distribution/standards/ds-EA2022-023-r1-release-es54-s0-04-and-s1-standards-120-240v.pdf,Extracted from official BC Hydro Distribution Technical Standards and Guides source page.
BCHYDRO-INFORMATION-BULLETIN-2023-018,Information Bulletin 2023-018,Information Bulletin 2023-018: Revised ES53 S1-01 for 120/240 V Single-Phase Secondary Services up to 600 A,BC Hydro,information_bulletin,Canada - British Columbia,BC Hydro secondary service requirements,2023-018,BC Hydro requirement or reference where applicable,BC Hydro record for Information Bulletin 2023-018: Revised ES53 S1-01 for 120/240 V Single-Phase Secondary Services up to 600 A.,https://app.bchydro.com/accounts-billing/electrical-connections/distribution-standards/LA-EA2023-018-es53-s1-01-120-240v-single-phase-secondary-services.html,https://app.bchydro.com/content/dam/BCHydro/customer-portal/documents/distribution/standards/ds-EA2023-018-es53-s1-01-120-240v-single-phase-secondary-services.pdf,Extracted from official BC Hydro Distribution Technical Standards and Guides source page.
BCHYDRO-INFORMATION-BULLETIN-2023-019,Information Bulletin 2023-019,Information Bulletin 2023-019 - Release of ES54 B3-06 Circular Concrete Service Box,BC Hydro,information_bulletin,Canada - British Columbia,BC Hydro distribution information bulletins,2023-019,BC Hydro requirement or reference where applicable,BC Hydro record for Information Bulletin 2023-019 - Release of ES54 B3-06 Circular Concrete Service Box.,https://app.bchydro.com/accounts-billing/electrical-connections/distribution-standards/LA-EA2023-019-release-es54-b3-06-circular-concrete-service-box.html,https://app.bchydro.com/content/dam/BCHydro/customer-portal/documents/distribution/standards/ds-EA2023-019-release-es54-b3-06-circular-concrete-service-box.pdf,Extracted from official BC Hydro Distribution Technical Standards and Guides source page.
BCHYDRO-INFORMATION-BULLETIN-2023-029,Information Bulletin 2023-029,Information Bulletin 2023-029 - Limited Release of Single-Phase Secondary 320 A 120/240 V Services with Self-Contained Metering,BC Hydro,information_bulletin,Canada - British Columbia,BC Hydro revenue metering requirements,2023-029,BC Hydro requirement or reference where applicable,BC Hydro record for Information Bulletin 2023-029 - Limited Release of Single-Phase Secondary 320 A 120/240 V Services with Self-Contained Metering.,https://app.bchydro.com/accounts-billing/electrical-connections/distribution-standards/LA-EA2023-029-info-limited-release-single-phase-secondary-320A.html,https://app.bchydro.com/content/dam/BCHydro/customer-portal/documents/distribution/standards/ds-info-EA2023-029-limited-release-single-phase-secondary-320A.pdf,Extracted from official BC Hydro Distribution Technical Standards and Guides source page.
BCHYDRO-INFORMATION-BULLETIN-2023-029-R1,Information Bulletin 2023-029 R1,Information Bulletin 2023-029 R1 - Limited Release of Single-Phase Secondary 320A 120/240V Services with Self-Contained Metering,BC Hydro,information_bulletin,Canada - British Columbia,BC Hydro revenue metering requirements,R1,BC Hydro requirement or reference where applicable,BC Hydro record for Information Bulletin 2023-029 R1 - Limited Release of Single-Phase Secondary 320A 120/240V Services with Self-Contained Metering.,https://app.bchydro.com/accounts-billing/electrical-connections/distribution-standards/LA-ea2023-029-r1-info-bulletin.html,https://app.bchydro.com/content/dam/BCHydro/customer-portal/documents/distribution/standards/ds-EA2023-029-R1-limited-release-single-phase-secondary-320a-120-240V-services-with-self-contained-metering.pdf,Extracted from official BC Hydro Distribution Technical Standards and Guides source page.
BCHYDRO-INFORMATION-BULLETIN-2023-029-R2,Information Bulletin 2023-029 R2,Information Bulletin 2023-029 R2: Full Release of Single-Phase Secondary 320 A 120/240 V Services with Self-Contained Metering,BC Hydro,information_bulletin,Canada - British Columbia,BC Hydro revenue metering requirements,R2,BC Hydro requirement or reference where applicable,BC Hydro record for Information Bulletin 2023-029 R2: Full Release of Single-Phase Secondary 320 A 120/240 V Services with Self-Contained Metering.,https://app.bchydro.com/accounts-billing/electrical-connections/distribution-standards/legal-info-bulletin-EA2023-029-R2.html,https://app.bchydro.com/content/dam/BCHydro/customer-portal/documents/distribution/standards/ds-info-bulletin-EA2023-029-R2.pdf,Extracted from official BC Hydro Distribution Technical Standards and Guides source page.
BCHYDRO-INFORMATION-BULLETIN-2023-043,Information Bulletin 2023-043,Information Bulletin 2023-043 - New Standard ES54 P1-03 Vault / Box Safety Aluminum Lid Slip Resistance,BC Hydro,information_bulletin,Canada - British Columbia,BC Hydro distribution information bulletins,2023-043,BC Hydro requirement or reference where applicable,BC Hydro record for Information Bulletin 2023-043 - New Standard ES54 P1-03 Vault / Box Safety Aluminum Lid Slip Resistance.,https://app.bchydro.com/accounts-billing/electrical-connections/distribution-standards/LA-EA2023-043-info-es54-p1-03-vault-box-safety-aluminum-lid.html,https://app.bchydro.com/content/dam/BCHydro/customer-portal/documents/distribution/standards/ds-EA2023-043-info-es54-p1-03-vault-box-safety-aluminum-lid.pdf,Extracted from official BC Hydro Distribution Technical Standards and Guides source page.
BCHYDRO-INFORMATION-BULLETIN-2023-049,Information Bulletin 2023-049,Information Bulletin 2023-049 - Revised ES54 S2-01 Secondary Three-Phase Services 120/208 V and 347/600 V up to 1600 A Private Property Installation,BC Hydro,information_bulletin,Canada - British Columbia,BC Hydro secondary service requirements,2023-049,BC Hydro requirement or reference where applicable,BC Hydro record for Information Bulletin 2023-049 - Revised ES54 S2-01 Secondary Three-Phase Services 120/208 V and 347/600 V up to 1600 A Private Property Installation.,https://app.bchydro.com/accounts-billing/electrical-connections/distribution-standards/LA-ea2023-049-info-bulletin.html,https://app.bchydro.com/content/dam/BCHydro/customer-portal/documents/distribution/standards/ds-EA2023-049-info-bulletin.pdf,Extracted from official BC Hydro Distribution Technical Standards and Guides source page.
BCHYDRO-INFORMATION-BULLETIN-2023-049-R1,Information Bulletin 2023-049 R1,Information Bulletin 2023-049 R1 - Revised ES54 S2-01 Secondary Three-Phase Services 120/208 V and 347/600 V up to 1600 A Private Property Installation,BC Hydro,information_bulletin,Canada - British Columbia,BC Hydro secondary service requirements,R1,BC Hydro requirement or reference where applicable,BC Hydro record for Information Bulletin 2023-049 R1 - Revised ES54 S2-01 Secondary Three-Phase Services 120/208 V and 347/600 V up to 1600 A Private Property Installation.,https://app.bchydro.com/accounts-billing/electrical-connections/distribution-standards/LA-ea2023-049-r1-info-bulletin.html,https://app.bchydro.com/content/dam/BCHydro/customer-portal/documents/distribution/standards/ds-EA2023-049-r1-info-bulletin.pdf,Extracted from official BC Hydro Distribution Technical Standards and Guides source page.
BCHYDRO-INFORMATION-BULLETIN-2023-049-R2,Information Bulletin 2023-049 R2,Information Bulletin 2023-049 R2 - Revised ES54 S2-01 Secondary Three-Phase Services 120/208 V and 347/600 V up to 1600 A Private Property Installation,BC Hydro,information_bulletin,Canada - British Columbia,BC Hydro secondary service requirements,R2,BC Hydro requirement or reference where applicable,BC Hydro record for Information Bulletin 2023-049 R2 - Revised ES54 S2-01 Secondary Three-Phase Services 120/208 V and 347/600 V up to 1600 A Private Property Installation.,https://app.bchydro.com/accounts-billing/electrical-connections/distribution-standards/legal-info-bulletin-EA2023-049-R2.html,https://app.bchydro.com/content/dam/BCHydro/customer-portal/documents/distribution/standards/ds-info-bulletin-EA2023-049-R2.pdf,Extracted from official BC Hydro Distribution Technical Standards and Guides source page.
BCHYDRO-INFORMATION-BULLETIN-2024-007,Information Bulletin 2024-007,Information Bulletin 2024-007 - Revised ES54 S3 Medium-Voltage Primary Services Private Property Installation Standards,BC Hydro,information_bulletin,Canada - British Columbia,BC Hydro primary service requirements,2024-007,BC Hydro requirement or reference where applicable,BC Hydro record for Information Bulletin 2024-007 - Revised ES54 S3 Medium-Voltage Primary Services Private Property Installation Standards.,https://app.bchydro.com/accounts-billing/electrical-connections/distribution-standards/LA-ea2024-007-info-bulletin.html,https://app.bchydro.com/content/dam/BCHydro/customer-portal/documents/distribution/standards/ds-EA2024-007-info-bulletin.pdf,Extracted from official BC Hydro Distribution Technical Standards and Guides source page.
BCHYDRO-INFORMATION-BULLETIN-2024-013,Information Bulletin 2024-013,Information Bulletin 2024-013: Revised ES54 E4-01 and E4-03 Above Ground Switchgear Over-Vault 4-Way and 5-Way,BC Hydro,information_bulletin,Canada - British Columbia,BC Hydro distribution information bulletins,2024-013,BC Hydro requirement or reference where applicable,BC Hydro record for Information Bulletin 2024-013: Revised ES54 E4-01 and E4-03 Above Ground Switchgear Over-Vault 4-Way and 5-Way.,https://app.bchydro.com/accounts-billing/electrical-connections/distribution-standards/legal-info-bulletin-EA2024-013.html,https://app.bchydro.com/content/dam/BCHydro/customer-portal/documents/distribution/standards/ds-info-bulletin-EA2024-013.pdf,Extracted from official BC Hydro Distribution Technical Standards and Guides source page.
BCHYDRO-INFORMATION-BULLETIN-2024-014,Information Bulletin 2024-014,Information Bulletin 2024-014 - Revised ES54 S1-01 Secondary Single-Phase Services 200 A Single and 400 A Multiple Self-Contained Meter Installation,BC Hydro,information_bulletin,Canada - British Columbia,BC Hydro revenue metering requirements,2024-014,BC Hydro requirement or reference where applicable,BC Hydro record for Information Bulletin 2024-014 - Revised ES54 S1-01 Secondary Single-Phase Services 200 A Single and 400 A Multiple Self-Contained Meter Installation.,https://app.bchydro.com/accounts-billing/electrical-connections/distribution-standards/LA-ea2024-014-info-bulletin.html,https://app.bchydro.com/content/dam/BCHydro/customer-portal/documents/distribution/standards/ds-EA2024-014-info-bulletin.pdf,Extracted from official BC Hydro Distribution Technical Standards and Guides source page.
BCHYDRO-INFORMATION-BULLETIN-2024-014-R1,Information Bulletin 2024-014 R1,Information Bulletin 2024-014 R1 - Revised ES54 S1-01 Secondary Single-Phase Services 200 A Single and 400 A Multiple Self-Contained Meter Installation,BC Hydro,information_bulletin,Canada - British Columbia,BC Hydro revenue metering requirements,R1,BC Hydro requirement or reference where applicable,BC Hydro record for Information Bulletin 2024-014 R1 - Revised ES54 S1-01 Secondary Single-Phase Services 200 A Single and 400 A Multiple Self-Contained Meter Installation.,https://app.bchydro.com/accounts-billing/electrical-connections/distribution-standards/legal-info-bulletin-EA2024-014-r1.html,https://app.bchydro.com/content/dam/BCHydro/customer-portal/documents/distribution/standards/ds-info-bulletin-EA2024-014-r1.pdf,Extracted from official BC Hydro Distribution Technical Standards and Guides source page.
BCHYDRO-INFORMATION-BULLETIN-2024-025,Information Bulletin 2024-025,Information Bulletin 2024-025 - Revised ES54 W1-05 Construction Materials Concrete,BC Hydro,information_bulletin,Canada - British Columbia,BC Hydro distribution information bulletins,2024-025,BC Hydro requirement or reference where applicable,BC Hydro record for Information Bulletin 2024-025 - Revised ES54 W1-05 Construction Materials Concrete.,https://app.bchydro.com/accounts-billing/electrical-connections/distribution-standards/LA-ea2024-025-info-bulletin.html,https://app.bchydro.com/content/dam/BCHydro/customer-portal/documents/distribution/standards/ds-EA2024-025-info-bulletin.pdf,Extracted from official BC Hydro Distribution Technical Standards and Guides source page.
BCHYDRO-INFORMATION-BULLETIN-2024-026,Information Bulletin 2024-026,Information Bulletin 2024-026 - Revised ES54 C1 Precast Vault Standards,BC Hydro,information_bulletin,Canada - British Columbia,BC Hydro distribution information bulletins,2024-026,BC Hydro requirement or reference where applicable,BC Hydro record for Information Bulletin 2024-026 - Revised ES54 C1 Precast Vault Standards.,https://app.bchydro.com/accounts-billing/electrical-connections/distribution-standards/legal-info-bulletin-EA2024-026.html,https://app.bchydro.com/content/dam/BCHydro/customer-portal/documents/distribution/standards/ds-info-bulletin-EA2024-026.pdf,Extracted from official BC Hydro Distribution Technical Standards and Guides source page.
BCHYDRO-INFORMATION-BULLETIN-2024-035,Information Bulletin 2024-035,Information Bulletin 2024-035: Revised ES54 F1-02 Single-Phase Low-Profile Transformer Flat Pad,BC Hydro,information_bulletin,Canada - British Columbia,BC Hydro distribution information bulletins,2024-035,BC Hydro requirement or reference where applicable,BC Hydro record for Information Bulletin 2024-035: Revised ES54 F1-02 Single-Phase Low-Profile Transformer Flat Pad.,https://app.bchydro.com/accounts-billing/electrical-connections/distribution-standards/legal-info-bulletin-EA2024-035.html,https://app.bchydro.com/content/dam/BCHydro/customer-portal/documents/distribution/standards/ds-info-bulletin-EA2024-035.pdf,Extracted from official BC Hydro Distribution Technical Standards and Guides source page.
BCHYDRO-INFORMATION-BULLETIN-2024-037,Information Bulletin 2024-037,Information Bulletin 2024-037 - Revised ES54 Z1-06 Civil Hardware and Associated Materials,BC Hydro,information_bulletin,Canada - British Columbia,BC Hydro distribution information bulletins,2024-037,BC Hydro requirement or reference where applicable,BC Hydro record for Information Bulletin 2024-037 - Revised ES54 Z1-06 Civil Hardware and Associated Materials.,https://app.bchydro.com/accounts-billing/electrical-connections/distribution-standards/legal-info-bulletin-EA2024-037.html,https://app.bchydro.com/content/dam/BCHydro/customer-portal/documents/distribution/standards/ds-info-bulletin-EA2024-037.pdf,Extracted from official BC Hydro Distribution Technical Standards and Guides source page.
BCHYDRO-INFORMATION-BULLETIN-2025-001,Information Bulletin 2025-001,Information Bulletin 2025-001: Release of Primary Guide Revision 4 (2025 Edition),BC Hydro,information_bulletin,Canada - British Columbia,BC Hydro primary service requirements,Revision 4 2025,BC Hydro requirement or reference where applicable,BC Hydro record for Information Bulletin 2025-001: Release of Primary Guide Revision 4 (2025 Edition).,https://app.bchydro.com/content/dam/BCHydro/customer-portal/documents/distribution/standards/ds-info-bulletin-EA2025-001.pdf,https://app.bchydro.com/content/dam/BCHydro/customer-portal/documents/distribution/standards/ds-info-bulletin-EA2025-001.pdf,Extracted from official BC Hydro Distribution Technical Standards and Guides source page.
BCHYDRO-INFORMATION-BULLETIN-2025-002,Information Bulletin 2025-002,"Information Bulletin 2025-002: Revised ES54 Section B Pull and Splice, Service, and Junction Box Standards",BC Hydro,information_bulletin,Canada - British Columbia,BC Hydro distribution information bulletins,2025-002,BC Hydro requirement or reference where applicable,"BC Hydro record for Information Bulletin 2025-002: Revised ES54 Section B Pull and Splice, Service, and Junction Box Standards.",https://app.bchydro.com/accounts-billing/electrical-connections/distribution-standards/legal-info-bulletin-EA2025-002.html,https://app.bchydro.com/content/dam/BCHydro/customer-portal/documents/distribution/standards/ds-info-bulletin-EA2025-002.pdf,Extracted from official BC Hydro Distribution Technical Standards and Guides source page.
BCHYDRO-INFORMATION-BULLETIN-2025-003,Information Bulletin 2025-003,Information Bulletin 2025-003: Revised ES54 S0-04 Secondary Services General Notes,BC Hydro,information_bulletin,Canada - British Columbia,BC Hydro secondary service requirements,2025-003,BC Hydro requirement or reference where applicable,BC Hydro record for Information Bulletin 2025-003: Revised ES54 S0-04 Secondary Services General Notes.,https://app.bchydro.com/accounts-billing/electrical-connections/distribution-standards/legal-info-bulletin-EA2025-003.html,https://app.bchydro.com/content/dam/BCHydro/customer-portal/documents/distribution/standards/ds-info-bulletin-EA2025-003.pdf,Extracted from official BC Hydro Distribution Technical Standards and Guides source page.
BCHYDRO-INFORMATION-BULLETIN-2025-007,Information Bulletin 2025-007,"Information Bulletin 2025-007: Revised ES54 E4-04, F3-06, F3-07, and F3-08",BC Hydro,information_bulletin,Canada - British Columbia,BC Hydro distribution information bulletins,2025-007,BC Hydro requirement or reference where applicable,"BC Hydro record for Information Bulletin 2025-007: Revised ES54 E4-04, F3-06, F3-07, and F3-08.",https://app.bchydro.com/accounts-billing/electrical-connections/distribution-standards/legal-info-bulletin-EA2025-007.html,https://app.bchydro.com/content/dam/BCHydro/customer-portal/documents/distribution/standards/ds-info-bulletin-EA2025-007.pdf,Extracted from official BC Hydro Distribution Technical Standards and Guides source page.
BCHYDRO-INFORMATION-BULLETIN-2025-014,Information Bulletin 2025-014,Information Bulletin 2025-014: Revised ES43 R2-01 Ground Rods at Wood Poles,BC Hydro,information_bulletin,Canada - British Columbia,BC Hydro distribution information bulletins,R2,BC Hydro requirement or reference where applicable,BC Hydro record for Information Bulletin 2025-014: Revised ES43 R2-01 Ground Rods at Wood Poles.,https://app.bchydro.com/content/dam/BCHydro/customer-portal/documents/distribution/standards/ds-info-bulletin-EA2025-014.pdf,https://app.bchydro.com/content/dam/BCHydro/customer-portal/documents/distribution/standards/ds-info-bulletin-EA2025-014.pdf,Extracted from official BC Hydro Distribution Technical Standards and Guides source page.
BCHYDRO-INFORMATION-BULLETIN-2025-022,Information Bulletin 2025-022,Information Bulletin 2025-022: Revised ES54 S0-05 General Notes Service Ducts and Trenches,BC Hydro,information_bulletin,Canada - British Columbia,BC Hydro distribution information bulletins,2025-022,BC Hydro requirement or reference where applicable,BC Hydro record for Information Bulletin 2025-022: Revised ES54 S0-05 General Notes Service Ducts and Trenches.,https://app.bchydro.com/accounts-billing/electrical-connections/distribution-standards/legal-info-bulletin-EA2025-022.html,https://app.bchydro.com/content/dam/BCHydro/customer-portal/documents/distribution/standards/ds-info-bulletin-EA2025-022.pdf,Extracted from official BC Hydro Distribution Technical Standards and Guides source page.
BCHYDRO-INFORMATION-BULLETIN-2025-032,Information Bulletin 2025-032,"Information Bulletin 2025-032: Released ES43/53/54/55/65 A1-02 Clarifying Application of CSA Codes, Jurisdictional Boundaries, and Legal Basis for Distribution Standards",BC Hydro,information_bulletin,Canada - British Columbia,BC Hydro distribution information bulletins,2025-032,BC Hydro requirement or reference where applicable,"BC Hydro record for Information Bulletin 2025-032: Released ES43/53/54/55/65 A1-02 Clarifying Application of CSA Codes, Jurisdictional Boundaries, and Legal Basis for Distribution Standards.",https://app.bchydro.com/accounts-billing/electrical-connections/distribution-standards/legal-info-bulletin-EA2025-032.html,https://app.bchydro.com/content/dam/BCHydro/customer-portal/documents/distribution/standards/ds-info-bulletin-EA2025-032.pdf,Extracted from official BC Hydro Distribution Technical Standards and Guides source page.
BCHYDRO-INFORMATION-BULLETIN-2025-037,Information Bulletin 2025-037,Information Bulletin 2025-037 - Revised ES55 B2-05 BC Hydro-Owned Switchgear Placement and Requirements,BC Hydro,information_bulletin,Canada - British Columbia,BC Hydro distribution information bulletins,2025-037,BC Hydro requirement or reference where applicable,BC Hydro record for Information Bulletin 2025-037 - Revised ES55 B2-05 BC Hydro-Owned Switchgear Placement and Requirements.,https://app.bchydro.com/accounts-billing/electrical-connections/distribution-standards/legal-info-bulletin-EA2025-037.html,https://app.bchydro.com/content/dam/BCHydro/customer-portal/documents/distribution/standards/ds-info-bulletin-EA2025-037.pdf,Extracted from official BC Hydro Distribution Technical Standards and Guides source page.
BCHYDRO-INFORMATION-BULLETIN-2025-044,Information Bulletin 2025-044,Information Bulletin 2025-044: Revised ES54 Section H Duct Standards,BC Hydro,information_bulletin,Canada - British Columbia,BC Hydro distribution information bulletins,2025-044,BC Hydro requirement or reference where applicable,BC Hydro record for Information Bulletin 2025-044: Revised ES54 Section H Duct Standards.,https://app.bchydro.com/accounts-billing/electrical-connections/distribution-standards/legal-info-bulletin-EA2025-044.html,https://app.bchydro.com/content/dam/BCHydro/customer-portal/documents/distribution/standards/ds-info-bulletin-EA2025-044.pdf,Extracted from official BC Hydro Distribution Technical Standards and Guides source page.
BCHYDRO-INFORMATION-BULLETIN-2025-054,Information Bulletin 2025-054,Information Bulletin 2025-054: Released ES43 B1-14 and K6-04 and Revised ES43 K6-03,BC Hydro,information_bulletin,Canada - British Columbia,BC Hydro distribution information bulletins,2025-054,BC Hydro requirement or reference where applicable,BC Hydro record for Information Bulletin 2025-054: Released ES43 B1-14 and K6-04 and Revised ES43 K6-03.,https://app.bchydro.com/accounts-billing/electrical-connections/distribution-standards/legal-info-bulletin-EA2025-054.html,https://app.bchydro.com/content/dam/BCHydro/customer-portal/documents/distribution/standards/ds-info-bulletin-EA2025-054.pdf,Extracted from official BC Hydro Distribution Technical Standards and Guides source page.
BCHYDRO-INFORMATION-BULLETIN-2025-055,Information Bulletin 2025-055,Information Bulletin 2025-055: Revised ES54 S3 Primary Services Private Property Installation Standards,BC Hydro,information_bulletin,Canada - British Columbia,BC Hydro primary service requirements,2025-055,BC Hydro requirement or reference where applicable,BC Hydro record for Information Bulletin 2025-055: Revised ES54 S3 Primary Services Private Property Installation Standards.,https://app.bchydro.com/content/dam/BCHydro/customer-portal/documents/distribution/standards/ds-info-bulletin-EA2025-055.pdf,https://app.bchydro.com/content/dam/BCHydro/customer-portal/documents/distribution/standards/ds-info-bulletin-EA2025-055.pdf,Extracted from official BC Hydro Distribution Technical Standards and Guides source page.
BCHYDRO-INFORMATION-BULLETIN-2025-060,Information Bulletin 2025-060,Information Bulletin 2025-060: Revised ES54 S0-04 Secondary Services General Notes,BC Hydro,information_bulletin,Canada - British Columbia,BC Hydro secondary service requirements,2025-060,BC Hydro requirement or reference where applicable,BC Hydro record for Information Bulletin 2025-060: Revised ES54 S0-04 Secondary Services General Notes.,https://app.bchydro.com/content/dam/BCHydro/customer-portal/documents/distribution/standards/ds-info-bulletin-EA2025-060.pdf,https://app.bchydro.com/content/dam/BCHydro/customer-portal/documents/distribution/standards/ds-info-bulletin-EA2025-060.pdf,Extracted from official BC Hydro Distribution Technical Standards and Guides source page.
BCHYDRO-INFORMATION-BULLETIN-2026-007,Information Bulletin 2026-007,Information Bulletin 2026-007: Revised ES43 B1-03 and B1-15 Overhead Conductor and Wire Clearance Standards,BC Hydro,information_bulletin,Canada - British Columbia,BC Hydro distribution information bulletins,2026-007,BC Hydro requirement or reference where applicable,BC Hydro record for Information Bulletin 2026-007: Revised ES43 B1-03 and B1-15 Overhead Conductor and Wire Clearance Standards.,https://app.bchydro.com/content/dam/BCHydro/customer-portal/documents/distribution/standards/ds-info-bulletin-EA2026-007.pdf,https://app.bchydro.com/content/dam/BCHydro/customer-portal/documents/distribution/standards/ds-info-bulletin-EA2026-007.pdf,Extracted from official BC Hydro Distribution Technical Standards and Guides source page.
BCHYDRO-INFORMATION-BULLETIN-2026-009,Information Bulletin 2026-009,Information Bulletin 2026-009: Revised ES54 F3-06 and F3-07 BC Hydro Transformer Pad on Private Property Installation Standards,BC Hydro,information_bulletin,Canada - British Columbia,BC Hydro distribution information bulletins,2026-009,BC Hydro requirement or reference where applicable,BC Hydro record for Information Bulletin 2026-009: Revised ES54 F3-06 and F3-07 BC Hydro Transformer Pad on Private Property Installation Standards.,https://app.bchydro.com/content/dam/BCHydro/customer-portal/documents/distribution/standards/ds-info-bulletin-EA2026-009.pdf,https://app.bchydro.com/content/dam/BCHydro/customer-portal/documents/distribution/standards/ds-info-bulletin-EA2026-009.pdf,Extracted from official BC Hydro Distribution Technical Standards and Guides source page.
BCHYDRO-INFORMATION-BULLETIN-2026-012,Information Bulletin 2026-012,Information Bulletin 2026-012: Revised ES54 W1-05 Construction Materials Concrete,BC Hydro,information_bulletin,Canada - British Columbia,BC Hydro distribution information bulletins,2026-012,BC Hydro requirement or reference where applicable,BC Hydro record for Information Bulletin 2026-012: Revised ES54 W1-05 Construction Materials Concrete.,https://app.bchydro.com/content/dam/BCHydro/customer-portal/documents/distribution/standards/ds-info-bulletin-EA2026-012.pdf,https://app.bchydro.com/content/dam/BCHydro/customer-portal/documents/distribution/standards/ds-info-bulletin-EA2026-012.pdf,Extracted from official BC Hydro Distribution Technical Standards and Guides source page.
BCHYDRO-INFORMATION-BULLETIN-2026-013,Information Bulletin 2026-013,Information Bulletin 2026-013: Revised ES53 and ES54 S4-01 Street Lighting Services,BC Hydro,information_bulletin,Canada - British Columbia,BC Hydro distribution information bulletins,2026-013,BC Hydro requirement or reference where applicable,BC Hydro record for Information Bulletin 2026-013: Revised ES53 and ES54 S4-01 Street Lighting Services.,https://app.bchydro.com/content/dam/BCHydro/customer-portal/documents/distribution/standards/ds-info-bulletin-EA2026-013.pdf,https://app.bchydro.com/content/dam/BCHydro/customer-portal/documents/distribution/standards/ds-info-bulletin-EA2026-013.pdf,Extracted from official BC Hydro Distribution Technical Standards and Guides source page.
BCHYDRO-INFORMATION-BULLETIN-2026-019,Information Bulletin 2026-019,"Information Bulletin 2026-019: Released Requirements for Customer-Owned Primary Services Supplied at 4 kV to 35 kV, Revision 5",BC Hydro,information_bulletin,Canada - British Columbia,BC Hydro primary service requirements,2026-019,BC Hydro requirement or reference where applicable,"BC Hydro record for Information Bulletin 2026-019: Released Requirements for Customer-Owned Primary Services Supplied at 4 kV to 35 kV, Revision 5.",https://app.bchydro.com/content/dam/BCHydro/customer-portal/documents/distribution/standards/ds-info-bulletin-EA2026-019.pdf,https://app.bchydro.com/content/dam/BCHydro/customer-portal/documents/distribution/standards/ds-info-bulletin-EA2026-019.pdf,Extracted from official BC Hydro Distribution Technical Standards and Guides source page.
BCHYDRO-INFORMATION-BULLETIN-2026-024,Information Bulletin 2026-024,Information Bulletin 2026-024: Released Secondary Customer Service Requirements - Up to 750 V Phase-to-Ground,BC Hydro,information_bulletin,Canada - British Columbia,BC Hydro secondary service requirements,2026-024,BC Hydro requirement or reference where applicable,BC Hydro record for Information Bulletin 2026-024: Released Secondary Customer Service Requirements - Up to 750 V Phase-to-Ground.,https://app.bchydro.com/content/dam/BCHydro/customer-portal/documents/distribution/standards/ds-info-bulletin-EA2026-024.pdf,https://app.bchydro.com/content/dam/BCHydro/customer-portal/documents/distribution/standards/ds-info-bulletin-EA2026-024.pdf,Extracted from official BC Hydro Distribution Technical Standards and Guides source page.
BCHYDRO-INFORMATION-BULLETIN-2026-025,Information Bulletin 2026-025,Information Bulletin 2026-025: Released ES54 Section S Services Standards for BC Hydro-Owned Switchgear on Private Property,BC Hydro,information_bulletin,Canada - British Columbia,BC Hydro distribution information bulletins,2026-025,BC Hydro requirement or reference where applicable,BC Hydro record for Information Bulletin 2026-025: Released ES54 Section S Services Standards for BC Hydro-Owned Switchgear on Private Property.,https://app.bchydro.com/content/dam/BCHydro/customer-portal/documents/distribution/standards/ds-info-bulletin-EA2026-025.pdf,https://app.bchydro.com/content/dam/BCHydro/customer-portal/documents/distribution/standards/ds-info-bulletin-EA2026-025.pdf,Extracted from official BC Hydro Distribution Technical Standards and Guides source page.
BCHYDRO-INFORMATION-BULLETIN-EA2015-006-R1,Information Bulletin EA2015 006 R1,"Information Bulletin: Equipment and Connection Changes for Secondary Underground Customer Services, 120/240 V up to 600 A, Single-Phase",BC Hydro,information_bulletin,Canada - British Columbia,BC Hydro secondary service requirements,current,BC Hydro requirement or reference where applicable,"BC Hydro record for Information Bulletin: Equipment and Connection Changes for Secondary Underground Customer Services, 120/240 V up to 600 A, Single-Phase.",https://app.bchydro.com/accounts-billing/electrical-connections/distribution-standards/LA-ES53-EA2015-006-R1-equipment-connection-changes-secondary-ug-customer-services.html,https://app.bchydro.com/content/dam/BCHydro/customer-portal/documents/distribution/standards/ds-es53-ea2015-006-r1-equipment-connection-changes-secondary-ug-customer-services.pdf,Extracted from official BC Hydro Distribution Technical Standards and Guides source page.
BCHYDRO-COWS-1319-R8,COWS 1319 R8,Overhead Electrical Distribution Work (No. 1319 R8),BC Hydro,work_specification,Canada - British Columbia,BC Hydro class of work specifications,R8,BC Hydro requirement or reference where applicable,BC Hydro record for Overhead Electrical Distribution Work (No. 1319 R8).,https://app.bchydro.com/accounts-billing/electrical-connections/distribution-standards/legal-cows-1319-r8.html,https://app.bchydro.com/content/dam/BCHydro/customer-portal/documents/distribution/standards/ds-cows-1319-r8.pdf,Extracted from official BC Hydro Distribution Technical Standards and Guides source page.
BCHYDRO-POR-2021-001-R0,POR 2021-001 R0,POR 2021-001 R0 Assurance of Professional Design,BC Hydro,form,Canada - British Columbia,BC Hydro distribution technical publications,R0,Supporting workflow or guidance document,BC Hydro record for POR 2021-001 R0 Assurance of Professional Design.,https://app.bchydro.com/content/dam/BCHydro/customer-portal/documents/distribution/standards/ds-por-2021-001-r0.docx,https://app.bchydro.com/content/dam/BCHydro/customer-portal/documents/distribution/standards/ds-por-2021-001-r0.docx,Extracted from official BC Hydro Distribution Technical Standards and Guides source page.
BCHYDRO-POR-2021-002-R0,POR 2021-002 R0,POR 2021-002 R0 Assurance of Field Review,BC Hydro,form,Canada - British Columbia,BC Hydro distribution technical publications,R0,Supporting workflow or guidance document,BC Hydro record for POR 2021-002 R0 Assurance of Field Review.,https://app.bchydro.com/content/dam/BCHydro/customer-portal/documents/distribution/standards/ds-por-2021-002-r0.docx,https://app.bchydro.com/content/dam/BCHydro/customer-portal/documents/distribution/standards/ds-por-2021-002-r0.docx,Extracted from official BC Hydro Distribution Technical Standards and Guides source page.
BCHYDRO-PRIMARY-GUIDE-2025-REVISION-4,Primary Guide 2025 (Revision 4),Primary Guide 2025 (Revision 4),BC Hydro,guidance,Canada - British Columbia,BC Hydro primary service requirements,2025,Supporting workflow or guidance document,BC Hydro record for Primary Guide 2025 (Revision 4).,https://app.bchydro.com/accounts-billing/electrical-connections/distribution-standards/legal-primary-guide.html,https://app.bchydro.com/content/dam/BCHydro/customer-portal/documents/distribution/standards/ds-primary-guide.pdf,Extracted from official BC Hydro Distribution Technical Standards and Guides source page.
BCHYDRO-PRIMARY-GUIDE-CHECKLIST,Primary Guide Checklist,Primary Guide Checklist,BC Hydro,checklist,Canada - British Columbia,BC Hydro primary service requirements,current,Supporting workflow or guidance document,BC Hydro record for Primary Guide Checklist.,https://app.bchydro.com/content/dam/BCHydro/customer-portal/documents/distribution/standards/ds-primary-guide-checklist.pdf,https://app.bchydro.com/content/dam/BCHydro/customer-portal/documents/distribution/standards/ds-primary-guide-checklist.pdf,Extracted from official BC Hydro Distribution Technical Standards and Guides source page.
BCHYDRO-STATEMENT-TO-BC-HYDRO-REGARDING-PRIMARY,Statement to BC Hydro Regarding Primary,Statement to BC Hydro Regarding Primary Voltage Service Entrance Equipment,BC Hydro,standard,Canada - British Columbia,BC Hydro distribution technical publications,current,BC Hydro requirement or reference where applicable,BC Hydro record for Statement to BC Hydro Regarding Primary Voltage Service Entrance Equipment.,https://app.bchydro.com/content/dam/BCHydro/customer-portal/documents/distribution/standards/ds-equipment-statement-form.pdf,https://app.bchydro.com/content/dam/BCHydro/customer-portal/documents/distribution/standards/ds-equipment-statement-form.pdf,Extracted from official BC Hydro Distribution Technical Standards and Guides source page.
BCHYDRO-STATEMENT-TO-BC-HYDRO-REGARDING-PRIMARY-VOLTAGE-SERVICE-ENTRANCE-EQUIPMENT-2026,Statement to BC Hydro Regarding Primary,Statement to BC Hydro Regarding Primary Voltage Service Entrance Equipment (2026),BC Hydro,standard,Canada - British Columbia,BC Hydro distribution technical publications,2026,BC Hydro requirement or reference where applicable,BC Hydro record for Statement to BC Hydro Regarding Primary Voltage Service Entrance Equipment (2026).,https://app.bchydro.com/content/dam/BCHydro/customer-portal/documents/distribution/standards/ds-primary-service-requirements-form.pdf,https://app.bchydro.com/content/dam/BCHydro/customer-portal/documents/distribution/standards/ds-primary-service-requirements-form.pdf,Extracted from official BC Hydro Distribution Technical Standards and Guides source page.
BCHYDRO-COWS-1324-R0,COWS 1324 R0,Trenchless Installation of Electrical Conduits by a BC Hydro Contractor (No. 1324 R0),BC Hydro,work_specification,Canada - British Columbia,BC Hydro class of work specifications,R0,BC Hydro requirement or reference where applicable,BC Hydro record for Trenchless Installation of Electrical Conduits by a BC Hydro Contractor (No. 1324 R0).,https://app.bchydro.com/accounts-billing/electrical-connections/distribution-standards/legal-cows-1324-r0.html,https://app.bchydro.com/content/dam/BCHydro/customer-portal/documents/distribution/standards/ds-cows-1324-r0.pdf,Extracted from official BC Hydro Distribution Technical Standards and Guides source page.
BCHYDRO-COWS-1325-R0,COWS 1325 R0,Trenchless Installation of Electrical Conduits by a BC Hydro Customer (No. 1325 R0),BC Hydro,work_specification,Canada - British Columbia,BC Hydro class of work specifications,R0,BC Hydro requirement or reference where applicable,BC Hydro record for Trenchless Installation of Electrical Conduits by a BC Hydro Customer (No. 1325 R0).,https://app.bchydro.com/accounts-billing/electrical-connections/distribution-standards/legal-cows-1325-r0.html,https://app.bchydro.com/content/dam/BCHydro/customer-portal/documents/distribution/standards/ds-cows-1325-r0.pdf,Extracted from official BC Hydro Distribution Technical Standards and Guides source page.
BCHYDRO-UNDERGROUND-TRANSFORMATION-OPTIONS-FOR-SPACE-CONSTRAINED,Underground transformation options for space constrained,Underground transformation options for space constrained urban developments,BC Hydro,form,Canada - British Columbia,BC Hydro distribution technical publications,current,Supporting workflow or guidance document,BC Hydro record for Underground transformation options for space constrained urban developments.,https://app.bchydro.com/content/dam/BCHydro/customer-portal/documents/distribution/standards/CS-1684-Underground-Transformation-Options.pdf,https://app.bchydro.com/content/dam/BCHydro/customer-portal/documents/distribution/standards/CS-1684-Underground-Transformation-Options.pdf,Extracted from official BC Hydro Distribution Technical Standards and Guides source page.
BCHYDRO-TARIFF-SUPPLEMENT-102,Tariff Supplement 102,Tariff Supplement 102: Richmond Plywood Corporation Limited,BC Hydro,tariff_supplement,Canada - British Columbia,BC Hydro electric tariff,current,Regulated tariff terms where applicable,BC Hydro record for Tariff Supplement 102: Richmond Plywood Corporation Limited.,https://www.bchydro.com/content/dam/BCHydro/customer-portal/documents/corporate/tariff-filings/electric-tariff/electric-tariff-supplement-102.pdf,https://www.bchydro.com/content/dam/BCHydro/customer-portal/documents/corporate/tariff-filings/electric-tariff/electric-tariff-supplement-102.pdf,Extracted from official BC Hydro Electric Tariff source page.
BCHYDRO-TARIFF-SUPPLEMENT-103,Tariff Supplement 103,Tariff Supplement 103: Mount Polley Mining Corporation,BC Hydro,tariff_supplement,Canada - British Columbia,BC Hydro electric tariff,current,Regulated tariff terms where applicable,BC Hydro record for Tariff Supplement 103: Mount Polley Mining Corporation.,https://www.bchydro.com/content/dam/BCHydro/customer-portal/documents/corporate/tariff-filings/electric-tariff/103-ts-103-pub-mount-polley-mining.pdf,https://www.bchydro.com/content/dam/BCHydro/customer-portal/documents/corporate/tariff-filings/electric-tariff/103-ts-103-pub-mount-polley-mining.pdf,Extracted from official BC Hydro Electric Tariff source page.
BCHYDRO-TARIFF-SUPPLEMENT-106,Tariff Supplement 106,Tariff Supplement 106: Pretium Resources Inc.,BC Hydro,tariff_supplement,Canada - British Columbia,BC Hydro electric tariff,current,Regulated tariff terms where applicable,BC Hydro record for Tariff Supplement 106: Pretium Resources Inc.,https://www.bchydro.com/content/dam/BCHydro/customer-portal/documents/corporate/tariff-filings/electric-tariff/106-ts-106-pretium-resources-inc.pdf,https://www.bchydro.com/content/dam/BCHydro/customer-portal/documents/corporate/tariff-filings/electric-tariff/106-ts-106-pretium-resources-inc.pdf,Extracted from official BC Hydro Electric Tariff source page.
BCHYDRO-TARIFF-SUPPLEMENT-108,Tariff Supplement 108,Tariff Supplement 108: Dawson Creek Area Interim Transmission Service,BC Hydro,tariff_supplement,Canada - British Columbia,BC Hydro electric tariff,current,Regulated tariff terms where applicable,BC Hydro record for Tariff Supplement 108: Dawson Creek Area Interim Transmission Service.,https://www.bchydro.com/content/dam/BCHydro/customer-portal/documents/corporate/tariff-filings/electric-tariff/ts-108-dawson-creek-area-interim-transmission-service.pdf,https://www.bchydro.com/content/dam/BCHydro/customer-portal/documents/corporate/tariff-filings/electric-tariff/ts-108-dawson-creek-area-interim-transmission-service.pdf,Extracted from official BC Hydro Electric Tariff source page.
BCHYDRO-TARIFF-SUPPLEMENT-109,Tariff Supplement 109,Tariff Supplement 109: North Coast Transmission Line Development Security Agreement,BC Hydro,tariff_supplement,Canada - British Columbia,BC Hydro electric tariff,current,Regulated tariff terms where applicable,BC Hydro record for Tariff Supplement 109: North Coast Transmission Line Development Security Agreement.,https://www.bchydro.com/content/dam/BCHydro/customer-portal/documents/corporate/tariff-filings/electric-tariff/ts-109-north-coast-transmission-line-development-security-agreement.pdf,https://www.bchydro.com/content/dam/BCHydro/customer-portal/documents/corporate/tariff-filings/electric-tariff/ts-109-north-coast-transmission-line-development-security-agreement.pdf,Extracted from official BC Hydro Electric Tariff source page.
BCHYDRO-TARIFF-SUPPLEMENT-110,Tariff Supplement 110,Tariff Supplement 110: Natal Load Curtailment,BC Hydro,tariff_supplement,Canada - British Columbia,BC Hydro electric tariff,current,Regulated tariff terms where applicable,BC Hydro record for Tariff Supplement 110: Natal Load Curtailment.,https://www.bchydro.com/content/dam/BCHydro/customer-portal/documents/corporate/tariff-filings/electric-tariff/ts-110-natal-load-curtailment.pdf,https://www.bchydro.com/content/dam/BCHydro/customer-portal/documents/corporate/tariff-filings/electric-tariff/ts-110-natal-load-curtailment.pdf,Extracted from official BC Hydro Electric Tariff source page.
BCHYDRO-TARIFF-SUPPLEMENT-112,Tariff Supplement 112,Tariff Supplement 112: Interruptible Electricity Supply Agreement between BC Hydro and Tll Yahda Energy for the Solar North (SNR) Generating Facility,BC Hydro,tariff_supplement,Canada - British Columbia,BC Hydro electric tariff,current,Regulated tariff terms where applicable,BC Hydro record for Tariff Supplement 112: Interruptible Electricity Supply Agreement between BC Hydro and Tll Yahda Energy for the Solar North (SNR) Generating Facility.,https://www.bchydro.com/content/dam/BCHydro/customer-portal/documents/corporate/tariff-filings/electric-tariff/electric-tariff-supplement-112.pdf,https://www.bchydro.com/content/dam/BCHydro/customer-portal/documents/corporate/tariff-filings/electric-tariff/electric-tariff-supplement-112.pdf,Extracted from official BC Hydro Electric Tariff source page.
BCHYDRO-TARIFF-SUPPLEMENT-114,Tariff Supplement 114,Tariff Supplement 114: North Coast Supplement to Electricity Supply Agreement,BC Hydro,tariff_supplement,Canada - British Columbia,BC Hydro electric tariff,current,Regulated tariff terms where applicable,BC Hydro record for Tariff Supplement 114: North Coast Supplement to Electricity Supply Agreement.,https://www.bchydro.com/content/dam/BCHydro/customer-portal/documents/corporate/tariff-filings/electric-tariff/ts-114-north-coast-supplement-to-electricity-supply-agreement.pdf,https://www.bchydro.com/content/dam/BCHydro/customer-portal/documents/corporate/tariff-filings/electric-tariff/ts-114-north-coast-supplement-to-electricity-supply-agreement.pdf,Extracted from official BC Hydro Electric Tariff source page.
BCHYDRO-TARIFF-SUPPLEMENT-115,Tariff Supplement 115,Tariff Supplement 115: North Coast Supplement to Facilities Agreement,BC Hydro,tariff_supplement,Canada - British Columbia,BC Hydro electric tariff,current,Regulated tariff terms where applicable,BC Hydro record for Tariff Supplement 115: North Coast Supplement to Facilities Agreement.,https://www.bchydro.com/content/dam/BCHydro/customer-portal/documents/corporate/tariff-filings/electric-tariff/ts-115-north-coast-supplement-to-facilities-agreement.pdf,https://www.bchydro.com/content/dam/BCHydro/customer-portal/documents/corporate/tariff-filings/electric-tariff/ts-115-north-coast-supplement-to-facilities-agreement.pdf,Extracted from official BC Hydro Electric Tariff source page.
BCHYDRO-TARIFF-SUPPLEMENT-118,Tariff Supplement 118,Tariff Supplement 118: Interruptible Electricity Supply Agreement between BC Hydro and Ulkatcho Energy Limited Partnership for The Solar Generating Facility at Anahim Lake,BC Hydro,tariff_supplement,Canada - British Columbia,BC Hydro electric tariff,current,Regulated tariff terms where applicable,BC Hydro record for Tariff Supplement 118: Interruptible Electricity Supply Agreement between BC Hydro and Ulkatcho Energy Limited Partnership for The Solar Generating Facility at Anahim Lake.,https://www.bchydro.com/content/dam/BCHydro/customer-portal/documents/corporate/tariff-filings/electric-tariff/electric-tariff-supplement-118.pdf,https://www.bchydro.com/content/dam/BCHydro/customer-portal/documents/corporate/tariff-filings/electric-tariff/electric-tariff-supplement-118.pdf,Extracted from official BC Hydro Electric Tariff source page.
BCHYDRO-TARIFF-SUPPLEMENT-54,Tariff Supplement 54,Tariff Supplement 54: Modified Demand Agreement for RS 1852,BC Hydro,tariff_supplement,Canada - British Columbia,BC Hydro electric tariff,current,Regulated tariff terms where applicable,BC Hydro record for Tariff Supplement 54: Modified Demand Agreement for RS 1852.,https://www.bchydro.com/content/dam/BCHydro/customer-portal/documents/corporate/tariff-filings/electric-tariff/Tariff-Supplement-54-Modified-Demand-Agreement-for-RS1852.pdf,https://www.bchydro.com/content/dam/BCHydro/customer-portal/documents/corporate/tariff-filings/electric-tariff/Tariff-Supplement-54-Modified-Demand-Agreement-for-RS1852.pdf,Extracted from official BC Hydro Electric Tariff source page.
BCHYDRO-TARIFF-SUPPLEMENT-74,Tariff Supplement 74,Tariff Supplement 74: Customer Baseline Load Determination Guidelines,BC Hydro,tariff_supplement,Canada - British Columbia,BC Hydro electric tariff,current,Regulated tariff terms where applicable,BC Hydro record for Tariff Supplement 74: Customer Baseline Load Determination Guidelines.,https://www.bchydro.com/content/dam/BCHydro/customer-portal/documents/corporate/tariff-filings/electric-tariff/tariff-supplement-74-baseline-load-determination.pdf,https://www.bchydro.com/content/dam/BCHydro/customer-portal/documents/corporate/tariff-filings/electric-tariff/tariff-supplement-74-baseline-load-determination.pdf,Extracted from official BC Hydro Electric Tariff source page.
BCHYDRO-TARIFF-SUPPLEMENT-86,Tariff Supplement 86,Tariff Supplement 86: Shore Power Service Agreement,BC Hydro,tariff_supplement,Canada - British Columbia,BC Hydro electric tariff,current,Regulated tariff terms where applicable,BC Hydro record for Tariff Supplement 86: Shore Power Service Agreement.,https://www.bchydro.com/content/dam/BCHydro/customer-portal/documents/corporate/tariff-filings/electric-tariff/086-ts-86-shore-power-service-agreement.pdf,https://www.bchydro.com/content/dam/BCHydro/customer-portal/documents/corporate/tariff-filings/electric-tariff/086-ts-86-shore-power-service-agreement.pdf,Extracted from official BC Hydro Electric Tariff source page.
BCHYDRO-TARIFF-SUPPLEMENT-87,Tariff Supplement 87,Tariff Supplement 87: Agreement for Customers with an Indirect Interconnection to the BC Hydro System Taking Electricity under an Applicable Rate Schedule,BC Hydro,tariff_supplement,Canada - British Columbia,BC Hydro electric tariff,current,Regulated tariff terms where applicable,BC Hydro record for Tariff Supplement 87: Agreement for Customers with an Indirect Interconnection to the BC Hydro System Taking Electricity under an Applicable Rate Schedule.,https://www.bchydro.com/content/dam/BCHydro/customer-portal/documents/corporate/tariff-filings/electric-tariff/087%20TS_87.pdf,https://www.bchydro.com/content/dam/BCHydro/customer-portal/documents/corporate/tariff-filings/electric-tariff/087%20TS_87.pdf,Extracted from official BC Hydro Electric Tariff source page.
BCHYDRO-TARIFF-SUPPLEMENT-88,Tariff Supplement 88,Tariff Supplement 88: Agreement for New Transmission Service Customers with an Indirect Interconnection to the BC Hydro System,BC Hydro,tariff_supplement,Canada - British Columbia,BC Hydro electric tariff,current,Regulated tariff terms where applicable,BC Hydro record for Tariff Supplement 88: Agreement for New Transmission Service Customers with an Indirect Interconnection to the BC Hydro System.,https://www.bchydro.com/content/dam/BCHydro/customer-portal/documents/corporate/tariff-filings/electric-tariff/088%20TS_88.pdf,https://www.bchydro.com/content/dam/BCHydro/customer-portal/documents/corporate/tariff-filings/electric-tariff/088%20TS_88.pdf,Extracted from official BC Hydro Electric Tariff source page.
BCHYDRO-TARIFF-SUPPLEMENT-89,Tariff Supplement 89,Tariff Supplement 89: Billing Formula for Customers that Sell Electricity to BC Hydro pursuant to an Electricity Purchase Agreement with a Contracted GBL,BC Hydro,tariff_supplement,Canada - British Columbia,BC Hydro electric tariff,current,Regulated tariff terms where applicable,BC Hydro record for Tariff Supplement 89: Billing Formula for Customers that Sell Electricity to BC Hydro pursuant to an Electricity Purchase Agreement with a Contracted GBL.,https://www.bchydro.com/content/dam/BCHydro/customer-portal/documents/corporate/tariff-filings/electric-tariff/tariff-supplement-89.pdf,https://www.bchydro.com/content/dam/BCHydro/customer-portal/documents/corporate/tariff-filings/electric-tariff/tariff-supplement-89.pdf,Extracted from official BC Hydro Electric Tariff source page.
BCHYDRO-TARIFF-SUPPLEMENT-93,Tariff Supplement 93,Tariff Supplement 93: West Fraser Mills Ltd - Pacific Inland Resources Division,BC Hydro,tariff_supplement,Canada - British Columbia,BC Hydro electric tariff,current,Regulated tariff terms where applicable,BC Hydro record for Tariff Supplement 93: West Fraser Mills Ltd - Pacific Inland Resources Division.,https://www.bchydro.com/content/dam/BCHydro/customer-portal/documents/corporate/tariff-filings/electric-tariff/Tariff-Supplement-93-West-Fraser-Mills-Ltd-Pacific-Inland-Resources-Division.pdf,https://www.bchydro.com/content/dam/BCHydro/customer-portal/documents/corporate/tariff-filings/electric-tariff/Tariff-Supplement-93-West-Fraser-Mills-Ltd-Pacific-Inland-Resources-Division.pdf,Extracted from official BC Hydro Electric Tariff source page.
BCHYDRO-TARIFF-SUPPLEMENT-94,Tariff Supplement 94,Tariff Supplement 94: Interruptible Electricity Supply Agreement between BC Hydro and IPP Customer for the Fort Ware Generating Facility,BC Hydro,tariff_supplement,Canada - British Columbia,BC Hydro electric tariff,current,Regulated tariff terms where applicable,BC Hydro record for Tariff Supplement 94: Interruptible Electricity Supply Agreement between BC Hydro and IPP Customer for the Fort Ware Generating Facility.,https://www.bchydro.com/content/dam/BCHydro/customer-portal/documents/corporate/tariff-filings/electric-tariff/094-TS-94.pdf,https://www.bchydro.com/content/dam/BCHydro/customer-portal/documents/corporate/tariff-filings/electric-tariff/094-TS-94.pdf,Extracted from official BC Hydro Electric Tariff source page.
BCHYDRO-TARIFF-SUPPLEMENT-95,Tariff Supplement 95,Tariff Supplement 95: Department of National Defence,BC Hydro,tariff_supplement,Canada - British Columbia,BC Hydro electric tariff,current,Regulated tariff terms where applicable,BC Hydro record for Tariff Supplement 95: Department of National Defence.,https://www.bchydro.com/content/dam/BCHydro/customer-portal/documents/corporate/tariff-filings/electric-tariff/095-ts-95-pub.pdf,https://www.bchydro.com/content/dam/BCHydro/customer-portal/documents/corporate/tariff-filings/electric-tariff/095-ts-95-pub.pdf,Extracted from official BC Hydro Electric Tariff source page.
BCHYDRO-ATTACHMENT-A,Attachment A,Attachment A: Umbrella Agreement for Short-Term Firm or Non-Firm Point-to-Point Transmission Service,BC Hydro,tariff_attachment,Canada - British Columbia,BC Hydro transmission tariff,current,Regulated tariff terms where applicable,BC Hydro record for Attachment A: Umbrella Agreement for Short-Term Firm or Non-Firm Point-to-Point Transmission Service.,https://www.bchydro.com/content/dam/BCHydro/customer-portal/documents/corporate/tariff-filings/open-access-transmission-tariff/02-attachment-a-oatt.pdf,https://www.bchydro.com/content/dam/BCHydro/customer-portal/documents/corporate/tariff-filings/open-access-transmission-tariff/02-attachment-a-oatt.pdf,Extracted from official BC Hydro Open Access Transmission Tariff source page.
BCHYDRO-ATTACHMENT-B,Attachment B,Attachment B: Form of Service Agreement for Long-Term Firm Point-to-Point Transmission Service,BC Hydro,tariff_attachment,Canada - British Columbia,BC Hydro transmission tariff,current,Regulated tariff terms where applicable,BC Hydro record for Attachment B: Form of Service Agreement for Long-Term Firm Point-to-Point Transmission Service.,https://www.bchydro.com/content/dam/BCHydro/customer-portal/documents/corporate/tariff-filings/open-access-transmission-tariff/04-attachment-b-oatt.pdf,https://www.bchydro.com/content/dam/BCHydro/customer-portal/documents/corporate/tariff-filings/open-access-transmission-tariff/04-attachment-b-oatt.pdf,Extracted from official BC Hydro Open Access Transmission Tariff source page.
BCHYDRO-ATTACHMENT-B-1,Attachment B-1,"Attachment B-1: Form of Service Agreement for the Resale, Reassignment, or Transfer of Long-Term Firm Point-to-Point Transmission Service",BC Hydro,tariff_attachment,Canada - British Columbia,BC Hydro transmission tariff,current,Regulated tariff terms where applicable,"BC Hydro record for Attachment B-1: Form of Service Agreement for the Resale, Reassignment, or Transfer of Long-Term Firm Point-to-Point Transmission Service.",https://www.bchydro.com/content/dam/BCHydro/customer-portal/documents/corporate/tariff-filings/open-access-transmission-tariff/05-attachment-b1-oatt.pdf,https://www.bchydro.com/content/dam/BCHydro/customer-portal/documents/corporate/tariff-filings/open-access-transmission-tariff/05-attachment-b1-oatt.pdf,Extracted from official BC Hydro Open Access Transmission Tariff source page.
BCHYDRO-ATTACHMENT-C,Attachment C,Attachment C: Methodology to Assess Available Transfer Capability,BC Hydro,tariff_attachment,Canada - British Columbia,BC Hydro transmission tariff,current,Regulated tariff terms where applicable,BC Hydro record for Attachment C: Methodology to Assess Available Transfer Capability.,https://www.bchydro.com/content/dam/BCHydro/customer-portal/documents/corporate/tariff-filings/open-access-transmission-tariff/06-attachment-c-oatt.pdf,https://www.bchydro.com/content/dam/BCHydro/customer-portal/documents/corporate/tariff-filings/open-access-transmission-tariff/06-attachment-c-oatt.pdf,Extracted from official BC Hydro Open Access Transmission Tariff source page.
BCHYDRO-ATTACHMENT-D,Attachment D,Attachment D: Methodology for Completing a System Impact Study,BC Hydro,tariff_attachment,Canada - British Columbia,BC Hydro transmission tariff,current,Regulated tariff terms where applicable,BC Hydro record for Attachment D: Methodology for Completing a System Impact Study.,https://www.bchydro.com/content/dam/BCHydro/customer-portal/documents/corporate/tariff-filings/open-access-transmission-tariff/07-attachment-d-oatt.pdf,https://www.bchydro.com/content/dam/BCHydro/customer-portal/documents/corporate/tariff-filings/open-access-transmission-tariff/07-attachment-d-oatt.pdf,Extracted from official BC Hydro Open Access Transmission Tariff source page.
BCHYDRO-ATTACHMENT-E,Attachment E,Attachment E: Index of Point-to-Point Transmission Service Customers,BC Hydro,tariff_attachment,Canada - British Columbia,BC Hydro transmission tariff,current,Regulated tariff terms where applicable,BC Hydro record for Attachment E: Index of Point-to-Point Transmission Service Customers.,https://www.bchydro.com/content/dam/BCHydro/customer-portal/documents/corporate/tariff-filings/open-access-transmission-tariff/08-attachment-e-oatt.pdf,https://www.bchydro.com/content/dam/BCHydro/customer-portal/documents/corporate/tariff-filings/open-access-transmission-tariff/08-attachment-e-oatt.pdf,Extracted from official BC Hydro Open Access Transmission Tariff source page.
BCHYDRO-ATTACHMENT-F,Attachment F,Attachment F: Form of Service Agreement for Network Integration Transmission Service,BC Hydro,tariff_attachment,Canada - British Columbia,BC Hydro transmission tariff,current,Regulated tariff terms where applicable,BC Hydro record for Attachment F: Form of Service Agreement for Network Integration Transmission Service.,https://www.bchydro.com/content/dam/BCHydro/customer-portal/documents/corporate/tariff-filings/open-access-transmission-tariff/09-attachment-f-oatt.pdf,https://www.bchydro.com/content/dam/BCHydro/customer-portal/documents/corporate/tariff-filings/open-access-transmission-tariff/09-attachment-f-oatt.pdf,Extracted from official BC Hydro Open Access Transmission Tariff source page.
BCHYDRO-ATTACHMENT-G,Attachment G,Attachment G: Network Operating Agreement,BC Hydro,tariff_attachment,Canada - British Columbia,BC Hydro transmission tariff,current,Regulated tariff terms where applicable,BC Hydro record for Attachment G: Network Operating Agreement.,https://www.bchydro.com/content/dam/BCHydro/customer-portal/documents/corporate/tariff-filings/open-access-transmission-tariff/10-attachment-g-oatt.pdf,https://www.bchydro.com/content/dam/BCHydro/customer-portal/documents/corporate/tariff-filings/open-access-transmission-tariff/10-attachment-g-oatt.pdf,Extracted from official BC Hydro Open Access Transmission Tariff source page.
BCHYDRO-ATTACHMENT-H,Attachment H,Attachment H: Annual Transmission Revenue Requirement for Network Integration Transmission Service,BC Hydro,tariff_attachment,Canada - British Columbia,BC Hydro transmission tariff,current,Regulated tariff terms where applicable,BC Hydro record for Attachment H: Annual Transmission Revenue Requirement for Network Integration Transmission Service.,https://www.bchydro.com/content/dam/BCHydro/customer-portal/documents/corporate/tariff-filings/open-access-transmission-tariff/11-attachment-h-oatt.pdf,https://www.bchydro.com/content/dam/BCHydro/customer-portal/documents/corporate/tariff-filings/open-access-transmission-tariff/11-attachment-h-oatt.pdf,Extracted from official BC Hydro Open Access Transmission Tariff source page.
BCHYDRO-ATTACHMENT-I,Attachment I,Attachment I: Index of Network Integration Transmission Service Customers,BC Hydro,tariff_attachment,Canada - British Columbia,BC Hydro transmission tariff,current,Regulated tariff terms where applicable,BC Hydro record for Attachment I: Index of Network Integration Transmission Service Customers.,https://www.bchydro.com/content/dam/BCHydro/customer-portal/documents/corporate/tariff-filings/open-access-transmission-tariff/12-attachment-i-oatt.pdf,https://www.bchydro.com/content/dam/BCHydro/customer-portal/documents/corporate/tariff-filings/open-access-transmission-tariff/12-attachment-i-oatt.pdf,Extracted from official BC Hydro Open Access Transmission Tariff source page.
BCHYDRO-ATTACHMENT-J,Attachment J,Attachment J: Procedures for Addressing Parallel Flows,BC Hydro,tariff_attachment,Canada - British Columbia,BC Hydro transmission tariff,current,Regulated tariff terms where applicable,BC Hydro record for Attachment J: Procedures for Addressing Parallel Flows.,https://www.bchydro.com/content/dam/BCHydro/customer-portal/documents/corporate/tariff-filings/open-access-transmission-tariff/13-attachment-j-oatt.pdf,https://www.bchydro.com/content/dam/BCHydro/customer-portal/documents/corporate/tariff-filings/open-access-transmission-tariff/13-attachment-j-oatt.pdf,Extracted from official BC Hydro Open Access Transmission Tariff source page.
BCHYDRO-ATTACHMENT-L,Attachment L,Attachment L: Creditworthiness Provisions,BC Hydro,tariff_attachment,Canada - British Columbia,BC Hydro transmission tariff,current,Regulated tariff terms where applicable,BC Hydro record for Attachment L: Creditworthiness Provisions.,https://www.bchydro.com/content/dam/BCHydro/customer-portal/documents/corporate/tariff-filings/open-access-transmission-tariff/15-attachment-l-oatt.pdf,https://www.bchydro.com/content/dam/BCHydro/customer-portal/documents/corporate/tariff-filings/open-access-transmission-tariff/15-attachment-l-oatt.pdf,Extracted from official BC Hydro Open Access Transmission Tariff source page.
BCHYDRO-ATTACHMENT-M-1-APPENDIX-1,Attachment M-1 Appendix 1,Attachment M-1 Appendix 1: Interconnection Request for a Generating Facility,BC Hydro,tariff_attachment,Canada - British Columbia,BC Hydro transmission tariff,current,Regulated tariff terms where applicable,BC Hydro record for Attachment M-1 Appendix 1: Interconnection Request for a Generating Facility.,https://www.bchydro.com/content/dam/BCHydro/customer-portal/documents/corporate/tariff-filings/open-access-transmission-tariff/17-attachment-m1-appendix-1-oatt.pdf,https://www.bchydro.com/content/dam/BCHydro/customer-portal/documents/corporate/tariff-filings/open-access-transmission-tariff/17-attachment-m1-appendix-1-oatt.pdf,Extracted from official BC Hydro Open Access Transmission Tariff source page.
BCHYDRO-ATTACHMENT-M-1-APPENDIX-2,Attachment M-1 Appendix 2,Attachment M-1 Appendix 2: Interconnection Feasibility Study Agreement,BC Hydro,tariff_attachment,Canada - British Columbia,BC Hydro transmission tariff,current,Regulated tariff terms where applicable,BC Hydro record for Attachment M-1 Appendix 2: Interconnection Feasibility Study Agreement.,https://www.bchydro.com/content/dam/BCHydro/customer-portal/documents/corporate/tariff-filings/open-access-transmission-tariff/18-attachment-m1-appendix-2-oatt.pdf,https://www.bchydro.com/content/dam/BCHydro/customer-portal/documents/corporate/tariff-filings/open-access-transmission-tariff/18-attachment-m1-appendix-2-oatt.pdf,Extracted from official BC Hydro Open Access Transmission Tariff source page.
BCHYDRO-ATTACHMENT-M-1-APPENDIX-3,Attachment M-1 Appendix 3,Attachment M-1 Appendix 3: Combined Study Agreement,BC Hydro,tariff_attachment,Canada - British Columbia,BC Hydro transmission tariff,current,Regulated tariff terms where applicable,BC Hydro record for Attachment M-1 Appendix 3: Combined Study Agreement.,https://www.bchydro.com/content/dam/BCHydro/customer-portal/documents/corporate/tariff-filings/open-access-transmission-tariff/19-attachment-m1-appendix-3-oatt.pdf,https://www.bchydro.com/content/dam/BCHydro/customer-portal/documents/corporate/tariff-filings/open-access-transmission-tariff/19-attachment-m1-appendix-3-oatt.pdf,Extracted from official BC Hydro Open Access Transmission Tariff source page.
BCHYDRO-ATTACHMENT-M-1-APPENDIX-4,Attachment M-1 Appendix 4,Attachment M-1 Appendix 4: Optional Interconnection Study Agreement,BC Hydro,tariff_attachment,Canada - British Columbia,BC Hydro transmission tariff,current,Regulated tariff terms where applicable,BC Hydro record for Attachment M-1 Appendix 4: Optional Interconnection Study Agreement.,https://www.bchydro.com/content/dam/BCHydro/customer-portal/documents/corporate/tariff-filings/open-access-transmission-tariff/20-attachment-m1-appendix-4-oatt.pdf,https://www.bchydro.com/content/dam/BCHydro/customer-portal/documents/corporate/tariff-filings/open-access-transmission-tariff/20-attachment-m1-appendix-4-oatt.pdf,Extracted from official BC Hydro Open Access Transmission Tariff source page.
BCHYDRO-ATTACHMENT-M-1-APPENDIX-5,Attachment M-1 Appendix 5,Attachment M-1 Appendix 5: Standard Generator Interconnection Agreement (SGIA),BC Hydro,tariff_attachment,Canada - British Columbia,BC Hydro transmission tariff,current,Regulated tariff terms where applicable,BC Hydro record for Attachment M-1 Appendix 5: Standard Generator Interconnection Agreement (SGIA).,https://www.bchydro.com/content/dam/BCHydro/customer-portal/documents/corporate/tariff-filings/open-access-transmission-tariff/21-attachment-m1-appendix-5-oatt.pdf,https://www.bchydro.com/content/dam/BCHydro/customer-portal/documents/corporate/tariff-filings/open-access-transmission-tariff/21-attachment-m1-appendix-5-oatt.pdf,Extracted from official BC Hydro Open Access Transmission Tariff source page.
BCHYDRO-ATTACHMENT-M-2,Attachment M-2,Attachment M-2: Transmission Service and Interconnection Service Procedures for CEAPs,BC Hydro,tariff_attachment,Canada - British Columbia,BC Hydro transmission tariff,current,Regulated tariff terms where applicable,BC Hydro record for Attachment M-2: Transmission Service and Interconnection Service Procedures for CEAPs.,https://www.bchydro.com/content/dam/BCHydro/customer-portal/documents/corporate/tariff-filings/open-access-transmission-tariff/22-attachment-m2-oatt.pdf,https://www.bchydro.com/content/dam/BCHydro/customer-portal/documents/corporate/tariff-filings/open-access-transmission-tariff/22-attachment-m2-oatt.pdf,Extracted from official BC Hydro Open Access Transmission Tariff source page.
BCHYDRO-ATTACHMENT-N,Attachment N,Attachment N: Deferral Credits for Long Term Point-to-Point Customers Who Participate in a Dispatch Option During Critical Peak Periods,BC Hydro,tariff_attachment,Canada - British Columbia,BC Hydro transmission tariff,current,Regulated tariff terms where applicable,BC Hydro record for Attachment N: Deferral Credits for Long Term Point-to-Point Customers Who Participate in a Dispatch Option During Critical Peak Periods.,https://www.bchydro.com/content/dam/BCHydro/customer-portal/documents/corporate/tariff-filings/open-access-transmission-tariff/23-attachment-n-oatt.pdf,https://www.bchydro.com/content/dam/BCHydro/customer-portal/documents/corporate/tariff-filings/open-access-transmission-tariff/23-attachment-n-oatt.pdf,Extracted from official BC Hydro Open Access Transmission Tariff source page.
BCHYDRO-ATTACHMENT-O,Attachment O,Attachment O: Recovery of New Facilities Costs,BC Hydro,tariff_attachment,Canada - British Columbia,BC Hydro transmission tariff,current,Regulated tariff terms where applicable,BC Hydro record for Attachment O: Recovery of New Facilities Costs.,https://www.bchydro.com/content/dam/BCHydro/customer-portal/documents/corporate/tariff-filings/open-access-transmission-tariff/24-Attachment-o-oatt.pdf,https://www.bchydro.com/content/dam/BCHydro/customer-portal/documents/corporate/tariff-filings/open-access-transmission-tariff/24-Attachment-o-oatt.pdf,Extracted from official BC Hydro Open Access Transmission Tariff source page.
BCHYDRO-ATTACHMENT-P,Attachment P,Attachment P: Contingency Resource Plans (CRP) and Release of Capacity Not Required by Network Integration Transmission Service (NITS),BC Hydro,tariff_attachment,Canada - British Columbia,BC Hydro transmission tariff,current,Regulated tariff terms where applicable,BC Hydro record for Attachment P: Contingency Resource Plans (CRP) and Release of Capacity Not Required by Network Integration Transmission Service (NITS).,https://www.bchydro.com/content/dam/BCHydro/customer-portal/documents/corporate/tariff-filings/open-access-transmission-tariff/25-attachment-p-oatt.pdf,https://www.bchydro.com/content/dam/BCHydro/customer-portal/documents/corporate/tariff-filings/open-access-transmission-tariff/25-attachment-p-oatt.pdf,Extracted from official BC Hydro Open Access Transmission Tariff source page.
BCHYDRO-ATTACHMENT-Q-1,Attachment Q-1,Attachment Q-1: Dynamic Scheduling,BC Hydro,tariff_attachment,Canada - British Columbia,BC Hydro transmission tariff,current,Regulated tariff terms where applicable,BC Hydro record for Attachment Q-1: Dynamic Scheduling.,https://www.bchydro.com/content/dam/BCHydro/customer-portal/documents/corporate/tariff-filings/open-access-transmission-tariff/26-attachment-q1-oatt.pdf,https://www.bchydro.com/content/dam/BCHydro/customer-portal/documents/corporate/tariff-filings/open-access-transmission-tariff/26-attachment-q1-oatt.pdf,Extracted from official BC Hydro Open Access Transmission Tariff source page.
BCHYDRO-ATTACHMENT-Q-2,Attachment Q-2,Attachment Q-2: Network Economy Service,BC Hydro,tariff_attachment,Canada - British Columbia,BC Hydro transmission tariff,current,Regulated tariff terms where applicable,BC Hydro record for Attachment Q-2: Network Economy Service.,https://www.bchydro.com/content/dam/BCHydro/customer-portal/documents/corporate/tariff-filings/open-access-transmission-tariff/27-attachment-q2-oatt.pdf,https://www.bchydro.com/content/dam/BCHydro/customer-portal/documents/corporate/tariff-filings/open-access-transmission-tariff/27-attachment-q2-oatt.pdf,Extracted from official BC Hydro Open Access Transmission Tariff source page.
BCHYDRO-ATTACHMENT-Q-3,Attachment Q-3,Attachment Q-3: Spinning Reserve and Contingency Reserve Transmission Service,BC Hydro,tariff_attachment,Canada - British Columbia,BC Hydro transmission tariff,current,Regulated tariff terms where applicable,BC Hydro record for Attachment Q-3: Spinning Reserve and Contingency Reserve Transmission Service.,https://www.bchydro.com/content/dam/BCHydro/customer-portal/documents/corporate/tariff-filings/open-access-transmission-tariff/28-attachment-q3-oatt.pdf,https://www.bchydro.com/content/dam/BCHydro/customer-portal/documents/corporate/tariff-filings/open-access-transmission-tariff/28-attachment-q3-oatt.pdf,Extracted from official BC Hydro Open Access Transmission Tariff source page.
BCHYDRO-ATTACHMENT-Q-4,Attachment Q-4,Attachment Q-4: Mixed Class Wheelthrough Service,BC Hydro,tariff_attachment,Canada - British Columbia,BC Hydro transmission tariff,current,Regulated tariff terms where applicable,BC Hydro record for Attachment Q-4: Mixed Class Wheelthrough Service.,https://www.bchydro.com/content/dam/BCHydro/customer-portal/documents/corporate/tariff-filings/open-access-transmission-tariff/29-attachment-q4-oatt.pdf,https://www.bchydro.com/content/dam/BCHydro/customer-portal/documents/corporate/tariff-filings/open-access-transmission-tariff/29-attachment-q4-oatt.pdf,Extracted from official BC Hydro Open Access Transmission Tariff source page.
BCHYDRO-ATTACHMENT-Q-5,Attachment Q-5,Attachment Q-5: Wheeling Rights Under FortisBC's Tariff Supplement 9,BC Hydro,tariff_attachment,Canada - British Columbia,BC Hydro transmission tariff,current,Regulated tariff terms where applicable,BC Hydro record for Attachment Q-5: Wheeling Rights Under FortisBC's Tariff Supplement 9.,https://www.bchydro.com/content/dam/BCHydro/customer-portal/documents/corporate/tariff-filings/open-access-transmission-tariff/30-attachment-q5-oatt.pdf,https://www.bchydro.com/content/dam/BCHydro/customer-portal/documents/corporate/tariff-filings/open-access-transmission-tariff/30-attachment-q5-oatt.pdf,Extracted from official BC Hydro Open Access Transmission Tariff source page.
BCHYDRO-SCHEDULE-00,Schedule 00,Schedule 00: Network Integration Transmission Service,BC Hydro,tariff_schedule,Canada - British Columbia,BC Hydro transmission tariff,current,Regulated tariff terms where applicable,BC Hydro record for Schedule 00: Network Integration Transmission Service.,https://www.bchydro.com/content/dam/BCHydro/customer-portal/documents/corporate/tariff-filings/open-access-transmission-tariff/schedule-00-oatt.pdf,https://www.bchydro.com/content/dam/BCHydro/customer-portal/documents/corporate/tariff-filings/open-access-transmission-tariff/schedule-00-oatt.pdf,Extracted from official BC Hydro Open Access Transmission Tariff source page.
BCHYDRO-SCHEDULE-01,Schedule 01,Schedule 01: Point-to-Point Transmission Service,BC Hydro,tariff_schedule,Canada - British Columbia,BC Hydro transmission tariff,current,Regulated tariff terms where applicable,BC Hydro record for Schedule 01: Point-to-Point Transmission Service.,https://www.bchydro.com/content/dam/BCHydro/customer-portal/documents/corporate/tariff-filings/open-access-transmission-tariff/schedule-01-oatt.pdf,https://www.bchydro.com/content/dam/BCHydro/customer-portal/documents/corporate/tariff-filings/open-access-transmission-tariff/schedule-01-oatt.pdf,Extracted from official BC Hydro Open Access Transmission Tariff source page.
BCHYDRO-SCHEDULE-02,Schedule 02,Schedule 02: Non-Firm Point-to-Point Transmission Service,BC Hydro,tariff_schedule,Canada - British Columbia,BC Hydro transmission tariff,current,Regulated tariff terms where applicable,BC Hydro record for Schedule 02: Non-Firm Point-to-Point Transmission Service.,https://www.bchydro.com/content/dam/BCHydro/customer-portal/documents/corporate/tariff-filings/open-access-transmission-tariff/schedule-02-oatt.pdf,https://www.bchydro.com/content/dam/BCHydro/customer-portal/documents/corporate/tariff-filings/open-access-transmission-tariff/schedule-02-oatt.pdf,Extracted from official BC Hydro Open Access Transmission Tariff source page.
BCHYDRO-SCHEDULE-03,Schedule 03,"Schedule 03: Scheduling, System Control, and Dispatch Service",BC Hydro,tariff_schedule,Canada - British Columbia,BC Hydro transmission tariff,current,Regulated tariff terms where applicable,"BC Hydro record for Schedule 03: Scheduling, System Control, and Dispatch Service.",https://www.bchydro.com/content/dam/BCHydro/customer-portal/documents/corporate/tariff-filings/open-access-transmission-tariff/schedule-03-oatt.pdf,https://www.bchydro.com/content/dam/BCHydro/customer-portal/documents/corporate/tariff-filings/open-access-transmission-tariff/schedule-03-oatt.pdf,Extracted from official BC Hydro Open Access Transmission Tariff source page.
BCHYDRO-SCHEDULE-04,Schedule 04,Schedule 04: Reactive Supply and Voltage Control from Generation or Other Sources Services,BC Hydro,tariff_schedule,Canada - British Columbia,BC Hydro transmission tariff,current,Regulated tariff terms where applicable,BC Hydro record for Schedule 04: Reactive Supply and Voltage Control from Generation or Other Sources Services.,https://www.bchydro.com/content/dam/BCHydro/customer-portal/documents/corporate/tariff-filings/open-access-transmission-tariff/schedule-04-oatt.pdf,https://www.bchydro.com/content/dam/BCHydro/customer-portal/documents/corporate/tariff-filings/open-access-transmission-tariff/schedule-04-oatt.pdf,Extracted from official BC Hydro Open Access Transmission Tariff source page.
BCHYDRO-SCHEDULE-05,Schedule 05,Schedule 05: Regulation and Frequency Response Service,BC Hydro,tariff_schedule,Canada - British Columbia,BC Hydro transmission tariff,current,Regulated tariff terms where applicable,BC Hydro record for Schedule 05: Regulation and Frequency Response Service.,https://www.bchydro.com/content/dam/BCHydro/customer-portal/documents/corporate/tariff-filings/open-access-transmission-tariff/schedule-05-oatt.pdf,https://www.bchydro.com/content/dam/BCHydro/customer-portal/documents/corporate/tariff-filings/open-access-transmission-tariff/schedule-05-oatt.pdf,Extracted from official BC Hydro Open Access Transmission Tariff source page.
BCHYDRO-SCHEDULE-06,Schedule 06,Schedule 06: Energy Imbalance Service,BC Hydro,tariff_schedule,Canada - British Columbia,BC Hydro transmission tariff,current,Regulated tariff terms where applicable,BC Hydro record for Schedule 06: Energy Imbalance Service.,https://www.bchydro.com/content/dam/BCHydro/customer-portal/documents/corporate/tariff-filings/open-access-transmission-tariff/37-schedule-06-oatt.pdf,https://www.bchydro.com/content/dam/BCHydro/customer-portal/documents/corporate/tariff-filings/open-access-transmission-tariff/37-schedule-06-oatt.pdf,Extracted from official BC Hydro Open Access Transmission Tariff source page.
BCHYDRO-SCHEDULE-07,Schedule 07,Schedule 07: Operating Reserve (OR) - Spinning Reserve Service,BC Hydro,tariff_schedule,Canada - British Columbia,BC Hydro transmission tariff,current,Regulated tariff terms where applicable,BC Hydro record for Schedule 07: Operating Reserve (OR) - Spinning Reserve Service.,https://www.bchydro.com/content/dam/BCHydro/customer-portal/documents/corporate/tariff-filings/open-access-transmission-tariff/schedule-07-oatt.pdf,https://www.bchydro.com/content/dam/BCHydro/customer-portal/documents/corporate/tariff-filings/open-access-transmission-tariff/schedule-07-oatt.pdf,Extracted from official BC Hydro Open Access Transmission Tariff source page.
BCHYDRO-SCHEDULE-08,Schedule 08,Schedule 08: Operating Reserve (OR) - Supplemental Reserve Services,BC Hydro,tariff_schedule,Canada - British Columbia,BC Hydro transmission tariff,current,Regulated tariff terms where applicable,BC Hydro record for Schedule 08: Operating Reserve (OR) - Supplemental Reserve Services.,https://www.bchydro.com/content/dam/BCHydro/customer-portal/documents/corporate/tariff-filings/open-access-transmission-tariff/schedule-08-oatt.pdf,https://www.bchydro.com/content/dam/BCHydro/customer-portal/documents/corporate/tariff-filings/open-access-transmission-tariff/schedule-08-oatt.pdf,Extracted from official BC Hydro Open Access Transmission Tariff source page.
BCHYDRO-SCHEDULE-09,Schedule 09,Schedule 09: Loss Compensation Service,BC Hydro,tariff_schedule,Canada - British Columbia,BC Hydro transmission tariff,current,Regulated tariff terms where applicable,BC Hydro record for Schedule 09: Loss Compensation Service.,https://www.bchydro.com/content/dam/BCHydro/customer-portal/documents/corporate/tariff-filings/open-access-transmission-tariff/40-schedule-09-oatt.pdf,https://www.bchydro.com/content/dam/BCHydro/customer-portal/documents/corporate/tariff-filings/open-access-transmission-tariff/40-schedule-09-oatt.pdf,Extracted from official BC Hydro Open Access Transmission Tariff source page.
BCHYDRO-SCHEDULE-10,Schedule 10,Schedule 10: Real Power Losses,BC Hydro,tariff_schedule,Canada - British Columbia,BC Hydro transmission tariff,current,Regulated tariff terms where applicable,BC Hydro record for Schedule 10: Real Power Losses.,https://www.bchydro.com/content/dam/BCHydro/customer-portal/documents/corporate/tariff-filings/open-access-transmission-tariff/schedule-10-oatt.pdf,https://www.bchydro.com/content/dam/BCHydro/customer-portal/documents/corporate/tariff-filings/open-access-transmission-tariff/schedule-10-oatt.pdf,Extracted from official BC Hydro Open Access Transmission Tariff source page.
BCHYDRO-TARIFF-SUPPLEMENT-78,Tariff Supplement 78,Tariff Supplement 78: Wheeling for Canal Plant Agreement CoordinationTransfers,BC Hydro,tariff_supplement,Canada - British Columbia,BC Hydro transmission tariff,current,Regulated tariff terms where applicable,BC Hydro record for Tariff Supplement 78: Wheeling for Canal Plant Agreement CoordinationTransfers.,https://www.bchydro.com/content/dam/BCHydro/customer-portal/documents/corporate/tariff-filings/open-access-transmission-tariff/tariff-supplement-78.pdf,https://www.bchydro.com/content/dam/BCHydro/customer-portal/documents/corporate/tariff-filings/open-access-transmission-tariff/tariff-supplement-78.pdf,Extracted from official BC Hydro Open Access Transmission Tariff source page.
BCHYDRO-TARIFF-SUPPLEMENT-79,Tariff Supplement 79,Tariff Supplement 79: BC Hydro Generating Plant Interconnections,BC Hydro,tariff_supplement,Canada - British Columbia,BC Hydro transmission tariff,current,Regulated tariff terms where applicable,BC Hydro record for Tariff Supplement 79: BC Hydro Generating Plant Interconnections.,https://www.bchydro.com/content/dam/BCHydro/customer-portal/documents/corporate/tariff-filings/open-access-transmission-tariff/tariff-supplement-79.pdf,https://www.bchydro.com/content/dam/BCHydro/customer-portal/documents/corporate/tariff-filings/open-access-transmission-tariff/tariff-supplement-79.pdf,Extracted from official BC Hydro Open Access Transmission Tariff source page.
BCHYDRO-TARIFF-SUPPLEMENT-80,Tariff Supplement 80,Tariff Supplement 80: Network Economy Service,BC Hydro,tariff_supplement,Canada - British Columbia,BC Hydro transmission tariff,current,Regulated tariff terms where applicable,BC Hydro record for Tariff Supplement 80: Network Economy Service.,https://www.bchydro.com/content/dam/BCHydro/customer-portal/documents/corporate/tariff-filings/open-access-transmission-tariff/tariff-supplement-80.pdf,https://www.bchydro.com/content/dam/BCHydro/customer-portal/documents/corporate/tariff-filings/open-access-transmission-tariff/tariff-supplement-80.pdf,Extracted from official BC Hydro Open Access Transmission Tariff source page.
BCHYDRO-TARIFF-SUPPLEMENT-81,Tariff Supplement 81,Tariff Supplement 81: AltaGas Northwest Projects Umbrella Agreement,BC Hydro,tariff_supplement,Canada - British Columbia,BC Hydro transmission tariff,current,Regulated tariff terms where applicable,BC Hydro record for Tariff Supplement 81: AltaGas Northwest Projects Umbrella Agreement.,https://www.bchydro.com/content/dam/BCHydro/customer-portal/documents/corporate/tariff-filings/open-access-transmission-tariff/tariff-supplement-81.pdf,https://www.bchydro.com/content/dam/BCHydro/customer-portal/documents/corporate/tariff-filings/open-access-transmission-tariff/tariff-supplement-81.pdf,Extracted from official BC Hydro Open Access Transmission Tariff source page.
BCHYDRO-OATT-TERMS-AND-CONDITIONS,OATT TERMS-AND-CONDITIONS,Terms and Conditions,BC Hydro,tariff_terms,Canada - British Columbia,BC Hydro transmission tariff,current,Regulated tariff terms where applicable,BC Hydro record for Terms and Conditions.,https://www.bchydro.com/content/dam/BCHydro/customer-portal/documents/corporate/tariff-filings/open-access-transmission-tariff/01-terms-conditions-oatt.pdf,https://www.bchydro.com/content/dam/BCHydro/customer-portal/documents/corporate/tariff-filings/open-access-transmission-tariff/01-terms-conditions-oatt.pdf,Extracted from official BC Hydro Open Access Transmission Tariff source page.
BCHYDRO-COMPETITIVE-ELECTRICITY-ACQUISITION-PROCESSES,Competitive electricity acquisition processes,Competitive electricity acquisition processes,BC Hydro,guidance,Canada - British Columbia,BC Hydro transmission generator interconnection,current,Supporting workflow or guidance document,BC Hydro record for Competitive electricity acquisition processes.,https://app.bchydro.com/accounts-billing/electrical-connections/transmission-generator-interconnections/request-ceap.html,https://app.bchydro.com/content/dam/BCHydro/customer-portal/documents/corporate/tariff-filings/open-access-transmission-tariff/22-attachment-m2-oatt.pdf,Extracted from official BC Hydro Transmission Generator Interconnections source page.
BCHYDRO-GENERATOR-INTERCONNECTION-DATA-FORM,Generator Interconnection Data Form,Generator Interconnection Data Form,BC Hydro,form,Canada - British Columbia,BC Hydro transmission generator interconnection,current,Supporting workflow or guidance document,BC Hydro record for Generator Interconnection Data Form.,https://app.bchydro.com/content/dam/BCHydro/customer-portal/documents/transmission/tgi/tgi-interconnection-request-generator-interconnection-data-form.xlsm,https://app.bchydro.com/content/dam/BCHydro/customer-portal/documents/transmission/tgi/tgi-interconnection-request-generator-interconnection-data-form.xlsm,Extracted from official BC Hydro Transmission Generator Interconnections source page.
BCHYDRO-INTERCONNECTION-REQUEST-FOR-A-GENERATING-FACILITY,Interconnection Request for a Generating Facility,Interconnection Request for a Generating Facility,BC Hydro,standard,Canada - British Columbia,BC Hydro transmission generator interconnection,current,BC Hydro interconnection requirement where applicable,BC Hydro record for Interconnection Request for a Generating Facility.,https://app.bchydro.com/content/dam/BCHydro/customer-portal/documents/transmission/tgi/tgi-interconnection-request-for-a-generating-factility-v2.0.xlsx,https://app.bchydro.com/content/dam/BCHydro/customer-portal/documents/transmission/tgi/tgi-interconnection-request-for-a-generating-factility-v2.0.xlsx,Extracted from official BC Hydro Transmission Generator Interconnections source page.
BCHYDRO-INTERCONNECTION-SECURITY-METHODOLOGY-FAQ,Interconnection Security Methodology FAQ,Interconnection Security Methodology FAQ,BC Hydro,fact_sheet,Canada - British Columbia,BC Hydro transmission generator interconnection,current,Supporting workflow or guidance document,BC Hydro record for Interconnection Security Methodology FAQ.,https://app.bchydro.com/content/dam/BCHydro/customer-portal/documents/transmission/tgi/studies/tgi-security-methodology-faq-2025-05.pdf,https://app.bchydro.com/content/dam/BCHydro/customer-portal/documents/transmission/tgi/studies/tgi-security-methodology-faq-2025-05.pdf,Extracted from official BC Hydro Transmission Generator Interconnections source page.
BCHYDRO-INTERCONNECTION-STUDIES,Interconnection Studies,Interconnection Studies,BC Hydro,standard,Canada - British Columbia,BC Hydro transmission generator interconnection,current,BC Hydro interconnection requirement where applicable,BC Hydro record for Interconnection Studies.,https://app.bchydro.com/accounts-billing/electrical-connections/transmission-generator-interconnections/studies.html,https://app.bchydro.com/content/dam/BCHydro/customer-portal/documents/transmission/tgi/studies/2025/tgi-2025-02-queue-4-system-impact-study.pdf,Extracted from official BC Hydro Transmission Generator Interconnections source page.
BCHYDRO-QUALIFIED-CHANGE-DEFINITION-AND-DETERMINATION-PROCESS,Qualified Change Definition and Determination Process,Qualified Change Definition and Determination Process,BC Hydro,guidance,Canada - British Columbia,BC Hydro transmission generator interconnection,current,Supporting workflow or guidance document,BC Hydro record for Qualified Change Definition and Determination Process.,https://app.bchydro.com/content/dam/BCHydro/customer-portal/documents/transmission/tgi/qualified-change-definition-and-determination-process.pdf,https://app.bchydro.com/content/dam/BCHydro/customer-portal/documents/transmission/tgi/qualified-change-definition-and-determination-process.pdf,Extracted from official BC Hydro Transmission Generator Interconnections source page.
BCHYDRO-SITE-CONTROL-CRITERIA,Site Control Criteria,Site Control Criteria,BC Hydro,guidance,Canada - British Columbia,BC Hydro transmission generator interconnection,current,Supporting workflow or guidance document,BC Hydro record for Site Control Criteria.,https://app.bchydro.com/content/dam/BCHydro/customer-portal/documents/transmission/tgi/site-control-criteria.pdf,https://app.bchydro.com/content/dam/BCHydro/customer-portal/documents/transmission/tgi/site-control-criteria.pdf,Extracted from official BC Hydro Transmission Generator Interconnections source page.
BCHYDRO-SYSTEM-IMPACT-STUDY-GENERATOR-INTERCONNECTION-DATA,System Impact Study Generator Interconnection Data,System Impact Study Generator Interconnection Data Form,BC Hydro,form,Canada - British Columbia,BC Hydro transmission generator interconnection,current,Supporting workflow or guidance document,BC Hydro record for System Impact Study Generator Interconnection Data Form.,https://app.bchydro.com/content/dam/BCHydro/customer-portal/documents/corporate/independent-power-producers-calls-for-power/distribution-generator-interconnections/system-impact-study-data-form.xlsm,https://app.bchydro.com/content/dam/BCHydro/customer-portal/documents/corporate/independent-power-producers-calls-for-power/distribution-generator-interconnections/system-impact-study-data-form.xlsm,Extracted from official BC Hydro Transmission Generator Interconnections source page.
BCHYDRO-TRANSMISSION-GENERATOR-INTERCONNECTION-QUEUE,Transmission Generator Interconnection Queue,Transmission Generator Interconnection Queue,BC Hydro,standard,Canada - British Columbia,BC Hydro transmission generator interconnection,current,BC Hydro interconnection requirement where applicable,BC Hydro record for Transmission Generator Interconnection Queue.,https://app.bchydro.com/accounts-billing/electrical-connections/transmission-generator-interconnections/queue.html,https://app.bchydro.com/content/dam/BCHydro/customer-portal/documents/transmission/tgi/tgi-transmission-generator-interconnection-queue.pdf,Extracted from official BC Hydro Transmission Generator Interconnections source page.
BCHYDRO-APPENDIX-2-BC-HYDRO-TSP,Appendix 2 - BC Hydro TSP,"Appendix 2 - BC Hydro TSP Data Management Procedures; Report No. SPA2008-53 Revision Nov 19, 2020",BC Hydro,procedure,Canada - British Columbia,BC Hydro transmission planning,2020,BC Hydro requirement or reference where applicable,"BC Hydro record for Appendix 2 - BC Hydro TSP Data Management Procedures; Report No. SPA2008-53 Revision Nov 19, 2020.",https://www.bchydro.com/content/dam/BCHydro/customer-portal/documents/corporate/regulatory-planning-documents/transmission-planning/BCH-TP-Data-Management-Procedures.pdf,https://www.bchydro.com/content/dam/BCHydro/customer-portal/documents/corporate/regulatory-planning-documents/transmission-planning/BCH-TP-Data-Management-Procedures.pdf,Extracted from official BC Hydro Transmission Capital Planning source page.
BCHYDRO-APPENDIX-4-TPL-001-4-TRANSMISSION,Appendix 4 - TPL-001-4 - Transmission,Appendix 4 - TPL-001-4 - Transmission System Planning Performance Requirements,BC Hydro,form,Canada - British Columbia,BC Hydro transmission planning,current,Supporting workflow or guidance document,BC Hydro record for Appendix 4 - TPL-001-4 - Transmission System Planning Performance Requirements.,https://www.bchydro.com/content/dam/BCHydro/customer-portal/documents/corporate/regulatory-planning-documents/transmission-planning/TPL-001-4-tsp-performance-requirements.pdf,https://www.bchydro.com/content/dam/BCHydro/customer-portal/documents/corporate/regulatory-planning-documents/transmission-planning/TPL-001-4-tsp-performance-requirements.pdf,Extracted from official BC Hydro Transmission Capital Planning source page.
BCHYDRO-FINAL-BUSINESS-PRACTICES-ATTACHMENT-K,Final Business Practices - Attachment K,Final Business Practices - Attachment K Open Access Transmission Tariff - Transmission Planning,BC Hydro,standard,Canada - British Columbia,BC Hydro transmission planning,current,BC Hydro requirement or reference where applicable,BC Hydro record for Final Business Practices - Attachment K Open Access Transmission Tariff - Transmission Planning.,https://www.bchydro.com/content/dam/BCHydro/customer-portal/documents/corporate/tariff-filings/transmission-tariff/business-practices-oatt-attach-k-dec-2014.pdf,https://www.bchydro.com/content/dam/BCHydro/customer-portal/documents/corporate/tariff-filings/transmission-tariff/business-practices-oatt-attach-k-dec-2014.pdf,Extracted from official BC Hydro Transmission Capital Planning source page.
BCHYDRO-TARIFF-SUPPLEMENT-5,Tariff Supplement 5,Tariff Supplement 5: Electricity Supply Agreement (ESA),BC Hydro,tariff_supplement,Canada - British Columbia,BC Hydro electric tariff,current,Regulated tariff terms where applicable,BC Hydro record for Tariff Supplement 5: Electricity Supply Agreement (ESA).,https://www.bchydro.com/content/dam/hydro/medialib/internet/documents/appcontent/your_account/Electric_Tariff_Supplement_Number_5.pdf,https://www.bchydro.com/content/dam/hydro/medialib/internet/documents/appcontent/your_account/Electric_Tariff_Supplement_Number_5.pdf,Extracted from official BC Hydro Electric Tariff source page.
BCHYDRO-TARIFF-SUPPLEMENT-6,Tariff Supplement 6,Tariff Supplement 6: Facilities Agreement,BC Hydro,tariff_supplement,Canada - British Columbia,BC Hydro electric tariff,current,Regulated tariff terms where applicable,BC Hydro record for Tariff Supplement 6: Facilities Agreement.,https://www.bchydro.com/content/dam/hydro/medialib/internet/documents/appcontent/your_account/Electric_Tariff_Supplement_Number_6.pdf,https://www.bchydro.com/content/dam/hydro/medialib/internet/documents/appcontent/your_account/Electric_Tariff_Supplement_Number_6.pdf,Extracted from official BC Hydro Electric Tariff source page.
