standard_id,designation,title,publisher,record_type,country_scope,primary_category,latest_known_edition,applicability,summary,official_url,source_download_url,notes
BCUC-COM-001-3-12286,COM-001-3,Communications,BCUC,adopted_reliability_standard,Canada - British Columbia,BCUC mandatory reliability standard - Communications,2017-10-01,Adopted or listed for application in British Columbia where applicable under the BCUC Mandatory Reliability Standards program,BCUC British Columbia reliability standard adoption/status record for COM-001-3: Communications.,https://www.wecc.org/wecc-document/12286,https://www.wecc.org/sites/default/files/documents/standards/2024/COM-001-3%20BC.pdf,Extracted from WECC Approved BC Standards table. WECC source effective date: 2017-10-01. WECC hosts the public table for BC reliability adoption/status records; BCUC is the British Columbia adoption authority. The underlying standard-making body is generally NERC or WECC.
BCUC-COM-002-4-12296,COM-002-4,Operating Personnel Communications Protocols,BCUC,adopted_reliability_standard,Canada - British Columbia,BCUC mandatory reliability standard - Communications,2017-04-01,Adopted or listed for application in British Columbia where applicable under the BCUC Mandatory Reliability Standards program,BCUC British Columbia reliability standard adoption/status record for COM-002-4: Operating Personnel Communications Protocols.,https://www.wecc.org/wecc-document/12296,https://www.wecc.org/sites/default/files/documents/standards/2024/COM-002-4%20BC.pdf,Extracted from WECC Approved BC Standards table. WECC source effective date: 2017-04-01. WECC hosts the public table for BC reliability adoption/status records; BCUC is the British Columbia adoption authority. The underlying standard-making body is generally NERC or WECC.
BCUC-CIP-005-7-11146,CIP-005-7,Cyber Security - Electronic Security Perimeter(s),BCUC,adopted_reliability_standard,Canada - British Columbia,BCUC mandatory reliability standard - Critical Infrastructure Protection,2024-07-01,Adopted or listed for application in British Columbia where applicable under the BCUC Mandatory Reliability Standards program,BCUC British Columbia reliability standard adoption/status record for CIP-005-7: Cyber Security - Electronic Security Perimeter(s).,https://www.wecc.org/wecc-document/11146,https://www.wecc.org/sites/default/files/documents/standards/2024/CIP-005-7_BC.pdf,Extracted from WECC Approved BC Standards table. WECC source effective date: 2024-07-01. WECC hosts the public table for BC reliability adoption/status records; BCUC is the British Columbia adoption authority. The underlying standard-making body is generally NERC or WECC.
BCUC-CIP-006-5-11446,CIP-006-5,Physical Security of BES Cyber Systems,BCUC,adopted_reliability_standard,Canada - British Columbia,BCUC mandatory reliability standard - Critical Infrastructure Protection,2018-10-01,Adopted or listed for application in British Columbia where applicable under the BCUC Mandatory Reliability Standards program,BCUC British Columbia reliability standard adoption/status record for CIP-006-5: Physical Security of BES Cyber Systems.,https://www.wecc.org/wecc-document/11446,https://www.wecc.org/sites/default/files/documents/standards/2024/CIP-006-5.pdf,Extracted from WECC Approved BC Standards table. WECC source effective date: 2018-10-01. WECC hosts the public table for BC reliability adoption/status records; BCUC is the British Columbia adoption authority. The underlying standard-making body is generally NERC or WECC.
BCUC-CIP-008-6-11181,CIP-008-6,Cyber Security - Incident Reporting and Response Planning,BCUC,adopted_reliability_standard,Canada - British Columbia,BCUC mandatory reliability standard - Critical Infrastructure Protection,2023-04-01,Adopted or listed for application in British Columbia where applicable under the BCUC Mandatory Reliability Standards program,BCUC British Columbia reliability standard adoption/status record for CIP-008-6: Cyber Security - Incident Reporting and Response Planning.,https://www.wecc.org/wecc-document/11181,https://www.wecc.org/sites/default/files/documents/standards/2024/CIP-008-6_BC.pdf,Extracted from WECC Approved BC Standards table. WECC source effective date: 2023-04-01. WECC hosts the public table for BC reliability adoption/status records; BCUC is the British Columbia adoption authority. The underlying standard-making body is generally NERC or WECC.
BCUC-CIP-010-4-11136,CIP-010-4,Cyber Security - Configuration Change Management and Vulnerability Assessments,BCUC,adopted_reliability_standard,Canada - British Columbia,BCUC mandatory reliability standard - Critical Infrastructure Protection,2024-07-01,Adopted or listed for application in British Columbia where applicable under the BCUC Mandatory Reliability Standards program,BCUC British Columbia reliability standard adoption/status record for CIP-010-4: Cyber Security - Configuration Change Management and Vulnerability Assessments.,https://www.wecc.org/wecc-document/11136,https://www.wecc.org/sites/default/files/documents/standards/2024/CIP-010-4_BC.pdf,Extracted from WECC Approved BC Standards table. WECC source effective date: 2024-07-01. WECC hosts the public table for BC reliability adoption/status records; BCUC is the British Columbia adoption authority. The underlying standard-making body is generally NERC or WECC.
BCUC-CIP-011-3-11106,CIP-011-3,Cyber Security - Information Protection,BCUC,adopted_reliability_standard,Canada - British Columbia,BCUC mandatory reliability standard - Critical Infrastructure Protection,2025-10-01,Adopted or listed for application in British Columbia where applicable under the BCUC Mandatory Reliability Standards program,BCUC British Columbia reliability standard adoption/status record for CIP-011-3: Cyber Security - Information Protection.,https://www.wecc.org/wecc-document/11106,https://www.wecc.org/sites/default/files/documents/standards/2024/CIP-011-3_BC.pdf,Extracted from WECC Approved BC Standards table. WECC source effective date: 2025-10-01. WECC hosts the public table for BC reliability adoption/status records; BCUC is the British Columbia adoption authority. The underlying standard-making body is generally NERC or WECC.
BCUC-CIP-013-2-11141,CIP-013-2,Cyber Security - Supply Chain Risk Management,BCUC,adopted_reliability_standard,Canada - British Columbia,BCUC mandatory reliability standard - Critical Infrastructure Protection,2024-07-01,Adopted or listed for application in British Columbia where applicable under the BCUC Mandatory Reliability Standards program,BCUC British Columbia reliability standard adoption/status record for CIP-013-2: Cyber Security - Supply Chain Risk Management.,https://www.wecc.org/wecc-document/11141,https://www.wecc.org/sites/default/files/documents/standards/2024/CIP-013-2_BC.pdf,Extracted from WECC Approved BC Standards table. WECC source effective date: 2024-07-01. WECC hosts the public table for BC reliability adoption/status records; BCUC is the British Columbia adoption authority. The underlying standard-making body is generally NERC or WECC.
BCUC-CIP-014-3-11166,CIP-014-3,Physical Security,BCUC,adopted_reliability_standard,Canada - British Columbia,BCUC mandatory reliability standard - Critical Infrastructure Protection,2023-09-08,Adopted or listed for application in British Columbia where applicable under the BCUC Mandatory Reliability Standards program,BCUC British Columbia reliability standard adoption/status record for CIP-014-3: Physical Security.,https://www.wecc.org/wecc-document/11166,https://www.wecc.org/sites/default/files/documents/standards/2024/CIP-014-3_BC.pdf,Extracted from WECC Approved BC Standards table. WECC source effective date: 2023-09-08. WECC hosts the public table for BC reliability adoption/status records; BCUC is the British Columbia adoption authority. The underlying standard-making body is generally NERC or WECC.
BCUC-EOP-001-2-1B-12311,EOP-001-2.1b,Emergency Operations Planning,BCUC,adopted_reliability_standard,Canada - British Columbia,BCUC mandatory reliability standard - Emergency Preparedness and Operations,2014-08-01,Adopted or listed for application in British Columbia where applicable under the BCUC Mandatory Reliability Standards program,BCUC British Columbia reliability standard adoption/status record for EOP-001-2.1b: Emergency Operations Planning.,https://www.wecc.org/wecc-document/12311,https://www.wecc.org/sites/default/files/documents/standards/2024/EOP-001-2.1b%20BC.pdf,Extracted from WECC Approved BC Standards table. WECC source effective date: 2014-08-01. WECC hosts the public table for BC reliability adoption/status records; BCUC is the British Columbia adoption authority. The underlying standard-making body is generally NERC or WECC.
BCUC-EOP-002-2-1-12316,EOP-002-2.1,Capacity and Energy Emergencies,BCUC,adopted_reliability_standard,Canada - British Columbia,BCUC mandatory reliability standard - Emergency Preparedness and Operations,effective date in source document,Adopted or listed for application in British Columbia where applicable under the BCUC Mandatory Reliability Standards program,BCUC British Columbia reliability standard adoption/status record for EOP-002-2.1: Capacity and Energy Emergencies.,https://www.wecc.org/wecc-document/12316,https://www.wecc.org/sites/default/files/documents/standards/2024/EOP-002-2.1%20BC.pdf,Extracted from WECC Approved BC Standards table. WECC hosts the public table for BC reliability adoption/status records; BCUC is the British Columbia adoption authority. The underlying standard-making body is generally NERC or WECC.
BCUC-EOP-002-3-1-12326,EOP-002-3.1,Capacity and Energy Emergencies,BCUC,adopted_reliability_standard,Canada - British Columbia,BCUC mandatory reliability standard - Emergency Preparedness and Operations,2014-08-01,Adopted or listed for application in British Columbia where applicable under the BCUC Mandatory Reliability Standards program,BCUC British Columbia reliability standard adoption/status record for EOP-002-3.1: Capacity and Energy Emergencies.,https://www.wecc.org/wecc-document/12326,https://www.wecc.org/sites/default/files/documents/standards/2024/EOP-002-3.1%20BC.pdf,Extracted from WECC Approved BC Standards table. WECC source effective date: 2014-08-01. WECC hosts the public table for BC reliability adoption/status records; BCUC is the British Columbia adoption authority. The underlying standard-making body is generally NERC or WECC.
BCUC-EOP-003-1-12331,EOP-003-1,Load Shedding Plans,BCUC,adopted_reliability_standard,Canada - British Columbia,BCUC mandatory reliability standard - Emergency Preparedness and Operations,2010-11-01,Adopted or listed for application in British Columbia where applicable under the BCUC Mandatory Reliability Standards program,BCUC British Columbia reliability standard adoption/status record for EOP-003-1: Load Shedding Plans.,https://www.wecc.org/wecc-document/12331,https://www.wecc.org/sites/default/files/documents/standards/2024/EOP-003-1%20BC.pdf,Extracted from WECC Approved BC Standards table. WECC source effective date: 2010-11-01. WECC hosts the public table for BC reliability adoption/status records; BCUC is the British Columbia adoption authority. The underlying standard-making body is generally NERC or WECC.
BCUC-EOP-004-4-11306,EOP-004-4,Event Reporting,BCUC,adopted_reliability_standard,Canada - British Columbia,BCUC mandatory reliability standard - Emergency Preparedness and Operations,2020-10-01,Adopted or listed for application in British Columbia where applicable under the BCUC Mandatory Reliability Standards program,BCUC British Columbia reliability standard adoption/status record for EOP-004-4: Event Reporting.,https://www.wecc.org/wecc-document/11306,https://www.wecc.org/sites/default/files/documents/standards/2024/EOP-004-4%20BC.pdf,Extracted from WECC Approved BC Standards table. WECC source effective date: 2020-10-01. WECC hosts the public table for BC reliability adoption/status records; BCUC is the British Columbia adoption authority. The underlying standard-making body is generally NERC or WECC.
BCUC-EOP-005-2-12361,EOP-005-2,System Restoration from Blackstart Resources,BCUC,adopted_reliability_standard,Canada - British Columbia,BCUC mandatory reliability standard - Emergency Preparedness and Operations,2015-08-01,Adopted or listed for application in British Columbia where applicable under the BCUC Mandatory Reliability Standards program,BCUC British Columbia reliability standard adoption/status record for EOP-005-2: System Restoration from Blackstart Resources.,https://www.wecc.org/wecc-document/12361,https://www.wecc.org/sites/default/files/documents/standards/2024/EOP-005-2%20BC.pdf,Extracted from WECC Approved BC Standards table. WECC source effective date: 2015-08-01. WECC hosts the public table for BC reliability adoption/status records; BCUC is the British Columbia adoption authority. The underlying standard-making body is generally NERC or WECC.
BCUC-EOP-005-3-11311,EOP-005-3,System Restoration from Blackstart Resources,BCUC,adopted_reliability_standard,Canada - British Columbia,BCUC mandatory reliability standard - Emergency Preparedness and Operations,2020-10-01,Adopted or listed for application in British Columbia where applicable under the BCUC Mandatory Reliability Standards program,BCUC British Columbia reliability standard adoption/status record for EOP-005-3: System Restoration from Blackstart Resources.,https://www.wecc.org/wecc-document/11311,https://www.wecc.org/sites/default/files/documents/standards/2024/EOP-005-3%20BC.pdf,Extracted from WECC Approved BC Standards table. WECC source effective date: 2020-10-01. WECC hosts the public table for BC reliability adoption/status records; BCUC is the British Columbia adoption authority. The underlying standard-making body is generally NERC or WECC.
BCUC-EOP-006-2-12371,EOP-006-2,System Restoration Coordination,BCUC,adopted_reliability_standard,Canada - British Columbia,BCUC mandatory reliability standard - Emergency Preparedness and Operations,2014-08-01,Adopted or listed for application in British Columbia where applicable under the BCUC Mandatory Reliability Standards program,BCUC British Columbia reliability standard adoption/status record for EOP-006-2: System Restoration Coordination.,https://www.wecc.org/wecc-document/12371,https://www.wecc.org/sites/default/files/documents/standards/2024/EOP-006-2%20BC.pdf,Extracted from WECC Approved BC Standards table. WECC source effective date: 2014-08-01. WECC hosts the public table for BC reliability adoption/status records; BCUC is the British Columbia adoption authority. The underlying standard-making body is generally NERC or WECC.
BCUC-EOP-006-3-11316,EOP-006-3,System Restoration Coordination,BCUC,adopted_reliability_standard,Canada - British Columbia,BCUC mandatory reliability standard - Emergency Preparedness and Operations,2020-10-01,Adopted or listed for application in British Columbia where applicable under the BCUC Mandatory Reliability Standards program,BCUC British Columbia reliability standard adoption/status record for EOP-006-3: System Restoration Coordination.,https://www.wecc.org/wecc-document/11316,https://www.wecc.org/sites/default/files/documents/standards/2024/EOP-006-3%20BC.pdf,Extracted from WECC Approved BC Standards table. WECC source effective date: 2020-10-01. WECC hosts the public table for BC reliability adoption/status records; BCUC is the British Columbia adoption authority. The underlying standard-making body is generally NERC or WECC.
BCUC-EOP-008-1-12381,EOP-008-1,Loss of Control Center Functionality,BCUC,adopted_reliability_standard,Canada - British Columbia,BCUC mandatory reliability standard - Emergency Preparedness and Operations,2015-08-01,Adopted or listed for application in British Columbia where applicable under the BCUC Mandatory Reliability Standards program,BCUC British Columbia reliability standard adoption/status record for EOP-008-1: Loss of Control Center Functionality.,https://www.wecc.org/wecc-document/12381,https://www.wecc.org/sites/default/files/documents/standards/2024/EOP-008-1%20BC.pdf,Extracted from WECC Approved BC Standards table. WECC source effective date: 2015-08-01. WECC hosts the public table for BC reliability adoption/status records; BCUC is the British Columbia adoption authority. The underlying standard-making body is generally NERC or WECC.
BCUC-EOP-008-2-11321,EOP-008-2,Loss of Control Center Functionality,BCUC,adopted_reliability_standard,Canada - British Columbia,BCUC mandatory reliability standard - Emergency Preparedness and Operations,2020-10-01,Adopted or listed for application in British Columbia where applicable under the BCUC Mandatory Reliability Standards program,BCUC British Columbia reliability standard adoption/status record for EOP-008-2: Loss of Control Center Functionality.,https://www.wecc.org/wecc-document/11321,https://www.wecc.org/sites/default/files/documents/standards/2024/EOP-008-2%20BC.pdf,Extracted from WECC Approved BC Standards table. WECC source effective date: 2020-10-01. WECC hosts the public table for BC reliability adoption/status records; BCUC is the British Columbia adoption authority. The underlying standard-making body is generally NERC or WECC.
BCUC-EOP-009-0-12386,EOP-009-0,Documentation of Blackstart Generating Unit Test Results,BCUC,adopted_reliability_standard,Canada - British Columbia,BCUC mandatory reliability standard - Emergency Preparedness and Operations,2010-11-01,Adopted or listed for application in British Columbia where applicable under the BCUC Mandatory Reliability Standards program,BCUC British Columbia reliability standard adoption/status record for EOP-009-0: Documentation of Blackstart Generating Unit Test Results.,https://www.wecc.org/wecc-document/12386,https://www.wecc.org/sites/default/files/documents/standards/2024/EOP-009-0%20BC.pdf,Extracted from WECC Approved BC Standards table. WECC source effective date: 2010-11-01. WECC hosts the public table for BC reliability adoption/status records; BCUC is the British Columbia adoption authority. The underlying standard-making body is generally NERC or WECC.
BCUC-FAC-001-3-11161,FAC-001-3,Errata,BCUC,errata,Canada - British Columbia,BCUC mandatory reliability standard - Facilities Design Connections and Maintenance,2023-09-08,Adopted or listed for application in British Columbia where applicable under the BCUC Mandatory Reliability Standards program,BCUC British Columbia reliability standard errata record for FAC-001-3: Errata.,https://www.wecc.org/wecc-document/11161,https://www.wecc.org/sites/default/files/documents/standards/2024/FAC-001-3_BC_errata.pdf,Extracted from WECC Approved BC Standards table. WECC source effective date: 2023-09-08. WECC hosts the public table for BC reliability adoption/status records; BCUC is the British Columbia adoption authority. The underlying standard-making body is generally NERC or WECC.
BCUC-FAC-001-3-11376,FAC-001-3,Facility Interconnection Requirements,BCUC,adopted_reliability_standard,Canada - British Columbia,BCUC mandatory reliability standard - Facilities Design Connections and Maintenance,2019-10-01,Adopted or listed for application in British Columbia where applicable under the BCUC Mandatory Reliability Standards program,BCUC British Columbia reliability standard adoption/status record for FAC-001-3: Facility Interconnection Requirements.,https://www.wecc.org/wecc-document/11376,https://www.wecc.org/sites/default/files/documents/standards/2024/FAC-001-3%20BC.pdf,Extracted from WECC Approved BC Standards table. WECC source effective date: 2019-10-01. WECC hosts the public table for BC reliability adoption/status records; BCUC is the British Columbia adoption authority. The underlying standard-making body is generally NERC or WECC.
BCUC-FAC-002-3-11221,FAC-002-3,Facility Interconnection Studies,BCUC,adopted_reliability_standard,Canada - British Columbia,BCUC mandatory reliability standard - Facilities Design Connections and Maintenance,2022-01-01,Adopted or listed for application in British Columbia where applicable under the BCUC Mandatory Reliability Standards program,BCUC British Columbia reliability standard adoption/status record for FAC-002-3: Facility Interconnection Studies.,https://www.wecc.org/wecc-document/11221,https://www.wecc.org/sites/default/files/documents/standards/2024/FAC-002-3_BC.pdf,Extracted from WECC Approved BC Standards table. WECC source effective date: 2022-01-01. WECC hosts the public table for BC reliability adoption/status records; BCUC is the British Columbia adoption authority. The underlying standard-making body is generally NERC or WECC.
BCUC-FAC-003-4-12436,FAC-003-4,Transmission Vegetation Management,BCUC,adopted_reliability_standard,Canada - British Columbia,BCUC mandatory reliability standard - Facilities Design Connections and Maintenance,2017-10-01,Adopted or listed for application in British Columbia where applicable under the BCUC Mandatory Reliability Standards program,BCUC British Columbia reliability standard adoption/status record for FAC-003-4: Transmission Vegetation Management.,https://www.wecc.org/wecc-document/12436,https://www.wecc.org/sites/default/files/documents/standards/2024/FAC-003-4%20BC.pdf,Extracted from WECC Approved BC Standards table. WECC source effective date: 2017-10-01. WECC hosts the public table for BC reliability adoption/status records; BCUC is the British Columbia adoption authority. The underlying standard-making body is generally NERC or WECC.
BCUC-FAC-008-5-11171,FAC-008-5,Facility Ratings,BCUC,adopted_reliability_standard,Canada - British Columbia,BCUC mandatory reliability standard - Facilities Design Connections and Maintenance,2023-04-01,Adopted or listed for application in British Columbia where applicable under the BCUC Mandatory Reliability Standards program,BCUC British Columbia reliability standard adoption/status record for FAC-008-5: Facility Ratings.,https://www.wecc.org/wecc-document/11171,https://www.wecc.org/sites/default/files/documents/standards/2024/FAC-008-5_BC.pdf,Extracted from WECC Approved BC Standards table. WECC source effective date: 2023-04-01. WECC hosts the public table for BC reliability adoption/status records; BCUC is the British Columbia adoption authority. The underlying standard-making body is generally NERC or WECC.
BCUC-FAC-011-3-12486,FAC-011-3,System Operating Limits Methodology for the Operations Horizon,BCUC,adopted_reliability_standard,Canada - British Columbia,BCUC mandatory reliability standard - Facilities Design Connections and Maintenance,2017-10-01,Adopted or listed for application in British Columbia where applicable under the BCUC Mandatory Reliability Standards program,BCUC British Columbia reliability standard adoption/status record for FAC-011-3: System Operating Limits Methodology for the Operations Horizon.,https://www.wecc.org/wecc-document/12486,https://www.wecc.org/sites/default/files/documents/standards/2024/FAC-011-3%20BC.pdf,Extracted from WECC Approved BC Standards table. WECC source effective date: 2017-10-01. WECC hosts the public table for BC reliability adoption/status records; BCUC is the British Columbia adoption authority. The underlying standard-making body is generally NERC or WECC.
BCUC-FAC-014-2-12501,FAC-014-2,Establish and Communicate System Operating Limits,BCUC,adopted_reliability_standard,Canada - British Columbia,BCUC mandatory reliability standard - Facilities Design Connections and Maintenance,2011-01-01,Adopted or listed for application in British Columbia where applicable under the BCUC Mandatory Reliability Standards program,BCUC British Columbia reliability standard adoption/status record for FAC-014-2: Establish and Communicate System Operating Limits.,https://www.wecc.org/wecc-document/12501,https://www.wecc.org/sites/default/files/documents/standards/2024/FAC-014-2%20BC.pdf,Extracted from WECC Approved BC Standards table. WECC source effective date: 2011-01-01. WECC hosts the public table for BC reliability adoption/status records; BCUC is the British Columbia adoption authority. The underlying standard-making body is generally NERC or WECC.
BCUC-FAC-501-WECC-1-12506,FAC-501-WECC-1,Transmission Maintenance,BCUC,adopted_reliability_standard,Canada - British Columbia,BCUC mandatory reliability standard - Facilities Design Connections and Maintenance,2013-04-15,Adopted or listed for application in British Columbia where applicable under the BCUC Mandatory Reliability Standards program,BCUC British Columbia reliability standard adoption/status record for FAC-501-WECC-1: Transmission Maintenance.,https://www.wecc.org/wecc-document/12506,https://www.wecc.org/sites/default/files/documents/standards/2024/FAC-501-WECC-1%20BC.pdf,Extracted from WECC Approved BC Standards table. WECC source effective date: 2013-04-15. WECC hosts the public table for BC reliability adoption/status records; BCUC is the British Columbia adoption authority. The underlying standard-making body is generally NERC or WECC.
BCUC-INT-001-3-12511,INT-001-3,Interchange Information,BCUC,adopted_reliability_standard,Canada - British Columbia,BCUC mandatory reliability standard - Interchange Scheduling and Coordination,2010-11-01,Adopted or listed for application in British Columbia where applicable under the BCUC Mandatory Reliability Standards program,BCUC British Columbia reliability standard adoption/status record for INT-001-3: Interchange Information.,https://www.wecc.org/wecc-document/12511,https://www.wecc.org/sites/default/files/documents/standards/2024/INT-001-3%20BC.pdf,Extracted from WECC Approved BC Standards table. WECC source effective date: 2010-11-01. WECC hosts the public table for BC reliability adoption/status records; BCUC is the British Columbia adoption authority. The underlying standard-making body is generally NERC or WECC.
BCUC-INT-003-3-12521,INT-003-3,Interchange Transaction Implementation,BCUC,adopted_reliability_standard,Canada - British Columbia,BCUC mandatory reliability standard - Interchange Scheduling and Coordination,2013-04-15,Adopted or listed for application in British Columbia where applicable under the BCUC Mandatory Reliability Standards program,BCUC British Columbia reliability standard adoption/status record for INT-003-3: Interchange Transaction Implementation.,https://www.wecc.org/wecc-document/12521,https://www.wecc.org/sites/default/files/documents/standards/2024/INT-003-3%20BC.pdf,Extracted from WECC Approved BC Standards table. WECC source effective date: 2013-04-15. WECC hosts the public table for BC reliability adoption/status records; BCUC is the British Columbia adoption authority. The underlying standard-making body is generally NERC or WECC.
BCUC-INT-004-2-12526,INT-004-2,Dynamic Interchange Transaction Modifications,BCUC,adopted_reliability_standard,Canada - British Columbia,BCUC mandatory reliability standard - Interchange Scheduling and Coordination,2010-11-01,Adopted or listed for application in British Columbia where applicable under the BCUC Mandatory Reliability Standards program,BCUC British Columbia reliability standard adoption/status record for INT-004-2: Dynamic Interchange Transaction Modifications.,https://www.wecc.org/wecc-document/12526,https://www.wecc.org/sites/default/files/documents/standards/2024/INT-004-2%20BC.pdf,Extracted from WECC Approved BC Standards table. WECC source effective date: 2010-11-01. WECC hosts the public table for BC reliability adoption/status records; BCUC is the British Columbia adoption authority. The underlying standard-making body is generally NERC or WECC.
BCUC-INT-004-3-1-12531,INT-004-3.1,Dynamic Transfers,BCUC,adopted_reliability_standard,Canada - British Columbia,BCUC mandatory reliability standard - Interchange Scheduling and Coordination,2015-10-01,Adopted or listed for application in British Columbia where applicable under the BCUC Mandatory Reliability Standards program,BCUC British Columbia reliability standard adoption/status record for INT-004-3.1: Dynamic Transfers.,https://www.wecc.org/wecc-document/12531,https://www.wecc.org/sites/default/files/documents/standards/2024/INT-004-3.1%20BC.pdf,Extracted from WECC Approved BC Standards table. WECC source effective date: 2015-10-01. WECC hosts the public table for BC reliability adoption/status records; BCUC is the British Columbia adoption authority. The underlying standard-making body is generally NERC or WECC.
BCUC-INT-005-3-12541,INT-005-3,Interchange Authority Distributes Arranged Interchange,BCUC,adopted_reliability_standard,Canada - British Columbia,BCUC mandatory reliability standard - Interchange Scheduling and Coordination,2011-10-30,Adopted or listed for application in British Columbia where applicable under the BCUC Mandatory Reliability Standards program,BCUC British Columbia reliability standard adoption/status record for INT-005-3: Interchange Authority Distributes Arranged Interchange.,https://www.wecc.org/wecc-document/12541,https://www.wecc.org/sites/default/files/documents/standards/2024/INT-005-3%20BC.pdf,Extracted from WECC Approved BC Standards table. WECC source effective date: 2011-10-30. WECC hosts the public table for BC reliability adoption/status records; BCUC is the British Columbia adoption authority. The underlying standard-making body is generally NERC or WECC.
BCUC-INT-006-4-12556,INT-006-4,Evaluation of Interchange Transactions,BCUC,adopted_reliability_standard,Canada - British Columbia,BCUC mandatory reliability standard - Interchange Scheduling and Coordination,2015-10-01,Adopted or listed for application in British Columbia where applicable under the BCUC Mandatory Reliability Standards program,BCUC British Columbia reliability standard adoption/status record for INT-006-4: Evaluation of Interchange Transactions.,https://www.wecc.org/wecc-document/12556,https://www.wecc.org/sites/default/files/documents/standards/2024/INT-006-4%20BC.pdf,Extracted from WECC Approved BC Standards table. WECC source effective date: 2015-10-01. WECC hosts the public table for BC reliability adoption/status records; BCUC is the British Columbia adoption authority. The underlying standard-making body is generally NERC or WECC.
BCUC-INT-006-5-11211,INT-006-5,Evaluation of Interchange Transactions,BCUC,adopted_reliability_standard,Canada - British Columbia,BCUC mandatory reliability standard - Interchange Scheduling and Coordination,2022-10-29,Adopted or listed for application in British Columbia where applicable under the BCUC Mandatory Reliability Standards program,BCUC British Columbia reliability standard adoption/status record for INT-006-5: Evaluation of Interchange Transactions.,https://www.wecc.org/wecc-document/11211,https://www.wecc.org/sites/default/files/documents/standards/2024/INT-006-5_BC.pdf,Extracted from WECC Approved BC Standards table. WECC source effective date: 2022-10-29. WECC hosts the public table for BC reliability adoption/status records; BCUC is the British Columbia adoption authority. The underlying standard-making body is generally NERC or WECC.
BCUC-INT-007-1-12561,INT-007-1,Interchange Confirmation,BCUC,adopted_reliability_standard,Canada - British Columbia,BCUC mandatory reliability standard - Interchange Scheduling and Coordination,2010-11-01,Adopted or listed for application in British Columbia where applicable under the BCUC Mandatory Reliability Standards program,BCUC British Columbia reliability standard adoption/status record for INT-007-1: Interchange Confirmation.,https://www.wecc.org/wecc-document/12561,https://www.wecc.org/sites/default/files/documents/standards/2024/INT-007-1%20BC.pdf,Extracted from WECC Approved BC Standards table. WECC source effective date: 2010-11-01. WECC hosts the public table for BC reliability adoption/status records; BCUC is the British Columbia adoption authority. The underlying standard-making body is generally NERC or WECC.
BCUC-INT-008-3-12571,INT-008-3,Interchange Authority Distributes Status,BCUC,adopted_reliability_standard,Canada - British Columbia,BCUC mandatory reliability standard - Interchange Scheduling and Coordination,2011-10-30,Adopted or listed for application in British Columbia where applicable under the BCUC Mandatory Reliability Standards program,BCUC British Columbia reliability standard adoption/status record for INT-008-3: Interchange Authority Distributes Status.,https://www.wecc.org/wecc-document/12571,https://www.wecc.org/sites/default/files/documents/standards/2024/INT-008-3%20BC.pdf,Extracted from WECC Approved BC Standards table. WECC source effective date: 2011-10-30. WECC hosts the public table for BC reliability adoption/status records; BCUC is the British Columbia adoption authority. The underlying standard-making body is generally NERC or WECC.
BCUC-INT-009-2-1-12581,INT-009-2.1,Implementation of Interchange,BCUC,adopted_reliability_standard,Canada - British Columbia,BCUC mandatory reliability standard - Interchange Scheduling and Coordination,2015-10-01,Adopted or listed for application in British Columbia where applicable under the BCUC Mandatory Reliability Standards program,BCUC British Columbia reliability standard adoption/status record for INT-009-2.1: Implementation of Interchange.,https://www.wecc.org/wecc-document/12581,https://www.wecc.org/sites/default/files/documents/standards/2024/INT-009-2.1%20BC.pdf,Extracted from WECC Approved BC Standards table. WECC source effective date: 2015-10-01. WECC hosts the public table for BC reliability adoption/status records; BCUC is the British Columbia adoption authority. The underlying standard-making body is generally NERC or WECC.
BCUC-INT-009-3-11216,INT-009-3,Implementation of Interchcange,BCUC,adopted_reliability_standard,Canada - British Columbia,BCUC mandatory reliability standard - Interchange Scheduling and Coordination,2022-10-29,Adopted or listed for application in British Columbia where applicable under the BCUC Mandatory Reliability Standards program,BCUC British Columbia reliability standard adoption/status record for INT-009-3: Implementation of Interchcange.,https://www.wecc.org/wecc-document/11216,https://www.wecc.org/sites/default/files/documents/standards/2024/INT-009-3_BC.pdf,Extracted from WECC Approved BC Standards table. WECC source effective date: 2022-10-29. WECC hosts the public table for BC reliability adoption/status records; BCUC is the British Columbia adoption authority. The underlying standard-making body is generally NERC or WECC.
BCUC-INT-010-2-1-12591,INT-010-2.1,Interchange Initiation and Modification for Reliability,BCUC,adopted_reliability_standard,Canada - British Columbia,BCUC mandatory reliability standard - Interchange Scheduling and Coordination,2015-10-01,Adopted or listed for application in British Columbia where applicable under the BCUC Mandatory Reliability Standards program,BCUC British Columbia reliability standard adoption/status record for INT-010-2.1: Interchange Initiation and Modification for Reliability.,https://www.wecc.org/wecc-document/12591,https://www.wecc.org/sites/default/files/documents/standards/2024/INT-010-2.1%20BC.pdf,Extracted from WECC Approved BC Standards table. WECC source effective date: 2015-10-01. WECC hosts the public table for BC reliability adoption/status records; BCUC is the British Columbia adoption authority. The underlying standard-making body is generally NERC or WECC.
BCUC-INT-011-1-1-12596,INT-011-1.1,Intra-Balancing Authority Transaction Identification,BCUC,adopted_reliability_standard,Canada - British Columbia,BCUC mandatory reliability standard - Interchange Scheduling and Coordination,2015-10-01,Adopted or listed for application in British Columbia where applicable under the BCUC Mandatory Reliability Standards program,BCUC British Columbia reliability standard adoption/status record for INT-011-1.1: Intra-Balancing Authority Transaction Identification.,https://www.wecc.org/wecc-document/12596,https://www.wecc.org/sites/default/files/documents/standards/2024/INT-011-1%20BC.pdf,Extracted from WECC Approved BC Standards table. WECC source effective date: 2015-10-01. WECC hosts the public table for BC reliability adoption/status records; BCUC is the British Columbia adoption authority. The underlying standard-making body is generally NERC or WECC.
BCUC-IRO-001-4-12621,IRO-001-4,Reliability Coordination - Responsibilities,BCUC,adopted_reliability_standard,Canada - British Columbia,BCUC mandatory reliability standard - Interconnection Reliability Operations and Coordination,2017-10-01,Adopted or listed for application in British Columbia where applicable under the BCUC Mandatory Reliability Standards program,BCUC British Columbia reliability standard adoption/status record for IRO-001-4: Reliability Coordination - Responsibilities.,https://www.wecc.org/wecc-document/12621,https://www.wecc.org/sites/default/files/documents/standards/2024/IRO-001-4%20BC.pdf,Extracted from WECC Approved BC Standards table. WECC source effective date: 2017-10-01. WECC hosts the public table for BC reliability adoption/status records; BCUC is the British Columbia adoption authority. The underlying standard-making body is generally NERC or WECC.
BCUC-IRO-002-7-11201,IRO-002-7,Reliability Coordinator - Monitoring and Analysis,BCUC,adopted_reliability_standard,Canada - British Columbia,BCUC mandatory reliability standard - Interconnection Reliability Operations and Coordination,2022-10-29,Adopted or listed for application in British Columbia where applicable under the BCUC Mandatory Reliability Standards program,BCUC British Columbia reliability standard adoption/status record for IRO-002-7: Reliability Coordinator - Monitoring and Analysis.,https://www.wecc.org/wecc-document/11201,https://www.wecc.org/sites/default/files/documents/standards/2024/IRO-002-7_BC.pdf,Extracted from WECC Approved BC Standards table. WECC source effective date: 2022-10-29. WECC hosts the public table for BC reliability adoption/status records; BCUC is the British Columbia adoption authority. The underlying standard-making body is generally NERC or WECC.
BCUC-IRO-003-2-12651,IRO-003-2,Reliability Coordination - Wide-Area View,BCUC,adopted_reliability_standard,Canada - British Columbia,BCUC mandatory reliability standard - Interconnection Reliability Operations and Coordination,2010-11-01,Adopted or listed for application in British Columbia where applicable under the BCUC Mandatory Reliability Standards program,BCUC British Columbia reliability standard adoption/status record for IRO-003-2: Reliability Coordination - Wide-Area View.,https://www.wecc.org/wecc-document/12651,https://www.wecc.org/sites/default/files/documents/standards/2024/IRO-003-2%20BC.pdf,Extracted from WECC Approved BC Standards table. WECC source effective date: 2010-11-01. WECC hosts the public table for BC reliability adoption/status records; BCUC is the British Columbia adoption authority. The underlying standard-making body is generally NERC or WECC.
BCUC-IRO-004-2-12661,IRO-004-2,Reliability Coordination - Operations Planning,BCUC,adopted_reliability_standard,Canada - British Columbia,BCUC mandatory reliability standard - Interconnection Reliability Operations and Coordination,2013-04-15,Adopted or listed for application in British Columbia where applicable under the BCUC Mandatory Reliability Standards program,BCUC British Columbia reliability standard adoption/status record for IRO-004-2: Reliability Coordination - Operations Planning.,https://www.wecc.org/wecc-document/12661,https://www.wecc.org/sites/default/files/documents/standards/2024/IRO-004-2%20BC.pdf,Extracted from WECC Approved BC Standards table. WECC source effective date: 2013-04-15. WECC hosts the public table for BC reliability adoption/status records; BCUC is the British Columbia adoption authority. The underlying standard-making body is generally NERC or WECC.
BCUC-IRO-006-5-12701,IRO-006-5,Reliability Coordination - Transmission Loading Relief (TLR),BCUC,adopted_reliability_standard,Canada - British Columbia,BCUC mandatory reliability standard - Interconnection Reliability Operations and Coordination,2013-04-15,Adopted or listed for application in British Columbia where applicable under the BCUC Mandatory Reliability Standards program,BCUC British Columbia reliability standard adoption/status record for IRO-006-5: Reliability Coordination - Transmission Loading Relief (TLR).,https://www.wecc.org/wecc-document/12701,https://www.wecc.org/sites/default/files/documents/standards/2024/IRO-006-5%20BC.pdf,Extracted from WECC Approved BC Standards table. WECC source effective date: 2013-04-15. WECC hosts the public table for BC reliability adoption/status records; BCUC is the British Columbia adoption authority. The underlying standard-making body is generally NERC or WECC.
BCUC-IRO-006-WECC-3-11296,IRO-006-WECC-3,Qualified Path Unscheduled Flow (USF) Relief,BCUC,adopted_reliability_standard,Canada - British Columbia,BCUC mandatory reliability standard - Interconnection Reliability Operations and Coordination,2021-01-01,Adopted or listed for application in British Columbia where applicable under the BCUC Mandatory Reliability Standards program,BCUC British Columbia reliability standard adoption/status record for IRO-006-WECC-3: Qualified Path Unscheduled Flow (USF) Relief.,https://www.wecc.org/wecc-document/11296,https://www.wecc.org/sites/default/files/documents/standards/2024/IRO-006-WECC-3_BC.pdf,Extracted from WECC Approved BC Standards table. WECC source effective date: 2021-01-01. WECC hosts the public table for BC reliability adoption/status records; BCUC is the British Columbia adoption authority. The underlying standard-making body is generally NERC or WECC.
BCUC-IRO-008-2-12721,IRO-008-2,Reliability Coordinator Operational Analyses and Real-time Assessments,BCUC,adopted_reliability_standard,Canada - British Columbia,BCUC mandatory reliability standard - Interconnection Reliability Operations and Coordination,2017-10-01,Adopted or listed for application in British Columbia where applicable under the BCUC Mandatory Reliability Standards program,BCUC British Columbia reliability standard adoption/status record for IRO-008-2: Reliability Coordinator Operational Analyses and Real-time Assessments.,https://www.wecc.org/wecc-document/12721,https://www.wecc.org/sites/default/files/documents/standards/2024/IRO-008-2%20BC.pdf,Extracted from WECC Approved BC Standards table. WECC source effective date: 2017-10-01. WECC hosts the public table for BC reliability adoption/status records; BCUC is the British Columbia adoption authority. The underlying standard-making body is generally NERC or WECC.
BCUC-IRO-009-2-12731,IRO-009-2,Reliability Coordinator Actions to Operate Within IROLs,BCUC,adopted_reliability_standard,Canada - British Columbia,BCUC mandatory reliability standard - Interconnection Reliability Operations and Coordination,2017-10-01,Adopted or listed for application in British Columbia where applicable under the BCUC Mandatory Reliability Standards program,BCUC British Columbia reliability standard adoption/status record for IRO-009-2: Reliability Coordinator Actions to Operate Within IROLs.,https://www.wecc.org/wecc-document/12731,https://www.wecc.org/sites/default/files/documents/standards/2024/IRO-009-2%20BC.pdf,Extracted from WECC Approved BC Standards table. WECC source effective date: 2017-10-01. WECC hosts the public table for BC reliability adoption/status records; BCUC is the British Columbia adoption authority. The underlying standard-making body is generally NERC or WECC.
BCUC-IRO-010-5-23811,IRO-010-5,Reliability Coordinator Data Specification and Collection,BCUC,adopted_reliability_standard,Canada - British Columbia,BCUC mandatory reliability standard - Interconnection Reliability Operations and Coordination,2026-04-01,Adopted or listed for application in British Columbia where applicable under the BCUC Mandatory Reliability Standards program,BCUC British Columbia reliability standard adoption/status record for IRO-010-5: Reliability Coordinator Data Specification and Collection.,https://www.wecc.org/wecc-document/23811,https://www.wecc.org/sites/default/files/documents/standards/2025/IRO-010-5_BC.pdf,Extracted from WECC Approved BC Standards table. WECC source effective date: 2026-04-01. WECC hosts the public table for BC reliability adoption/status records; BCUC is the British Columbia adoption authority. The underlying standard-making body is generally NERC or WECC.
BCUC-IRO-014-3-12746,IRO-014-3,Coordination Among Reliability Coordinators,BCUC,adopted_reliability_standard,Canada - British Columbia,BCUC mandatory reliability standard - Interconnection Reliability Operations and Coordination,2017-10-01,Adopted or listed for application in British Columbia where applicable under the BCUC Mandatory Reliability Standards program,BCUC British Columbia reliability standard adoption/status record for IRO-014-3: Coordination Among Reliability Coordinators.,https://www.wecc.org/wecc-document/12746,https://www.wecc.org/sites/default/files/documents/standards/2024/IRO-014-3%20BC.pdf,Extracted from WECC Approved BC Standards table. WECC source effective date: 2017-10-01. WECC hosts the public table for BC reliability adoption/status records; BCUC is the British Columbia adoption authority. The underlying standard-making body is generally NERC or WECC.
BCUC-IRO-015-1-12751,IRO-015-1,Notifications and Information Exchange Between Reliability Coordinators,BCUC,adopted_reliability_standard,Canada - British Columbia,BCUC mandatory reliability standard - Interconnection Reliability Operations and Coordination,2010-11-01,Adopted or listed for application in British Columbia where applicable under the BCUC Mandatory Reliability Standards program,BCUC British Columbia reliability standard adoption/status record for IRO-015-1: Notifications and Information Exchange Between Reliability Coordinators.,https://www.wecc.org/wecc-document/12751,https://www.wecc.org/sites/default/files/documents/standards/2024/IRO-015-1%20BC.pdf,Extracted from WECC Approved BC Standards table. WECC source effective date: 2010-11-01. WECC hosts the public table for BC reliability adoption/status records; BCUC is the British Columbia adoption authority. The underlying standard-making body is generally NERC or WECC.
BCUC-IRO-016-1-12756,IRO-016-1,Coordination of Real-time Activities Between Reliability Coordinators,BCUC,adopted_reliability_standard,Canada - British Columbia,BCUC mandatory reliability standard - Interconnection Reliability Operations and Coordination,2010-11-01,Adopted or listed for application in British Columbia where applicable under the BCUC Mandatory Reliability Standards program,BCUC British Columbia reliability standard adoption/status record for IRO-016-1: Coordination of Real-time Activities Between Reliability Coordinators.,https://www.wecc.org/wecc-document/12756,https://www.wecc.org/sites/default/files/documents/standards/2024/IRO-016-1%20BC.pdf,Extracted from WECC Approved BC Standards table. WECC source effective date: 2010-11-01. WECC hosts the public table for BC reliability adoption/status records; BCUC is the British Columbia adoption authority. The underlying standard-making body is generally NERC or WECC.
BCUC-IRO-017-1-11326,IRO-017-1,Outage Coordination,BCUC,adopted_reliability_standard,Canada - British Columbia,BCUC mandatory reliability standard - Interconnection Reliability Operations and Coordination,2020-10-01,Adopted or listed for application in British Columbia where applicable under the BCUC Mandatory Reliability Standards program,BCUC British Columbia reliability standard adoption/status record for IRO-017-1: Outage Coordination.,https://www.wecc.org/wecc-document/11326,https://www.wecc.org/sites/default/files/documents/standards/2024/IRO-017-1%20BC.pdf,Extracted from WECC Approved BC Standards table. WECC source effective date: 2020-10-01. WECC hosts the public table for BC reliability adoption/status records; BCUC is the British Columbia adoption authority. The underlying standard-making body is generally NERC or WECC.
BCUC-IRO-018-1-I-11351,IRO-018-1(i),Reliability Coordinator Real-time Reliability Monitoring and Analysis Capabilities,BCUC,adopted_reliability_standard,Canada - British Columbia,BCUC mandatory reliability standard - Interconnection Reliability Operations and Coordination,2020-04-01,Adopted or listed for application in British Columbia where applicable under the BCUC Mandatory Reliability Standards program,BCUC British Columbia reliability standard adoption/status record for IRO-018-1(i): Reliability Coordinator Real-time Reliability Monitoring and Analysis Capabilities.,https://www.wecc.org/wecc-document/11351,https://www.wecc.org/sites/default/files/documents/standards/2024/IRO-018-1%28i%29%20BC.pdf,Extracted from WECC Approved BC Standards table. WECC source effective date: 2020-04-01. WECC hosts the public table for BC reliability adoption/status records; BCUC is the British Columbia adoption authority. The underlying standard-making body is generally NERC or WECC.
BCUC-MOD-006-0-1-12786,MOD-006-0.1,Procedures for the Use of Capacity Benefit Margin Values,BCUC,adopted_reliability_standard,Canada - British Columbia,BCUC mandatory reliability standard - Modeling Data and Analysis,2011-01-01,Adopted or listed for application in British Columbia where applicable under the BCUC Mandatory Reliability Standards program,BCUC British Columbia reliability standard adoption/status record for MOD-006-0.1: Procedures for the Use of Capacity Benefit Margin Values.,https://www.wecc.org/wecc-document/12786,https://www.wecc.org/sites/default/files/documents/standards/2024/MOD-006-0.1%20BC.pdf,Extracted from WECC Approved BC Standards table. WECC source effective date: 2011-01-01. WECC hosts the public table for BC reliability adoption/status records; BCUC is the British Columbia adoption authority. The underlying standard-making body is generally NERC or WECC.
BCUC-MOD-007-0-12791,MOD-007-0,Documentation of the Use of Capacity Benefit Margin,BCUC,adopted_reliability_standard,Canada - British Columbia,BCUC mandatory reliability standard - Modeling Data and Analysis,2010-11-01,Adopted or listed for application in British Columbia where applicable under the BCUC Mandatory Reliability Standards program,BCUC British Columbia reliability standard adoption/status record for MOD-007-0: Documentation of the Use of Capacity Benefit Margin.,https://www.wecc.org/wecc-document/12791,https://www.wecc.org/sites/default/files/documents/standards/2024/MOD-007-0%20BC.pdf,Extracted from WECC Approved BC Standards table. WECC source effective date: 2010-11-01. WECC hosts the public table for BC reliability adoption/status records; BCUC is the British Columbia adoption authority. The underlying standard-making body is generally NERC or WECC.
BCUC-MOD-010-0-12801,MOD-010-0,Steady-State Data for Modeling and Simulation of the Interconnected Transmission System,BCUC,adopted_reliability_standard,Canada - British Columbia,BCUC mandatory reliability standard - Modeling Data and Analysis,2010-11-01,Adopted or listed for application in British Columbia where applicable under the BCUC Mandatory Reliability Standards program,BCUC British Columbia reliability standard adoption/status record for MOD-010-0: Steady-State Data for Modeling and Simulation of the Interconnected Transmission System.,https://www.wecc.org/wecc-document/12801,https://www.wecc.org/sites/default/files/documents/standards/2024/MOD-010-0%20BC.pdf,Extracted from WECC Approved BC Standards table. WECC source effective date: 2010-11-01. WECC hosts the public table for BC reliability adoption/status records; BCUC is the British Columbia adoption authority. The underlying standard-making body is generally NERC or WECC.
BCUC-MOD-012-0-12806,MOD-012-0,Dynamics Data for Modeling and Simulation of the Interconnected Transmission System,BCUC,adopted_reliability_standard,Canada - British Columbia,BCUC mandatory reliability standard - Modeling Data and Analysis,2010-11-01,Adopted or listed for application in British Columbia where applicable under the BCUC Mandatory Reliability Standards program,BCUC British Columbia reliability standard adoption/status record for MOD-012-0: Dynamics Data for Modeling and Simulation of the Interconnected Transmission System.,https://www.wecc.org/wecc-document/12806,https://www.wecc.org/sites/default/files/documents/standards/2024/MOD-012-0%20BC.pdf,Extracted from WECC Approved BC Standards table. WECC source effective date: 2010-11-01. WECC hosts the public table for BC reliability adoption/status records; BCUC is the British Columbia adoption authority. The underlying standard-making body is generally NERC or WECC.
BCUC-MOD-016-1-1-12821,MOD-016-1.1,"Actual and Forecast Demands, Net Energy for Load, Controllable DSM",BCUC,adopted_reliability_standard,Canada - British Columbia,BCUC mandatory reliability standard - Modeling Data and Analysis,2011-01-01,Adopted or listed for application in British Columbia where applicable under the BCUC Mandatory Reliability Standards program,"BCUC British Columbia reliability standard adoption/status record for MOD-016-1.1: Actual and Forecast Demands, Net Energy for Load, Controllable DSM.",https://www.wecc.org/wecc-document/12821,https://www.wecc.org/sites/default/files/documents/standards/2024/MOD-016-1.1%20BC.pdf,Extracted from WECC Approved BC Standards table. WECC source effective date: 2011-01-01. WECC hosts the public table for BC reliability adoption/status records; BCUC is the British Columbia adoption authority. The underlying standard-making body is generally NERC or WECC.
BCUC-MOD-017-0-1-12831,MOD-017-0.1,Aggregated Actual and Forecast Demands and Net Energy for Load,BCUC,adopted_reliability_standard,Canada - British Columbia,BCUC mandatory reliability standard - Modeling Data and Analysis,2011-01-01,Adopted or listed for application in British Columbia where applicable under the BCUC Mandatory Reliability Standards program,BCUC British Columbia reliability standard adoption/status record for MOD-017-0.1: Aggregated Actual and Forecast Demands and Net Energy for Load.,https://www.wecc.org/wecc-document/12831,https://www.wecc.org/sites/default/files/documents/standards/2024/MOD-017-0.1%20BC.pdf,Extracted from WECC Approved BC Standards table. WECC source effective date: 2011-01-01. WECC hosts the public table for BC reliability adoption/status records; BCUC is the British Columbia adoption authority. The underlying standard-making body is generally NERC or WECC.
BCUC-MOD-018-0-12836,MOD-018-0,Treatment of Nonmember Demand Data and How Uncertainties are Addressed in the Forecasts of Demand and Net Energy for Load,BCUC,adopted_reliability_standard,Canada - British Columbia,BCUC mandatory reliability standard - Modeling Data and Analysis,2010-11-01,Adopted or listed for application in British Columbia where applicable under the BCUC Mandatory Reliability Standards program,BCUC British Columbia reliability standard adoption/status record for MOD-018-0: Treatment of Nonmember Demand Data and How Uncertainties are Addressed in the Forecasts of Demand and Net Energy for Load.,https://www.wecc.org/wecc-document/12836,https://www.wecc.org/sites/default/files/documents/standards/2024/MOD-018-0%20BC.pdf,Extracted from WECC Approved BC Standards table. WECC source effective date: 2010-11-01. WECC hosts the public table for BC reliability adoption/status records; BCUC is the British Columbia adoption authority. The underlying standard-making body is generally NERC or WECC.
BCUC-MOD-019-0-1-12851,MOD-019-0.1,Reporting of Interruptible Demands and Direct Control Load Management,BCUC,adopted_reliability_standard,Canada - British Columbia,BCUC mandatory reliability standard - Modeling Data and Analysis,2011-01-01,Adopted or listed for application in British Columbia where applicable under the BCUC Mandatory Reliability Standards program,BCUC British Columbia reliability standard adoption/status record for MOD-019-0.1: Reporting of Interruptible Demands and Direct Control Load Management.,https://www.wecc.org/wecc-document/12851,https://www.wecc.org/sites/default/files/documents/standards/2024/MOD-019-0.1%20BC.pdf,Extracted from WECC Approved BC Standards table. WECC source effective date: 2011-01-01. WECC hosts the public table for BC reliability adoption/status records; BCUC is the British Columbia adoption authority. The underlying standard-making body is generally NERC or WECC.
BCUC-MOD-020-0-12856,MOD-020-0,Providing Interruptible Demands and Direct Control Load Management Data System Operators and Reliability Coordinators,BCUC,adopted_reliability_standard,Canada - British Columbia,BCUC mandatory reliability standard - Modeling Data and Analysis,2010-11-01,Adopted or listed for application in British Columbia where applicable under the BCUC Mandatory Reliability Standards program,BCUC British Columbia reliability standard adoption/status record for MOD-020-0: Providing Interruptible Demands and Direct Control Load Management Data System Operators and Reliability Coordinators.,https://www.wecc.org/wecc-document/12856,https://www.wecc.org/sites/default/files/documents/standards/2024/MOD-020-0%20BC.pdf,Extracted from WECC Approved BC Standards table. WECC source effective date: 2010-11-01. WECC hosts the public table for BC reliability adoption/status records; BCUC is the British Columbia adoption authority. The underlying standard-making body is generally NERC or WECC.
BCUC-MOD-021-1-12881,MOD-021-1,Documentation of the Accounting Methodology for the Effects of DSM in Forecasts,BCUC,adopted_reliability_standard,Canada - British Columbia,BCUC mandatory reliability standard - Modeling Data and Analysis,2013-04-15,Adopted or listed for application in British Columbia where applicable under the BCUC Mandatory Reliability Standards program,BCUC British Columbia reliability standard adoption/status record for MOD-021-1: Documentation of the Accounting Methodology for the Effects of DSM in Forecasts.,https://www.wecc.org/wecc-document/12881,https://www.wecc.org/sites/default/files/documents/standards/2024/MOD-021-1%20BC.pdf,Extracted from WECC Approved BC Standards table. WECC source effective date: 2013-04-15. WECC hosts the public table for BC reliability adoption/status records; BCUC is the British Columbia adoption authority. The underlying standard-making body is generally NERC or WECC.
BCUC-MOD-025-2-12886,MOD-025-2,"Verification and Data Reporting of Generator Real and Reactive Power - {Effective Date: Please refer to standard for phased in effective dates. Per BCUC Order R-14-20, 100%",BCUC,adopted_reliability_standard,Canada - British Columbia,BCUC mandatory reliability standard - Modeling Data and Analysis,effective date in source document,Adopted or listed for application in British Columbia where applicable under the BCUC Mandatory Reliability Standards program,"BCUC British Columbia reliability standard adoption/status record for MOD-025-2: Verification and Data Reporting of Generator Real and Reactive Power - {Effective Date: Please refer to standard for phased in effective dates. Per BCUC Order R-14-20, 100%.",https://www.wecc.org/wecc-document/12886,https://www.wecc.org/sites/default/files/documents/standards/2024/MOD-025-2%20BC.pdf,Extracted from WECC Approved BC Standards table. WECC hosts the public table for BC reliability adoption/status records; BCUC is the British Columbia adoption authority. The underlying standard-making body is generally NERC or WECC.
BCUC-MOD-026-1-12896,MOD-026-1,Verification of Models and Data for Generator Excitation Control System,BCUC,adopted_reliability_standard,Canada - British Columbia,BCUC mandatory reliability standard - Modeling Data and Analysis,effective date in source document,Adopted or listed for application in British Columbia where applicable under the BCUC Mandatory Reliability Standards program,BCUC British Columbia reliability standard adoption/status record for MOD-026-1: Verification of Models and Data for Generator Excitation Control System.,https://www.wecc.org/wecc-document/12896,https://www.wecc.org/sites/default/files/documents/standards/2024/MOD-026-1%20BC.pdf,Extracted from WECC Approved BC Standards table. WECC hosts the public table for BC reliability adoption/status records; BCUC is the British Columbia adoption authority. The underlying standard-making body is generally NERC or WECC.
BCUC-MOD-027-1-12901,MOD-027-1,Verification of Models and Data for Turbine/Governor and Load Control,BCUC,adopted_reliability_standard,Canada - British Columbia,BCUC mandatory reliability standard - Modeling Data and Analysis,effective date in source document,Adopted or listed for application in British Columbia where applicable under the BCUC Mandatory Reliability Standards program,BCUC British Columbia reliability standard adoption/status record for MOD-027-1: Verification of Models and Data for Turbine/Governor and Load Control.,https://www.wecc.org/wecc-document/12901,https://www.wecc.org/sites/default/files/documents/standards/2024/MOD-027-1%20BC.pdf,Extracted from WECC Approved BC Standards table. WECC hosts the public table for BC reliability adoption/status records; BCUC is the British Columbia adoption authority. The underlying standard-making body is generally NERC or WECC.
BCUC-MOD-031-3-11231,MOD-031-3,Demand and Energy Data,BCUC,adopted_reliability_standard,Canada - British Columbia,BCUC mandatory reliability standard - Modeling Data and Analysis,2022-01-01,Adopted or listed for application in British Columbia where applicable under the BCUC Mandatory Reliability Standards program,BCUC British Columbia reliability standard adoption/status record for MOD-031-3: Demand and Energy Data.,https://www.wecc.org/wecc-document/11231,https://www.wecc.org/sites/default/files/documents/standards/2024/MOD-031-3_BC.pdf,Extracted from WECC Approved BC Standards table. WECC source effective date: 2022-01-01. WECC hosts the public table for BC reliability adoption/status records; BCUC is the British Columbia adoption authority. The underlying standard-making body is generally NERC or WECC.
BCUC-MOD-032-1-12956,MOD-032-1,Data for Power System Modeling and Analysis,BCUC,adopted_reliability_standard,Canada - British Columbia,BCUC mandatory reliability standard - Modeling Data and Analysis,effective date in source document,Adopted or listed for application in British Columbia where applicable under the BCUC Mandatory Reliability Standards program,BCUC British Columbia reliability standard adoption/status record for MOD-032-1: Data for Power System Modeling and Analysis.,https://www.wecc.org/wecc-document/12956,https://www.wecc.org/sites/default/files/documents/standards/2024/MOD-032-1%20BC.pdf,Extracted from WECC Approved BC Standards table. WECC hosts the public table for BC reliability adoption/status records; BCUC is the British Columbia adoption authority. The underlying standard-making body is generally NERC or WECC.
BCUC-MOD-032-1-22686,MOD-032-1,Data for Power System Modeling and Analysis,BCUC,adopted_reliability_standard,Canada - British Columbia,BCUC mandatory reliability standard - Modeling Data and Analysis,2026-10-01,Adopted or listed for application in British Columbia where applicable under the BCUC Mandatory Reliability Standards program,BCUC British Columbia reliability standard adoption/status record for MOD-032-1: Data for Power System Modeling and Analysis.,https://www.wecc.org/wecc-document/22686,https://www.wecc.org/sites/default/files/documents/standards/2025/MOD-032-1_BC.pdf,Extracted from WECC Approved BC Standards table. WECC source effective date: 2026-10-01. WECC hosts the public table for BC reliability adoption/status records; BCUC is the British Columbia adoption authority. The underlying standard-making body is generally NERC or WECC.
BCUC-MOD-033-1-12966,MOD-033-1,Steady-State and Dynamic System Model Validation,BCUC,adopted_reliability_standard,Canada - British Columbia,BCUC mandatory reliability standard - Modeling Data and Analysis,effective date in source document,Adopted or listed for application in British Columbia where applicable under the BCUC Mandatory Reliability Standards program,BCUC British Columbia reliability standard adoption/status record for MOD-033-1: Steady-State and Dynamic System Model Validation.,https://www.wecc.org/wecc-document/12966,https://www.wecc.org/sites/default/files/documents/standards/2024/MOD-033-1%20BC.pdf,Extracted from WECC Approved BC Standards table. WECC hosts the public table for BC reliability adoption/status records; BCUC is the British Columbia adoption authority. The underlying standard-making body is generally NERC or WECC.
BCUC-NUC-001-4-11251,NUC-001-4,Nuclear Plant Interface Coordination,BCUC,adopted_reliability_standard,Canada - British Columbia,BCUC mandatory reliability standard - Nuclear,2021-10-01,Adopted or listed for application in British Columbia where applicable under the BCUC Mandatory Reliability Standards program,BCUC British Columbia reliability standard adoption/status record for NUC-001-4: Nuclear Plant Interface Coordination.,https://www.wecc.org/wecc-document/11251,https://www.wecc.org/sites/default/files/documents/standards/2024/NUC-001-4_BC.pdf,Extracted from WECC Approved BC Standards table. WECC source effective date: 2021-10-01. WECC hosts the public table for BC reliability adoption/status records; BCUC is the British Columbia adoption authority. The underlying standard-making body is generally NERC or WECC.
BCUC-PER-001-0-2-12996,PER-001-0.2,Operating Personnel Responsibility and Authority,BCUC,adopted_reliability_standard,Canada - British Columbia,BCUC mandatory reliability standard - Personnel Performance Training and Qualifications,2013-12-12,Adopted or listed for application in British Columbia where applicable under the BCUC Mandatory Reliability Standards program,BCUC British Columbia reliability standard adoption/status record for PER-001-0.2: Operating Personnel Responsibility and Authority.,https://www.wecc.org/wecc-document/12996,https://www.wecc.org/sites/default/files/documents/standards/2024/PER-001-0.2%20BC.pdf,Extracted from WECC Approved BC Standards table. WECC source effective date: 2013-12-12. WECC hosts the public table for BC reliability adoption/status records; BCUC is the British Columbia adoption authority. The underlying standard-making body is generally NERC or WECC.
BCUC-PER-002-0-13001,PER-002-0,Operating Personnel Training,BCUC,adopted_reliability_standard,Canada - British Columbia,BCUC mandatory reliability standard - Personnel Performance Training and Qualifications,effective date in source document,Adopted or listed for application in British Columbia where applicable under the BCUC Mandatory Reliability Standards program,BCUC British Columbia reliability standard adoption/status record for PER-002-0: Operating Personnel Training.,https://www.wecc.org/wecc-document/13001,https://www.wecc.org/sites/default/files/documents/standards/2024/PER-002-0%20BC.pdf,Extracted from WECC Approved BC Standards table. WECC hosts the public table for BC reliability adoption/status records; BCUC is the British Columbia adoption authority. The underlying standard-making body is generally NERC or WECC.
BCUC-PER-003-0-13006,PER-003-0,Operating Personnel Credentials,BCUC,adopted_reliability_standard,Canada - British Columbia,BCUC mandatory reliability standard - Personnel Performance Training and Qualifications,2010-11-01,Adopted or listed for application in British Columbia where applicable under the BCUC Mandatory Reliability Standards program,BCUC British Columbia reliability standard adoption/status record for PER-003-0: Operating Personnel Credentials.,https://www.wecc.org/wecc-document/13006,https://www.wecc.org/sites/default/files/documents/standards/2024/PER-003-0%20BC.pdf,Extracted from WECC Approved BC Standards table. WECC source effective date: 2010-11-01. WECC hosts the public table for BC reliability adoption/status records; BCUC is the British Columbia adoption authority. The underlying standard-making body is generally NERC or WECC.
BCUC-PER-003-1-13011,PER-003-1,Operating Personnel Credentials,BCUC,adopted_reliability_standard,Canada - British Columbia,BCUC mandatory reliability standard - Personnel Performance Training and Qualifications,2015-01-01,Adopted or listed for application in British Columbia where applicable under the BCUC Mandatory Reliability Standards program,BCUC British Columbia reliability standard adoption/status record for PER-003-1: Operating Personnel Credentials.,https://www.wecc.org/wecc-document/13011,https://www.wecc.org/sites/default/files/documents/standards/2024/PER-003-1%20BC.pdf,Extracted from WECC Approved BC Standards table. WECC source effective date: 2015-01-01. WECC hosts the public table for BC reliability adoption/status records; BCUC is the British Columbia adoption authority. The underlying standard-making body is generally NERC or WECC.
BCUC-PER-003-2-11356,PER-003-2,Operating Personnel Credentials,BCUC,adopted_reliability_standard,Canada - British Columbia,BCUC mandatory reliability standard - Personnel Performance Training and Qualifications,2020-04-01,Adopted or listed for application in British Columbia where applicable under the BCUC Mandatory Reliability Standards program,BCUC British Columbia reliability standard adoption/status record for PER-003-2: Operating Personnel Credentials.,https://www.wecc.org/wecc-document/11356,https://www.wecc.org/sites/default/files/documents/standards/2024/PER-003-2%20BC.pdf,Extracted from WECC Approved BC Standards table. WECC source effective date: 2020-04-01. WECC hosts the public table for BC reliability adoption/status records; BCUC is the British Columbia adoption authority. The underlying standard-making body is generally NERC or WECC.
BCUC-PER-004-2-13051,PER-004-2,Reliability Coordination - Staffing,BCUC,adopted_reliability_standard,Canada - British Columbia,BCUC mandatory reliability standard - Personnel Performance Training and Qualifications,2013-01-15,Adopted or listed for application in British Columbia where applicable under the BCUC Mandatory Reliability Standards program,BCUC British Columbia reliability standard adoption/status record for PER-004-2: Reliability Coordination - Staffing.,https://www.wecc.org/wecc-document/13051,https://www.wecc.org/sites/default/files/documents/standards/2024/PER-004-2%20BC.pdf,Extracted from WECC Approved BC Standards table. WECC source effective date: 2013-01-15. WECC hosts the public table for BC reliability adoption/status records; BCUC is the British Columbia adoption authority. The underlying standard-making body is generally NERC or WECC.
BCUC-PER-005-1-13046,PER-005-1,System Personnel Training,BCUC,adopted_reliability_standard,Canada - British Columbia,BCUC mandatory reliability standard - Personnel Performance Training and Qualifications,effective date in source document,Adopted or listed for application in British Columbia where applicable under the BCUC Mandatory Reliability Standards program,BCUC British Columbia reliability standard adoption/status record for PER-005-1: System Personnel Training.,https://www.wecc.org/wecc-document/13046,https://www.wecc.org/sites/default/files/documents/standards/2024/PER-005-1%20BC.pdf,Extracted from WECC Approved BC Standards table. WECC hosts the public table for BC reliability adoption/status records; BCUC is the British Columbia adoption authority. The underlying standard-making body is generally NERC or WECC.
BCUC-PER-005-2-12841,PER-005-2,Operations Personnel Training,BCUC,adopted_reliability_standard,Canada - British Columbia,BCUC mandatory reliability standard - Personnel Performance Training and Qualifications,effective date in source document,Adopted or listed for application in British Columbia where applicable under the BCUC Mandatory Reliability Standards program,BCUC British Columbia reliability standard adoption/status record for PER-005-2: Operations Personnel Training.,https://www.wecc.org/wecc-document/12841,https://www.wecc.org/sites/default/files/documents/standards/2024/PER-005-2.pdf,Extracted from WECC Approved BC Standards table. WECC hosts the public table for BC reliability adoption/status records; BCUC is the British Columbia adoption authority. The underlying standard-making body is generally NERC or WECC.
BCUC-PER-006-1-11256,PER-006-1,Specific Training for Personnel,BCUC,adopted_reliability_standard,Canada - British Columbia,BCUC mandatory reliability standard - Personnel Performance Training and Qualifications,2021-10-01,Adopted or listed for application in British Columbia where applicable under the BCUC Mandatory Reliability Standards program,BCUC British Columbia reliability standard adoption/status record for PER-006-1: Specific Training for Personnel.,https://www.wecc.org/wecc-document/11256,https://www.wecc.org/sites/default/files/documents/standards/2024/PER-006-1%20BC.pdf,Extracted from WECC Approved BC Standards table. WECC source effective date: 2021-10-01. WECC hosts the public table for BC reliability adoption/status records; BCUC is the British Columbia adoption authority. The underlying standard-making body is generally NERC or WECC.
BCUC-PRC-001-1-12861,PRC-001-1,System Protection Coordination,BCUC,adopted_reliability_standard,Canada - British Columbia,BCUC mandatory reliability standard - Protection and Control,2010-11-01,Adopted or listed for application in British Columbia where applicable under the BCUC Mandatory Reliability Standards program,BCUC British Columbia reliability standard adoption/status record for PRC-001-1: System Protection Coordination.,https://www.wecc.org/wecc-document/12861,https://www.wecc.org/sites/default/files/documents/standards/2024/PRC-001-1%20BC.pdf,Extracted from WECC Approved BC Standards table. WECC source effective date: 2010-11-01. WECC hosts the public table for BC reliability adoption/status records; BCUC is the British Columbia adoption authority. The underlying standard-making body is generally NERC or WECC.
BCUC-PRC-001-1-1-II-12891,PRC-001-1.1(ii),System Protection Coordination,BCUC,adopted_reliability_standard,Canada - British Columbia,BCUC mandatory reliability standard - Protection and Control,2016-10-01,Adopted or listed for application in British Columbia where applicable under the BCUC Mandatory Reliability Standards program,BCUC British Columbia reliability standard adoption/status record for PRC-001-1.1(ii): System Protection Coordination.,https://www.wecc.org/wecc-document/12891,https://www.wecc.org/sites/default/files/documents/standards/2024/PRC-001-1.1%28ii%29.pdf,Extracted from WECC Approved BC Standards table. WECC source effective date: 2016-10-01. WECC hosts the public table for BC reliability adoption/status records; BCUC is the British Columbia adoption authority. The underlying standard-making body is generally NERC or WECC.
BCUC-PRC-002-2-12916,PRC-002-2,Disturbance Monitoring and Reporting Requirements - Refer to Reliability Standard for implementation dates,BCUC,adopted_reliability_standard,Canada - British Columbia,BCUC mandatory reliability standard - Protection and Control,effective date in source document,Adopted or listed for application in British Columbia where applicable under the BCUC Mandatory Reliability Standards program,BCUC British Columbia reliability standard adoption/status record for PRC-002-2: Disturbance Monitoring and Reporting Requirements - Refer to Reliability Standard for implementation dates.,https://www.wecc.org/wecc-document/12916,https://www.wecc.org/sites/default/files/documents/standards/2024/PRC-002-2.pdf,Extracted from WECC Approved BC Standards table. WECC hosts the public table for BC reliability adoption/status records; BCUC is the British Columbia adoption authority. The underlying standard-making body is generally NERC or WECC.
BCUC-PRC-002-4-23816,PRC-002-4,Disturbance Monitoring and Reporting Requirements,BCUC,adopted_reliability_standard,Canada - British Columbia,BCUC mandatory reliability standard - Protection and Control,2025-10-01,Adopted or listed for application in British Columbia where applicable under the BCUC Mandatory Reliability Standards program,BCUC British Columbia reliability standard adoption/status record for PRC-002-4: Disturbance Monitoring and Reporting Requirements.,https://www.wecc.org/wecc-document/23816,https://www.wecc.org/sites/default/files/documents/standards/2025/PRC-002-4_BC.pdf,Extracted from WECC Approved BC Standards table. WECC source effective date: 2025-10-01. WECC hosts the public table for BC reliability adoption/status records; BCUC is the British Columbia adoption authority. The underlying standard-making body is generally NERC or WECC.
BCUC-PRC-004-6-11196,PRC-004-6,Protection System Misoperation Identification and Correction,BCUC,adopted_reliability_standard,Canada - British Columbia,BCUC mandatory reliability standard - Protection and Control,2022-10-29,Adopted or listed for application in British Columbia where applicable under the BCUC Mandatory Reliability Standards program,BCUC British Columbia reliability standard adoption/status record for PRC-004-6: Protection System Misoperation Identification and Correction.,https://www.wecc.org/wecc-document/11196,https://www.wecc.org/sites/default/files/documents/standards/2024/PRC-004-6_BC.pdf,Extracted from WECC Approved BC Standards table. WECC source effective date: 2022-10-29. WECC hosts the public table for BC reliability adoption/status records; BCUC is the British Columbia adoption authority. The underlying standard-making body is generally NERC or WECC.
BCUC-PRC-005-1-1B-12201,PRC-005-1.1b,Transmission and Generation Protection System Maintenance and Testing,BCUC,adopted_reliability_standard,Canada - British Columbia,BCUC mandatory reliability standard - Protection and Control,2015-01-01,Adopted or listed for application in British Columbia where applicable under the BCUC Mandatory Reliability Standards program,BCUC British Columbia reliability standard adoption/status record for PRC-005-1.1b: Transmission and Generation Protection System Maintenance and Testing.,https://www.wecc.org/wecc-document/12201,https://www.wecc.org/sites/default/files/documents/standards/2024/PRC-005-1.1b%20BC.pdf,Extracted from WECC Approved BC Standards table. WECC source effective date: 2015-01-01. WECC hosts the public table for BC reliability adoption/status records; BCUC is the British Columbia adoption authority. The underlying standard-making body is generally NERC or WECC.
BCUC-PRC-005-1B-12211,PRC-005-1b,Transmission and Generation Protection System Maintenance and Testing,BCUC,adopted_reliability_standard,Canada - British Columbia,BCUC mandatory reliability standard - Protection and Control,2015-01-01,Adopted or listed for application in British Columbia where applicable under the BCUC Mandatory Reliability Standards program,BCUC British Columbia reliability standard adoption/status record for PRC-005-1b: Transmission and Generation Protection System Maintenance and Testing.,https://www.wecc.org/wecc-document/12211,https://www.wecc.org/sites/default/files/documents/standards/2024/PRC-005-1b%20BC.pdf,Extracted from WECC Approved BC Standards table. WECC source effective date: 2015-01-01. WECC hosts the public table for BC reliability adoption/status records; BCUC is the British Columbia adoption authority. The underlying standard-making body is generally NERC or WECC.
BCUC-PRC-005-2-12216,PRC-005-2,Protection System Maintenance,BCUC,adopted_reliability_standard,Canada - British Columbia,BCUC mandatory reliability standard - Protection and Control,effective date in source document,Adopted or listed for application in British Columbia where applicable under the BCUC Mandatory Reliability Standards program,BCUC British Columbia reliability standard adoption/status record for PRC-005-2: Protection System Maintenance.,https://www.wecc.org/wecc-document/12216,https://www.wecc.org/sites/default/files/documents/standards/2024/PRC-005-2.pdf,Extracted from WECC Approved BC Standards table. WECC hosts the public table for BC reliability adoption/status records; BCUC is the British Columbia adoption authority. The underlying standard-making body is generally NERC or WECC.
BCUC-PRC-005-6-11391,PRC-005-6,"Protection System, Automatic Reclosing, and Sudden Pressure Relaying Maintenance",BCUC,adopted_reliability_standard,Canada - British Columbia,BCUC mandatory reliability standard - Protection and Control,2019-10-01,Adopted or listed for application in British Columbia where applicable under the BCUC Mandatory Reliability Standards program,"BCUC British Columbia reliability standard adoption/status record for PRC-005-6: Protection System, Automatic Reclosing, and Sudden Pressure Relaying Maintenance.",https://www.wecc.org/wecc-document/11391,https://www.wecc.org/sites/default/files/documents/standards/2024/PRC-005-6%20BC.pdf,Extracted from WECC Approved BC Standards table. WECC source effective date: 2019-10-01. WECC hosts the public table for BC reliability adoption/status records; BCUC is the British Columbia adoption authority. The underlying standard-making body is generally NERC or WECC.
BCUC-PRC-006-5-22691,PRC-006-5,Automatic Underfrequency Load Shedding WECC Regional Variance,BCUC,adopted_reliability_standard,Canada - British Columbia,BCUC mandatory reliability standard - Protection and Control,2027-07-01,Adopted or listed for application in British Columbia where applicable under the BCUC Mandatory Reliability Standards program,BCUC British Columbia reliability standard adoption/status record for PRC-006-5: Automatic Underfrequency Load Shedding WECC Regional Variance.,https://www.wecc.org/wecc-document/22691,https://www.wecc.org/sites/default/files/documents/standards/2025/PRC-006-5_BC.pdf,Extracted from WECC Approved BC Standards table. WECC source effective date: 2027-07-01. WECC hosts the public table for BC reliability adoption/status records; BCUC is the British Columbia adoption authority. The underlying standard-making body is generally NERC or WECC.
BCUC-PRC-007-0-12141,PRC-007-0,Assuring Consistency of Entity Underfrequency Load Shedding Programs with Regional Reliability Organization's Underfrequency Load Shedding Program Requirements,BCUC,adopted_reliability_standard,Canada - British Columbia,BCUC mandatory reliability standard - Protection and Control,2010-11-01,Adopted or listed for application in British Columbia where applicable under the BCUC Mandatory Reliability Standards program,BCUC British Columbia reliability standard adoption/status record for PRC-007-0: Assuring Consistency of Entity Underfrequency Load Shedding Programs with Regional Reliability Organization's Underfrequency Load Shedding Program Requirements.,https://www.wecc.org/wecc-document/12141,https://www.wecc.org/sites/default/files/documents/standards/2024/PRC-007-0%20BC.pdf,Extracted from WECC Approved BC Standards table. WECC source effective date: 2010-11-01. WECC hosts the public table for BC reliability adoption/status records; BCUC is the British Columbia adoption authority. The underlying standard-making body is generally NERC or WECC.
BCUC-PRC-008-0-12146,PRC-008-0,Implementation and Documentation of Underfrequency Load Shedding Equipment Maintenance Program,BCUC,adopted_reliability_standard,Canada - British Columbia,BCUC mandatory reliability standard - Protection and Control,2010-11-01,Adopted or listed for application in British Columbia where applicable under the BCUC Mandatory Reliability Standards program,BCUC British Columbia reliability standard adoption/status record for PRC-008-0: Implementation and Documentation of Underfrequency Load Shedding Equipment Maintenance Program.,https://www.wecc.org/wecc-document/12146,https://www.wecc.org/sites/default/files/documents/standards/2024/PRC-008-0%20BC.pdf,Extracted from WECC Approved BC Standards table. WECC source effective date: 2010-11-01. WECC hosts the public table for BC reliability adoption/status records; BCUC is the British Columbia adoption authority. The underlying standard-making body is generally NERC or WECC.
BCUC-PRC-009-0-12151,PRC-009-0,Analysis and Documentation of Underfrequency Load Shedding Performance Following an Underfrequency Event,BCUC,adopted_reliability_standard,Canada - British Columbia,BCUC mandatory reliability standard - Protection and Control,2010-11-01,Adopted or listed for application in British Columbia where applicable under the BCUC Mandatory Reliability Standards program,BCUC British Columbia reliability standard adoption/status record for PRC-009-0: Analysis and Documentation of Underfrequency Load Shedding Performance Following an Underfrequency Event.,https://www.wecc.org/wecc-document/12151,https://www.wecc.org/sites/default/files/documents/standards/2024/PRC-009-0%20BC.pdf,Extracted from WECC Approved BC Standards table. WECC source effective date: 2010-11-01. WECC hosts the public table for BC reliability adoption/status records; BCUC is the British Columbia adoption authority. The underlying standard-making body is generally NERC or WECC.
BCUC-PRC-010-2-22721,PRC-010-2,Undervoltage Load Shedding,BCUC,adopted_reliability_standard,Canada - British Columbia,BCUC mandatory reliability standard - Protection and Control,2025-12-01,Adopted or listed for application in British Columbia where applicable under the BCUC Mandatory Reliability Standards program,BCUC British Columbia reliability standard adoption/status record for PRC-010-2: Undervoltage Load Shedding.,https://www.wecc.org/wecc-document/22721,https://www.wecc.org/sites/default/files/documents/standards/2025/PRC-010-2_BC.pdf,Extracted from WECC Approved BC Standards table. WECC source effective date: 2025-12-01. WECC hosts the public table for BC reliability adoption/status records; BCUC is the British Columbia adoption authority. The underlying standard-making body is generally NERC or WECC.
BCUC-PRC-011-0-12161,PRC-011-0,Undervoltage Load Shedding System Maintenance and Testing,BCUC,adopted_reliability_standard,Canada - British Columbia,BCUC mandatory reliability standard - Protection and Control,2010-11-01,Adopted or listed for application in British Columbia where applicable under the BCUC Mandatory Reliability Standards program,BCUC British Columbia reliability standard adoption/status record for PRC-011-0: Undervoltage Load Shedding System Maintenance and Testing.,https://www.wecc.org/wecc-document/12161,https://www.wecc.org/sites/default/files/documents/standards/2024/PRC-011-0%20BC.pdf,Extracted from WECC Approved BC Standards table. WECC source effective date: 2010-11-01. WECC hosts the public table for BC reliability adoption/status records; BCUC is the British Columbia adoption authority. The underlying standard-making body is generally NERC or WECC.
BCUC-PRC-015-1-12171,PRC-015-1,Remedial Action Scheme Data and Documentation,BCUC,adopted_reliability_standard,Canada - British Columbia,BCUC mandatory reliability standard - Protection and Control,2017-10-01,Adopted or listed for application in British Columbia where applicable under the BCUC Mandatory Reliability Standards program,BCUC British Columbia reliability standard adoption/status record for PRC-015-1: Remedial Action Scheme Data and Documentation.,https://www.wecc.org/wecc-document/12171,https://www.wecc.org/sites/default/files/documents/standards/2024/PRC-015-1%20BC.pdf,Extracted from WECC Approved BC Standards table. WECC source effective date: 2017-10-01. WECC hosts the public table for BC reliability adoption/status records; BCUC is the British Columbia adoption authority. The underlying standard-making body is generally NERC or WECC.
BCUC-PRC-016-1-12096,PRC-016-1,Remedial Action Scheme Misoperations,BCUC,adopted_reliability_standard,Canada - British Columbia,BCUC mandatory reliability standard - Protection and Control,2017-10-01,Adopted or listed for application in British Columbia where applicable under the BCUC Mandatory Reliability Standards program,BCUC British Columbia reliability standard adoption/status record for PRC-016-1: Remedial Action Scheme Misoperations.,https://www.wecc.org/wecc-document/12096,https://www.wecc.org/sites/default/files/documents/standards/2024/PRC-016-1%20BC.pdf,Extracted from WECC Approved BC Standards table. WECC source effective date: 2017-10-01. WECC hosts the public table for BC reliability adoption/status records; BCUC is the British Columbia adoption authority. The underlying standard-making body is generally NERC or WECC.
BCUC-PRC-017-1-12106,PRC-017-1,Remedial Action Scheme Maintenance and Testing,BCUC,adopted_reliability_standard,Canada - British Columbia,BCUC mandatory reliability standard - Protection and Control,2017-10-01,Adopted or listed for application in British Columbia where applicable under the BCUC Mandatory Reliability Standards program,BCUC British Columbia reliability standard adoption/status record for PRC-017-1: Remedial Action Scheme Maintenance and Testing.,https://www.wecc.org/wecc-document/12106,https://www.wecc.org/sites/default/files/documents/standards/2024/PRC-017-1%20BC.pdf,Extracted from WECC Approved BC Standards table. WECC source effective date: 2017-10-01. WECC hosts the public table for BC reliability adoption/status records; BCUC is the British Columbia adoption authority. The underlying standard-making body is generally NERC or WECC.
BCUC-PRC-018-1-12111,PRC-018-1,Disturbance Monitoring Equipment Installation and Data Reporting,BCUC,adopted_reliability_standard,Canada - British Columbia,BCUC mandatory reliability standard - Protection and Control,2010-11-01,Adopted or listed for application in British Columbia where applicable under the BCUC Mandatory Reliability Standards program,BCUC British Columbia reliability standard adoption/status record for PRC-018-1: Disturbance Monitoring Equipment Installation and Data Reporting.,https://www.wecc.org/wecc-document/12111,https://www.wecc.org/sites/default/files/documents/standards/2024/PRC-018-1%20BC.pdf,Extracted from WECC Approved BC Standards table. WECC source effective date: 2010-11-01. WECC hosts the public table for BC reliability adoption/status records; BCUC is the British Columbia adoption authority. The underlying standard-making body is generally NERC or WECC.
BCUC-PRC-019-1-12116,PRC-019-1,"Coordination of Generating Unit or Plant Capabilities, Voltage Regulating",BCUC,adopted_reliability_standard,Canada - British Columbia,BCUC mandatory reliability standard - Protection and Control,effective date in source document,Adopted or listed for application in British Columbia where applicable under the BCUC Mandatory Reliability Standards program,"BCUC British Columbia reliability standard adoption/status record for PRC-019-1: Coordination of Generating Unit or Plant Capabilities, Voltage Regulating.",https://www.wecc.org/wecc-document/12116,https://www.wecc.org/sites/default/files/documents/standards/2024/PRC-019-1.pdf,Extracted from WECC Approved BC Standards table. WECC hosts the public table for BC reliability adoption/status records; BCUC is the British Columbia adoption authority. The underlying standard-making body is generally NERC or WECC.
BCUC-PRC-019-2-12121,PRC-019-2,"Coordination of Generating Unit or Plant Capabilities, Voltage Regulating Controls, and Protection",BCUC,adopted_reliability_standard,Canada - British Columbia,BCUC mandatory reliability standard - Protection and Control,effective date in source document,Adopted or listed for application in British Columbia where applicable under the BCUC Mandatory Reliability Standards program,"BCUC British Columbia reliability standard adoption/status record for PRC-019-2: Coordination of Generating Unit or Plant Capabilities, Voltage Regulating Controls, and Protection.",https://www.wecc.org/wecc-document/12121,https://www.wecc.org/sites/default/files/documents/standards/2024/PRC-019-2%20BC.pdf,Extracted from WECC Approved BC Standards table. WECC hosts the public table for BC reliability adoption/status records; BCUC is the British Columbia adoption authority. The underlying standard-making body is generally NERC or WECC.
BCUC-PRC-021-1-12126,PRC-021-1,Under-Voltage Load Shedding Program Data,BCUC,adopted_reliability_standard,Canada - British Columbia,BCUC mandatory reliability standard - Protection and Control,2010-11-01,Adopted or listed for application in British Columbia where applicable under the BCUC Mandatory Reliability Standards program,BCUC British Columbia reliability standard adoption/status record for PRC-021-1: Under-Voltage Load Shedding Program Data.,https://www.wecc.org/wecc-document/12126,https://www.wecc.org/sites/default/files/documents/standards/2024/PRC-021-1%20BC.pdf,Extracted from WECC Approved BC Standards table. WECC source effective date: 2010-11-01. WECC hosts the public table for BC reliability adoption/status records; BCUC is the British Columbia adoption authority. The underlying standard-making body is generally NERC or WECC.
BCUC-PRC-022-1-12131,PRC-022-1,Under-Voltage Load Shedding Program Performance,BCUC,adopted_reliability_standard,Canada - British Columbia,BCUC mandatory reliability standard - Protection and Control,2010-11-01,Adopted or listed for application in British Columbia where applicable under the BCUC Mandatory Reliability Standards program,BCUC British Columbia reliability standard adoption/status record for PRC-022-1: Under-Voltage Load Shedding Program Performance.,https://www.wecc.org/wecc-document/12131,https://www.wecc.org/sites/default/files/documents/standards/2024/PRC-022-1%20BC.pdf,Extracted from WECC Approved BC Standards table. WECC source effective date: 2010-11-01. WECC hosts the public table for BC reliability adoption/status records; BCUC is the British Columbia adoption authority. The underlying standard-making body is generally NERC or WECC.
BCUC-PRC-023-1-11986,PRC-023-1,Transmission Relay Loadability,BCUC,adopted_reliability_standard,Canada - British Columbia,BCUC mandatory reliability standard - Protection and Control,effective date in source document,Adopted or listed for application in British Columbia where applicable under the BCUC Mandatory Reliability Standards program,BCUC British Columbia reliability standard adoption/status record for PRC-023-1: Transmission Relay Loadability.,https://www.wecc.org/wecc-document/11986,https://www.wecc.org/sites/default/files/documents/standards/2024/PRC-023-1%20BC.pdf,Extracted from WECC Approved BC Standards table. WECC hosts the public table for BC reliability adoption/status records; BCUC is the British Columbia adoption authority. The underlying standard-making body is generally NERC or WECC.
BCUC-PRC-023-2-11956,PRC-023-2,Transmission Relay Loadability,BCUC,adopted_reliability_standard,Canada - British Columbia,BCUC mandatory reliability standard - Protection and Control,effective date in source document,Adopted or listed for application in British Columbia where applicable under the BCUC Mandatory Reliability Standards program,BCUC British Columbia reliability standard adoption/status record for PRC-023-2: Transmission Relay Loadability.,https://www.wecc.org/wecc-document/11956,https://www.wecc.org/sites/default/files/documents/standards/2024/PRC-023-2%20BC.pdf,Extracted from WECC Approved BC Standards table. WECC hosts the public table for BC reliability adoption/status records; BCUC is the British Columbia adoption authority. The underlying standard-making body is generally NERC or WECC.
BCUC-PRC-023-3-11966,PRC-023-3,Transmission Relay Loadability,BCUC,adopted_reliability_standard,Canada - British Columbia,BCUC mandatory reliability standard - Protection and Control,effective date in source document,Adopted or listed for application in British Columbia where applicable under the BCUC Mandatory Reliability Standards program,BCUC British Columbia reliability standard adoption/status record for PRC-023-3: Transmission Relay Loadability.,https://www.wecc.org/wecc-document/11966,https://www.wecc.org/sites/default/files/documents/standards/2024/PRC-023-3.pdf,Extracted from WECC Approved BC Standards table. WECC hosts the public table for BC reliability adoption/status records; BCUC is the British Columbia adoption authority. The underlying standard-making body is generally NERC or WECC.
BCUC-PRC-023-4-11971,PRC-023-4,Transmission Relay Loadability,BCUC,adopted_reliability_standard,Canada - British Columbia,BCUC mandatory reliability standard - Protection and Control,effective date in source document,Adopted or listed for application in British Columbia where applicable under the BCUC Mandatory Reliability Standards program,BCUC British Columbia reliability standard adoption/status record for PRC-023-4: Transmission Relay Loadability.,https://www.wecc.org/wecc-document/11971,https://www.wecc.org/sites/default/files/documents/standards/2024/PRC-023-4_BC.pdf,Extracted from WECC Approved BC Standards table. WECC hosts the public table for BC reliability adoption/status records; BCUC is the British Columbia adoption authority. The underlying standard-making body is generally NERC or WECC.
BCUC-PRC-023-5-11116,PRC-023-5,Transmission Relay Loadability,BCUC,adopted_reliability_standard,Canada - British Columbia,BCUC mandatory reliability standard - Protection and Control,2025-10-01,Adopted or listed for application in British Columbia where applicable under the BCUC Mandatory Reliability Standards program,BCUC British Columbia reliability standard adoption/status record for PRC-023-5: Transmission Relay Loadability.,https://www.wecc.org/wecc-document/11116,https://www.wecc.org/sites/default/files/documents/standards/2024/PRC-023-5_BC.pdf,Extracted from WECC Approved BC Standards table. WECC source effective date: 2025-10-01. WECC hosts the public table for BC reliability adoption/status records; BCUC is the British Columbia adoption authority. The underlying standard-making body is generally NERC or WECC.
BCUC-PRC-024-1-11981,PRC-024-1,Generator Frequency and Voltage Protective Relay Settings,BCUC,adopted_reliability_standard,Canada - British Columbia,BCUC mandatory reliability standard - Protection and Control,effective date in source document,Adopted or listed for application in British Columbia where applicable under the BCUC Mandatory Reliability Standards program,BCUC British Columbia reliability standard adoption/status record for PRC-024-1: Generator Frequency and Voltage Protective Relay Settings.,https://www.wecc.org/wecc-document/11981,https://www.wecc.org/sites/default/files/documents/standards/2024/PRC-024-1.pdf,Extracted from WECC Approved BC Standards table. WECC hosts the public table for BC reliability adoption/status records; BCUC is the British Columbia adoption authority. The underlying standard-making body is generally NERC or WECC.
BCUC-PRC-024-3-11156,PRC-024-3,Frequency and Voltage Protection Settings,BCUC,adopted_reliability_standard,Canada - British Columbia,BCUC mandatory reliability standard - Protection and Control,2023-10-01,Adopted or listed for application in British Columbia where applicable under the BCUC Mandatory Reliability Standards program,BCUC British Columbia reliability standard adoption/status record for PRC-024-3: Frequency and Voltage Protection Settings.,https://www.wecc.org/wecc-document/11156,https://www.wecc.org/sites/default/files/documents/standards/2024/PRC-024-3_BC.pdf,Extracted from WECC Approved BC Standards table. WECC source effective date: 2023-10-01. WECC hosts the public table for BC reliability adoption/status records; BCUC is the British Columbia adoption authority. The underlying standard-making body is generally NERC or WECC.
BCUC-PRC-025-1-12011,PRC-025-1,Generator Relay Loadability,BCUC,adopted_reliability_standard,Canada - British Columbia,BCUC mandatory reliability standard - Protection and Control,effective date in source document,Adopted or listed for application in British Columbia where applicable under the BCUC Mandatory Reliability Standards program,BCUC British Columbia reliability standard adoption/status record for PRC-025-1: Generator Relay Loadability.,https://www.wecc.org/wecc-document/12011,https://www.wecc.org/sites/default/files/documents/standards/2024/PRC-025-1.pdf,Extracted from WECC Approved BC Standards table. WECC hosts the public table for BC reliability adoption/status records; BCUC is the British Columbia adoption authority. The underlying standard-making body is generally NERC or WECC.
BCUC-PRC-026-2-22716,PRC-026-2,Relay Performance During Stable Power Swings,BCUC,adopted_reliability_standard,Canada - British Columbia,BCUC mandatory reliability standard - Protection and Control,2029-01-01,Adopted or listed for application in British Columbia where applicable under the BCUC Mandatory Reliability Standards program,BCUC British Columbia reliability standard adoption/status record for PRC-026-2: Relay Performance During Stable Power Swings.,https://www.wecc.org/wecc-document/22716,https://www.wecc.org/sites/default/files/documents/standards/2025/PRC-026-2_BC.pdf,Extracted from WECC Approved BC Standards table. WECC source effective date: 2029-01-01. WECC hosts the public table for BC reliability adoption/status records; BCUC is the British Columbia adoption authority. The underlying standard-making body is generally NERC or WECC.
BCUC-PRC-027-1-11241,PRC-027-1,Coordination of Protection Systems for Performance During Faults,BCUC,adopted_reliability_standard,Canada - British Columbia,BCUC mandatory reliability standard - Protection and Control,2021-10-14,Adopted or listed for application in British Columbia where applicable under the BCUC Mandatory Reliability Standards program,BCUC British Columbia reliability standard adoption/status record for PRC-027-1: Coordination of Protection Systems for Performance During Faults.,https://www.wecc.org/wecc-document/11241,https://www.wecc.org/sites/default/files/documents/standards/2024/PRC-027-1%20BC.pdf,Extracted from WECC Approved BC Standards table. WECC source effective date: 2021-10-14. WECC hosts the public table for BC reliability adoption/status records; BCUC is the British Columbia adoption authority. The underlying standard-making body is generally NERC or WECC.
BCUC-BAL-001-2-11746,BAL-001-2,Real Power Balancing Control Performance,BCUC,adopted_reliability_standard,Canada - British Columbia,BCUC mandatory reliability standard - Resource and Demand Balancing,2016-07-01,Adopted or listed for application in British Columbia where applicable under the BCUC Mandatory Reliability Standards program,BCUC British Columbia reliability standard adoption/status record for BAL-001-2: Real Power Balancing Control Performance.,https://www.wecc.org/wecc-document/11746,https://www.wecc.org/sites/default/files/documents/standards/2024/BAL-001-2%20BC.pdf,Extracted from WECC Approved BC Standards table. WECC source effective date: 2016-07-01. WECC hosts the public table for BC reliability adoption/status records; BCUC is the British Columbia adoption authority. The underlying standard-making body is generally NERC or WECC.
BCUC-BAL-002-2-11761,BAL-002-2,Disturbance Control Standard - Contingency Reserve for Recovery from a Balancing Contingency Event,BCUC,adopted_reliability_standard,Canada - British Columbia,BCUC mandatory reliability standard - Resource and Demand Balancing,2018-01-01,Adopted or listed for application in British Columbia where applicable under the BCUC Mandatory Reliability Standards program,BCUC British Columbia reliability standard adoption/status record for BAL-002-2: Disturbance Control Standard - Contingency Reserve for Recovery from a Balancing Contingency Event.,https://www.wecc.org/wecc-document/11761,https://www.wecc.org/sites/default/files/documents/standards/2024/BAL-002-2%20BC.pdf,Extracted from WECC Approved BC Standards table. WECC source effective date: 2018-01-01. WECC hosts the public table for BC reliability adoption/status records; BCUC is the British Columbia adoption authority. The underlying standard-making body is generally NERC or WECC.
BCUC-BAL-002-3-11346,BAL-002-3,Disturbance Control Standard - Contingency Reserve for Recovery from a Balancing Contingency Event,BCUC,adopted_reliability_standard,Canada - British Columbia,BCUC mandatory reliability standard - Resource and Demand Balancing,2020-04-01,Adopted or listed for application in British Columbia where applicable under the BCUC Mandatory Reliability Standards program,BCUC British Columbia reliability standard adoption/status record for BAL-002-3: Disturbance Control Standard - Contingency Reserve for Recovery from a Balancing Contingency Event.,https://www.wecc.org/wecc-document/11346,https://www.wecc.org/sites/default/files/documents/standards/2024/BAL-002-3%20BC.pdf,Extracted from WECC Approved BC Standards table. WECC source effective date: 2020-04-01. WECC hosts the public table for BC reliability adoption/status records; BCUC is the British Columbia adoption authority. The underlying standard-making body is generally NERC or WECC.
BCUC-BAL-003-0-1B-11831,BAL-003-0.1b,Frequency Response and Bias,BCUC,adopted_reliability_standard,Canada - British Columbia,BCUC mandatory reliability standard - Resource and Demand Balancing,2011-01-01,Adopted or listed for application in British Columbia where applicable under the BCUC Mandatory Reliability Standards program,BCUC British Columbia reliability standard adoption/status record for BAL-003-0.1b: Frequency Response and Bias.,https://www.wecc.org/wecc-document/11831,https://www.wecc.org/sites/default/files/documents/standards/2024/BAL-003-0.1b%20BC.pdf,Extracted from WECC Approved BC Standards table. WECC source effective date: 2011-01-01. WECC hosts the public table for BC reliability adoption/status records; BCUC is the British Columbia adoption authority. The underlying standard-making body is generally NERC or WECC.
BCUC-BAL-003-2-11246,BAL-003-2,Frequency Response and Frequency Bias Setting,BCUC,adopted_reliability_standard,Canada - British Columbia,BCUC mandatory reliability standard - Resource and Demand Balancing,2021-10-01,Adopted or listed for application in British Columbia where applicable under the BCUC Mandatory Reliability Standards program,BCUC British Columbia reliability standard adoption/status record for BAL-003-2: Frequency Response and Frequency Bias Setting.,https://www.wecc.org/wecc-document/11246,https://www.wecc.org/sites/default/files/documents/standards/2024/BAL-003-2_BC.pdf,Extracted from WECC Approved BC Standards table. WECC source effective date: 2021-10-01. WECC hosts the public table for BC reliability adoption/status records; BCUC is the British Columbia adoption authority. The underlying standard-making body is generally NERC or WECC.
BCUC-BAL-004-0-11851,BAL-004-0,Time Error Correction,BCUC,adopted_reliability_standard,Canada - British Columbia,BCUC mandatory reliability standard - Resource and Demand Balancing,2010-11-01,Adopted or listed for application in British Columbia where applicable under the BCUC Mandatory Reliability Standards program,BCUC British Columbia reliability standard adoption/status record for BAL-004-0: Time Error Correction.,https://www.wecc.org/wecc-document/11851,https://www.wecc.org/sites/default/files/documents/standards/2024/BAL-004-0%20BC.pdf,Extracted from WECC Approved BC Standards table. WECC source effective date: 2010-11-01. WECC hosts the public table for BC reliability adoption/status records; BCUC is the British Columbia adoption authority. The underlying standard-making body is generally NERC or WECC.
BCUC-BAL-004-WECC-02-11861,BAL-004-WECC-02,Automatic Time Error Correction,BCUC,adopted_reliability_standard,Canada - British Columbia,BCUC mandatory reliability standard - Resource and Demand Balancing,2014-10-01,Adopted or listed for application in British Columbia where applicable under the BCUC Mandatory Reliability Standards program,BCUC British Columbia reliability standard adoption/status record for BAL-004-WECC-02: Automatic Time Error Correction.,https://www.wecc.org/wecc-document/11861,https://www.wecc.org/sites/default/files/documents/standards/2024/BAL-004-WECC-02%20BC.pdf,Extracted from WECC Approved BC Standards table. WECC source effective date: 2014-10-01. WECC hosts the public table for BC reliability adoption/status records; BCUC is the British Columbia adoption authority. The underlying standard-making body is generally NERC or WECC.
BCUC-BAL-005-1-11366,BAL-005-1,Balancing Authority Control,BCUC,adopted_reliability_standard,Canada - British Columbia,BCUC mandatory reliability standard - Resource and Demand Balancing,2019-10-01,Adopted or listed for application in British Columbia where applicable under the BCUC Mandatory Reliability Standards program,BCUC British Columbia reliability standard adoption/status record for BAL-005-1: Balancing Authority Control.,https://www.wecc.org/wecc-document/11366,https://www.wecc.org/sites/default/files/documents/standards/2024/BAL-005-1%20BC.pdf,Extracted from WECC Approved BC Standards table. WECC source effective date: 2019-10-01. WECC hosts the public table for BC reliability adoption/status records; BCUC is the British Columbia adoption authority. The underlying standard-making body is generally NERC or WECC.
BCUC-BAL-006-2-11901,BAL-006-2,Inadvertent Interchange,BCUC,adopted_reliability_standard,Canada - British Columbia,BCUC mandatory reliability standard - Resource and Demand Balancing,2013-04-15,Adopted or listed for application in British Columbia where applicable under the BCUC Mandatory Reliability Standards program,BCUC British Columbia reliability standard adoption/status record for BAL-006-2: Inadvertent Interchange.,https://www.wecc.org/wecc-document/11901,https://www.wecc.org/sites/default/files/documents/standards/2024/BAL-006-2%20BC.pdf,Extracted from WECC Approved BC Standards table. WECC source effective date: 2013-04-15. WECC hosts the public table for BC reliability adoption/status records; BCUC is the British Columbia adoption authority. The underlying standard-making body is generally NERC or WECC.
BCUC-TOP-003-5-11121,TOP-003-5,Operational Reliability data,BCUC,adopted_reliability_standard,Canada - British Columbia,BCUC mandatory reliability standard - Transmission Operations,2024-07-01,Adopted or listed for application in British Columbia where applicable under the BCUC Mandatory Reliability Standards program,BCUC British Columbia reliability standard adoption/status record for TOP-003-5: Operational Reliability data.,https://www.wecc.org/wecc-document/11121,https://www.wecc.org/sites/default/files/documents/standards/2024/TOP-003-5_BC.pdf,Extracted from WECC Approved BC Standards table. WECC source effective date: 2024-07-01. WECC hosts the public table for BC reliability adoption/status records; BCUC is the British Columbia adoption authority. The underlying standard-making body is generally NERC or WECC.
BCUC-TOP-004-2-11786,TOP-004-2,Transmission Operations,BCUC,adopted_reliability_standard,Canada - British Columbia,BCUC mandatory reliability standard - Transmission Operations,2011-01-01,Adopted or listed for application in British Columbia where applicable under the BCUC Mandatory Reliability Standards program,BCUC British Columbia reliability standard adoption/status record for TOP-004-2: Transmission Operations.,https://www.wecc.org/wecc-document/11786,https://www.wecc.org/sites/default/files/documents/standards/2024/TOP-004-2%20BC.pdf,Extracted from WECC Approved BC Standards table. WECC source effective date: 2011-01-01. WECC hosts the public table for BC reliability adoption/status records; BCUC is the British Columbia adoption authority. The underlying standard-making body is generally NERC or WECC.
BCUC-TOP-005-2A-11801,TOP-005-2a,Operational Reliability Information,BCUC,adopted_reliability_standard,Canada - British Columbia,BCUC mandatory reliability standard - Transmission Operations,2013-04-15,Adopted or listed for application in British Columbia where applicable under the BCUC Mandatory Reliability Standards program,BCUC British Columbia reliability standard adoption/status record for TOP-005-2a: Operational Reliability Information.,https://www.wecc.org/wecc-document/11801,https://www.wecc.org/sites/default/files/documents/standards/2024/TOP-005-2a%20BC.pdf,Extracted from WECC Approved BC Standards table. WECC source effective date: 2013-04-15. WECC hosts the public table for BC reliability adoption/status records; BCUC is the British Columbia adoption authority. The underlying standard-making body is generally NERC or WECC.
BCUC-TOP-006-2-11811,TOP-006-2,Monitoring System Conditions,BCUC,adopted_reliability_standard,Canada - British Columbia,BCUC mandatory reliability standard - Transmission Operations,2013-04-15,Adopted or listed for application in British Columbia where applicable under the BCUC Mandatory Reliability Standards program,BCUC British Columbia reliability standard adoption/status record for TOP-006-2: Monitoring System Conditions.,https://www.wecc.org/wecc-document/11811,https://www.wecc.org/sites/default/files/documents/standards/2024/TOP-006-2%20BC.pdf,Extracted from WECC Approved BC Standards table. WECC source effective date: 2013-04-15. WECC hosts the public table for BC reliability adoption/status records; BCUC is the British Columbia adoption authority. The underlying standard-making body is generally NERC or WECC.
BCUC-TOP-007-0-11816,TOP-007-0,Reporting SOL and IROL Violations,BCUC,adopted_reliability_standard,Canada - British Columbia,BCUC mandatory reliability standard - Transmission Operations,2010-11-01,Adopted or listed for application in British Columbia where applicable under the BCUC Mandatory Reliability Standards program,BCUC British Columbia reliability standard adoption/status record for TOP-007-0: Reporting SOL and IROL Violations.,https://www.wecc.org/wecc-document/11816,https://www.wecc.org/sites/default/files/documents/standards/2024/TOP-007-0%20BC.pdf,Extracted from WECC Approved BC Standards table. WECC source effective date: 2010-11-01. WECC hosts the public table for BC reliability adoption/status records; BCUC is the British Columbia adoption authority. The underlying standard-making body is generally NERC or WECC.
BCUC-TOP-008-1-11691,TOP-008-1,Response to Transmission Limit Violations,BCUC,adopted_reliability_standard,Canada - British Columbia,BCUC mandatory reliability standard - Transmission Operations,2010-11-01,Adopted or listed for application in British Columbia where applicable under the BCUC Mandatory Reliability Standards program,BCUC British Columbia reliability standard adoption/status record for TOP-008-1: Response to Transmission Limit Violations.,https://www.wecc.org/wecc-document/11691,https://www.wecc.org/sites/default/files/documents/standards/2024/TOP-008-1%20BC.pdf,Extracted from WECC Approved BC Standards table. WECC source effective date: 2010-11-01. WECC hosts the public table for BC reliability adoption/status records; BCUC is the British Columbia adoption authority. The underlying standard-making body is generally NERC or WECC.
BCUC-TOP-010-1-I-11291,TOP-010-1(i),Real-time Reliability Monitoring and Analysis Capabilities,BCUC,adopted_reliability_standard,Canada - British Columbia,BCUC mandatory reliability standard - Transmission Operations,2021-04-01,Adopted or listed for application in British Columbia where applicable under the BCUC Mandatory Reliability Standards program,BCUC British Columbia reliability standard adoption/status record for TOP-010-1(i): Real-time Reliability Monitoring and Analysis Capabilities.,https://www.wecc.org/wecc-document/11291,https://www.wecc.org/sites/default/files/documents/standards/2024/TOP-010-1%28i%29%20BC.pdf,Extracted from WECC Approved BC Standards table. WECC source effective date: 2021-04-01. WECC hosts the public table for BC reliability adoption/status records; BCUC is the British Columbia adoption authority. The underlying standard-making body is generally NERC or WECC.
BCUC-TOP-STD-007-0-11696,TOP-STD-007-0,Operating Transfer Capability,BCUC,adopted_reliability_standard,Canada - British Columbia,BCUC mandatory reliability standard - Transmission Operations,2013-04-15,Adopted or listed for application in British Columbia where applicable under the BCUC Mandatory Reliability Standards program,BCUC British Columbia reliability standard adoption/status record for TOP-STD-007-0: Operating Transfer Capability.,https://www.wecc.org/wecc-document/11696,https://www.wecc.org/sites/default/files/documents/standards/2024/TOP-STD-007-0%20BC.pdf,Extracted from WECC Approved BC Standards table. WECC source effective date: 2013-04-15. WECC hosts the public table for BC reliability adoption/status records; BCUC is the British Columbia adoption authority. The underlying standard-making body is generally NERC or WECC.
BCUC-TPL-001-0-1-11706,TPL-001-0.1,System Performance Under Normal (No Contingency) Conditions (Category A),BCUC,adopted_reliability_standard,Canada - British Columbia,BCUC mandatory reliability standard - Transmission Planning,2011-01-01,Adopted or listed for application in British Columbia where applicable under the BCUC Mandatory Reliability Standards program,BCUC British Columbia reliability standard adoption/status record for TPL-001-0.1: System Performance Under Normal (No Contingency) Conditions (Category A).,https://www.wecc.org/wecc-document/11706,https://www.wecc.org/sites/default/files/documents/standards/2024/TPL-001-0.1%20BC.pdf,Extracted from WECC Approved BC Standards table. WECC source effective date: 2011-01-01. WECC hosts the public table for BC reliability adoption/status records; BCUC is the British Columbia adoption authority. The underlying standard-making body is generally NERC or WECC.
BCUC-TPL-001-4-11711,TPL-001-4,Transmission System Planning Performance Requirements,BCUC,adopted_reliability_standard,Canada - British Columbia,BCUC mandatory reliability standard - Transmission Planning,effective date in source document,Adopted or listed for application in British Columbia where applicable under the BCUC Mandatory Reliability Standards program,BCUC British Columbia reliability standard adoption/status record for TPL-001-4: Transmission System Planning Performance Requirements.,https://www.wecc.org/wecc-document/11711,https://www.wecc.org/sites/default/files/documents/standards/2024/TPL-001-4%20BC.pdf,Extracted from WECC Approved BC Standards table. WECC hosts the public table for BC reliability adoption/status records; BCUC is the British Columbia adoption authority. The underlying standard-making body is generally NERC or WECC.
BCUC-TPL-002-0B-11726,TPL-002-0b,System Performance Following Loss of a Single BES Element (Category B),BCUC,adopted_reliability_standard,Canada - British Columbia,BCUC mandatory reliability standard - Transmission Planning,2013-01-15,Adopted or listed for application in British Columbia where applicable under the BCUC Mandatory Reliability Standards program,BCUC British Columbia reliability standard adoption/status record for TPL-002-0b: System Performance Following Loss of a Single BES Element (Category B).,https://www.wecc.org/wecc-document/11726,https://www.wecc.org/sites/default/files/documents/standards/2024/TPL-002-0b%20BC.pdf,Extracted from WECC Approved BC Standards table. WECC source effective date: 2013-01-15. WECC hosts the public table for BC reliability adoption/status records; BCUC is the British Columbia adoption authority. The underlying standard-making body is generally NERC or WECC.
BCUC-TPL-004-0A-11656,TPL-004-0a,System Performance Following Extreme BES Events,BCUC,adopted_reliability_standard,Canada - British Columbia,BCUC mandatory reliability standard - Transmission Planning,2014-08-01,Adopted or listed for application in British Columbia where applicable under the BCUC Mandatory Reliability Standards program,BCUC British Columbia reliability standard adoption/status record for TPL-004-0a: System Performance Following Extreme BES Events.,https://www.wecc.org/wecc-document/11656,https://www.wecc.org/sites/default/files/documents/standards/2024/TPL-004-0a%20BC.pdf,Extracted from WECC Approved BC Standards table. WECC source effective date: 2014-08-01. WECC hosts the public table for BC reliability adoption/status records; BCUC is the British Columbia adoption authority. The underlying standard-making body is generally NERC or WECC.
BCUC-VAR-001-2-11666,VAR-001-2,Voltage and Reactive Control,BCUC,adopted_reliability_standard,Canada - British Columbia,BCUC mandatory reliability standard - Voltage and Reactive,2013-07-15,Adopted or listed for application in British Columbia where applicable under the BCUC Mandatory Reliability Standards program,BCUC British Columbia reliability standard adoption/status record for VAR-001-2: Voltage and Reactive Control.,https://www.wecc.org/wecc-document/11666,https://www.wecc.org/sites/default/files/documents/standards/2024/VAR-001-2%20BC.pdf,Extracted from WECC Approved BC Standards table. WECC source effective date: 2013-07-15. WECC hosts the public table for BC reliability adoption/status records; BCUC is the British Columbia adoption authority. The underlying standard-making body is generally NERC or WECC.
BCUC-VAR-001-4-11676,VAR-001-4,Voltage and Reactive Control,BCUC,adopted_reliability_standard,Canada - British Columbia,BCUC mandatory reliability standard - Voltage and Reactive,2016-10-01,Adopted or listed for application in British Columbia where applicable under the BCUC Mandatory Reliability Standards program,BCUC British Columbia reliability standard adoption/status record for VAR-001-4: Voltage and Reactive Control.,https://www.wecc.org/wecc-document/11676,https://www.wecc.org/sites/default/files/documents/standards/2024/VAR-001-4.pdf,Extracted from WECC Approved BC Standards table. WECC source effective date: 2016-10-01. WECC hosts the public table for BC reliability adoption/status records; BCUC is the British Columbia adoption authority. The underlying standard-making body is generally NERC or WECC.
BCUC-VAR-001-4-2-11686,VAR-001-4.2,Voltage and Reactive Control,BCUC,adopted_reliability_standard,Canada - British Columbia,BCUC mandatory reliability standard - Voltage and Reactive,2018-10-01,Adopted or listed for application in British Columbia where applicable under the BCUC Mandatory Reliability Standards program,BCUC British Columbia reliability standard adoption/status record for VAR-001-4.2: Voltage and Reactive Control.,https://www.wecc.org/wecc-document/11686,https://www.wecc.org/sites/default/files/documents/standards/2024/VAR-001-4.2%20BC.pdf,Extracted from WECC Approved BC Standards table. WECC source effective date: 2018-10-01. WECC hosts the public table for BC reliability adoption/status records; BCUC is the British Columbia adoption authority. The underlying standard-making body is generally NERC or WECC.
BCUC-VAR-001-5-11401,VAR-001-5,Voltage and Reactive Control,BCUC,adopted_reliability_standard,Canada - British Columbia,BCUC mandatory reliability standard - Voltage and Reactive,2019-10-01,Adopted or listed for application in British Columbia where applicable under the BCUC Mandatory Reliability Standards program,BCUC British Columbia reliability standard adoption/status record for VAR-001-5: Voltage and Reactive Control.,https://www.wecc.org/wecc-document/11401,https://www.wecc.org/sites/default/files/documents/standards/2024/VAR-001-5%20BC.pdf,Extracted from WECC Approved BC Standards table. WECC source effective date: 2019-10-01. WECC hosts the public table for BC reliability adoption/status records; BCUC is the British Columbia adoption authority. The underlying standard-making body is generally NERC or WECC.
BCUC-VAR-002-3-11611,VAR-002-3,Generator Operation for Maintaining Network Voltage Schedules,BCUC,adopted_reliability_standard,Canada - British Columbia,BCUC mandatory reliability standard - Voltage and Reactive,2016-10-01,Adopted or listed for application in British Columbia where applicable under the BCUC Mandatory Reliability Standards program,BCUC British Columbia reliability standard adoption/status record for VAR-002-3: Generator Operation for Maintaining Network Voltage Schedules.,https://www.wecc.org/wecc-document/11611,https://www.wecc.org/sites/default/files/documents/standards/2024/VAR-002-3.pdf,Extracted from WECC Approved BC Standards table. WECC source effective date: 2016-10-01. WECC hosts the public table for BC reliability adoption/status records; BCUC is the British Columbia adoption authority. The underlying standard-making body is generally NERC or WECC.
BCUC-VAR-002-4-1-11621,VAR-002-4.1,Generator Operation for Maintaining Network Voltage Schedules,BCUC,adopted_reliability_standard,Canada - British Columbia,BCUC mandatory reliability standard - Voltage and Reactive,2018-10-01,Adopted or listed for application in British Columbia where applicable under the BCUC Mandatory Reliability Standards program,BCUC British Columbia reliability standard adoption/status record for VAR-002-4.1: Generator Operation for Maintaining Network Voltage Schedules.,https://www.wecc.org/wecc-document/11621,https://www.wecc.org/sites/default/files/documents/standards/2024/VAR-002-4.1%20BC.pdf,Extracted from WECC Approved BC Standards table. WECC source effective date: 2018-10-01. WECC hosts the public table for BC reliability adoption/status records; BCUC is the British Columbia adoption authority. The underlying standard-making body is generally NERC or WECC.
BCUC-VAR-002-WECC-2-11631,VAR-002-WECC-2,Automatic Voltage Regulators,BCUC,adopted_reliability_standard,Canada - British Columbia,BCUC mandatory reliability standard - Voltage and Reactive,2016-10-01,Adopted or listed for application in British Columbia where applicable under the BCUC Mandatory Reliability Standards program,BCUC British Columbia reliability standard adoption/status record for VAR-002-WECC-2: Automatic Voltage Regulators.,https://www.wecc.org/wecc-document/11631,https://www.wecc.org/sites/default/files/documents/standards/2024/VAR-002-WECC-2.pdf,Extracted from WECC Approved BC Standards table. WECC source effective date: 2016-10-01. WECC hosts the public table for BC reliability adoption/status records; BCUC is the British Columbia adoption authority. The underlying standard-making body is generally NERC or WECC.
BCUC-VAR-501-WECC-3-1-11341,VAR-501-WECC-3.1,Power Systen Stabilizer (PSS),BCUC,adopted_reliability_standard,Canada - British Columbia,BCUC mandatory reliability standard - Voltage and Reactive,2020-10-01,Adopted or listed for application in British Columbia where applicable under the BCUC Mandatory Reliability Standards program,BCUC British Columbia reliability standard adoption/status record for VAR-501-WECC-3.1: Power Systen Stabilizer (PSS).,https://www.wecc.org/wecc-document/11341,https://www.wecc.org/sites/default/files/documents/standards/2024/VAR-501-WECC-3.1%20BC.pdf,Extracted from WECC Approved BC Standards table. WECC source effective date: 2020-10-01. WECC hosts the public table for BC reliability adoption/status records; BCUC is the British Columbia adoption authority. The underlying standard-making body is generally NERC or WECC.
BCUC-APPLICABLE-CIP-STANDARDS-IMPLEMENTATION-PLAN-14026,Applicable CIP Standards Implementation Plan,Applicable CIP Standards Implementation Plan as per BCUC Order R-44-23,BCUC,implementation_plan,Canada - British Columbia,BCUC mandatory reliability standards implementation,effective date in source document,Adopted or listed for application in British Columbia where applicable under the BCUC Mandatory Reliability Standards program,BCUC Mandatory Reliability Standards implementation document: Applicable CIP Standards Implementation Plan as per BCUC Order R-44-23.,https://www.wecc.org/wecc-document/14026,https://www.wecc.org/sites/default/files/documents/standards/2024/Applicable%20CIP%20Standards%20Implementation%20Plan%20as%20per%20BCUC%20Order%20R-44-23.pdf,Extracted from WECC Approved BC Standards table. WECC hosts the public table for BC reliability adoption/status records; BCUC is the British Columbia adoption authority. The underlying standard-making body is generally NERC or WECC.
BCUC-BAL-004-WECC-4-23871,BAL-004-WECC-4,Automatic Time Error Correction,BCUC,implementation_plan,Canada - British Columbia,BCUC mandatory reliability standards implementation,2025-10-01,Adopted or listed for application in British Columbia where applicable under the BCUC Mandatory Reliability Standards program,BCUC Mandatory Reliability Standards implementation document: Automatic Time Error Correction.,https://www.wecc.org/wecc-document/23871,https://www.wecc.org/sites/default/files/documents/standards/2025/BAL-004-WECC-4_BC.pdf,Extracted from WECC Approved BC Standards table. WECC source effective date: 2025-10-01. WECC hosts the public table for BC reliability adoption/status records; BCUC is the British Columbia adoption authority. The underlying standard-making body is generally NERC or WECC.
BCUC-CIP-002-5-1A-11421,CIP-002-5.1a,Cyber Security - BES Cyber System Categorization,BCUC,implementation_plan,Canada - British Columbia,BCUC mandatory reliability standards implementation,2018-10-01,Adopted or listed for application in British Columbia where applicable under the BCUC Mandatory Reliability Standards program,BCUC Mandatory Reliability Standards implementation document: Cyber Security - BES Cyber System Categorization.,https://www.wecc.org/wecc-document/11421,https://www.wecc.org/sites/default/files/documents/standards/2024/CIP-002-5.1a%20BC.pdf,Extracted from WECC Approved BC Standards table. WECC source effective date: 2018-10-01. WECC hosts the public table for BC reliability adoption/status records; BCUC is the British Columbia adoption authority. The underlying standard-making body is generally NERC or WECC.
BCUC-CIP-003-9-23806,CIP-003-9,Cyber Security - Security Management Controls,BCUC,implementation_plan,Canada - British Columbia,BCUC mandatory reliability standards implementation,2027-10-01,Adopted or listed for application in British Columbia where applicable under the BCUC Mandatory Reliability Standards program,BCUC Mandatory Reliability Standards implementation document: Cyber Security - Security Management Controls.,https://www.wecc.org/wecc-document/23806,https://www.wecc.org/sites/default/files/documents/standards/2025/CIP-003-9_BC%20%7BEffective%20date%20October%201%2C%202027%20and%20as%20per%20BC%20Specific%20Implementation%20Plan%20included%20with%20this%20standard%7D.pdf,Extracted from WECC Approved BC Standards table. WECC source effective date: 2027-10-01. WECC hosts the public table for BC reliability adoption/status records; BCUC is the British Columbia adoption authority. The underlying standard-making body is generally NERC or WECC.
BCUC-CIP-004-6-11436,CIP-004-6,Personnel & Training,BCUC,implementation_plan,Canada - British Columbia,BCUC mandatory reliability standards implementation,2018-10-01,Adopted or listed for application in British Columbia where applicable under the BCUC Mandatory Reliability Standards program,BCUC Mandatory Reliability Standards implementation document: Personnel & Training.,https://www.wecc.org/wecc-document/11436,https://www.wecc.org/sites/default/files/documents/standards/2024/CIP-004-6%20BC.pdf,Extracted from WECC Approved BC Standards table. WECC source effective date: 2018-10-01. WECC hosts the public table for BC reliability adoption/status records; BCUC is the British Columbia adoption authority. The underlying standard-making body is generally NERC or WECC.
BCUC-CIP-004-7-11111,CIP-004-7,Cyber Security - Personnel & Training,BCUC,implementation_plan,Canada - British Columbia,BCUC mandatory reliability standards implementation,2025-10-01,Adopted or listed for application in British Columbia where applicable under the BCUC Mandatory Reliability Standards program,BCUC Mandatory Reliability Standards implementation document: Cyber Security - Personnel & Training.,https://www.wecc.org/wecc-document/11111,https://www.wecc.org/sites/default/files/documents/standards/2024/CIP-004-7_BC.pdf,Extracted from WECC Approved BC Standards table. WECC source effective date: 2025-10-01. WECC hosts the public table for BC reliability adoption/status records; BCUC is the British Columbia adoption authority. The underlying standard-making body is generally NERC or WECC.
BCUC-CIP-006-6-11451,CIP-006-6,Physical Security of BES Cyber Systems,BCUC,implementation_plan,Canada - British Columbia,BCUC mandatory reliability standards implementation,2018-10-01,Adopted or listed for application in British Columbia where applicable under the BCUC Mandatory Reliability Standards program,BCUC Mandatory Reliability Standards implementation document: Physical Security of BES Cyber Systems.,https://www.wecc.org/wecc-document/11451,https://www.wecc.org/sites/default/files/documents/standards/2024/CIP-006-6%20BC.pdf,Extracted from WECC Approved BC Standards table. WECC source effective date: 2018-10-01. WECC hosts the public table for BC reliability adoption/status records; BCUC is the British Columbia adoption authority. The underlying standard-making body is generally NERC or WECC.
BCUC-CIP-007-6-11461,CIP-007-6,System Security Management,BCUC,implementation_plan,Canada - British Columbia,BCUC mandatory reliability standards implementation,2018-10-01,Adopted or listed for application in British Columbia where applicable under the BCUC Mandatory Reliability Standards program,BCUC Mandatory Reliability Standards implementation document: System Security Management.,https://www.wecc.org/wecc-document/11461,https://www.wecc.org/sites/default/files/documents/standards/2024/CIP-007-6%20BC.pdf,Extracted from WECC Approved BC Standards table. WECC source effective date: 2018-10-01. WECC hosts the public table for BC reliability adoption/status records; BCUC is the British Columbia adoption authority. The underlying standard-making body is generally NERC or WECC.
BCUC-CIP-009-6-12241,CIP-009-6,Recovery Plans for BES Cyber Systems,BCUC,implementation_plan,Canada - British Columbia,BCUC mandatory reliability standards implementation,2018-10-01,Adopted or listed for application in British Columbia where applicable under the BCUC Mandatory Reliability Standards program,BCUC Mandatory Reliability Standards implementation document: Recovery Plans for BES Cyber Systems.,https://www.wecc.org/wecc-document/12241,https://www.wecc.org/sites/default/files/documents/standards/2024/CIP-009-6%20BC.pdf,Extracted from WECC Approved BC Standards table. WECC source effective date: 2018-10-01. WECC hosts the public table for BC reliability adoption/status records; BCUC is the British Columbia adoption authority. The underlying standard-making body is generally NERC or WECC.
BCUC-CIP-010-3-11186,CIP-010-3,Cyber Security - Configuration Change Management and Vulnerability Assessments,BCUC,implementation_plan,Canada - British Columbia,BCUC mandatory reliability standards implementation,effective date in source document,Adopted or listed for application in British Columbia where applicable under the BCUC Mandatory Reliability Standards program,BCUC Mandatory Reliability Standards implementation document: Cyber Security - Configuration Change Management and Vulnerability Assessments.,https://www.wecc.org/wecc-document/11186,https://www.wecc.org/sites/default/files/documents/standards/2024/CIP-010-3%20with%20IP_BC.pdf,Extracted from WECC Approved BC Standards table. WECC hosts the public table for BC reliability adoption/status records; BCUC is the British Columbia adoption authority. The underlying standard-making body is generally NERC or WECC.
BCUC-CIP-011-2-12261,CIP-011-2,Information Protection,BCUC,implementation_plan,Canada - British Columbia,BCUC mandatory reliability standards implementation,2018-10-01,Adopted or listed for application in British Columbia where applicable under the BCUC Mandatory Reliability Standards program,BCUC Mandatory Reliability Standards implementation document: Information Protection.,https://www.wecc.org/wecc-document/12261,https://www.wecc.org/sites/default/files/documents/standards/2024/CIP-011-2%20BC.pdf,Extracted from WECC Approved BC Standards table. WECC source effective date: 2018-10-01. WECC hosts the public table for BC reliability adoption/status records; BCUC is the British Columbia adoption authority. The underlying standard-making body is generally NERC or WECC.
BCUC-CIP-012-2-23876,CIP-012-2,Cyber Security - Communications between Control Centers,BCUC,implementation_plan,Canada - British Columbia,BCUC mandatory reliability standards implementation,2027-10-01,Adopted or listed for application in British Columbia where applicable under the BCUC Mandatory Reliability Standards program,BCUC Mandatory Reliability Standards implementation document: Cyber Security - Communications between Control Centers.,https://www.wecc.org/wecc-document/23876,https://www.wecc.org/sites/default/files/documents/standards/2025/CIP-012-2_BC.pdf,Extracted from WECC Approved BC Standards table. WECC source effective date: 2027-10-01. WECC hosts the public table for BC reliability adoption/status records; BCUC is the British Columbia adoption authority. The underlying standard-making body is generally NERC or WECC.
BCUC-CIP-014-2-12266,CIP-014-2,Physical Security,BCUC,implementation_plan,Canada - British Columbia,BCUC mandatory reliability standards implementation,2017-10-01,Adopted or listed for application in British Columbia where applicable under the BCUC Mandatory Reliability Standards program,BCUC Mandatory Reliability Standards implementation document: Physical Security.,https://www.wecc.org/wecc-document/12266,https://www.wecc.org/sites/default/files/documents/standards/2024/CIP-014-2%20BC.pdf,Extracted from WECC Approved BC Standards table. WECC source effective date: 2017-10-01. WECC hosts the public table for BC reliability adoption/status records; BCUC is the British Columbia adoption authority. The underlying standard-making body is generally NERC or WECC.
BCUC-EOP-011-4-23881,EOP-011-4,Emergency Operations,BCUC,implementation_plan,Canada - British Columbia,BCUC mandatory reliability standards implementation,2026-10-01,Adopted or listed for application in British Columbia where applicable under the BCUC Mandatory Reliability Standards program,BCUC Mandatory Reliability Standards implementation document: Emergency Operations.,https://www.wecc.org/wecc-document/23881,https://www.wecc.org/sites/default/files/documents/standards/2025/EOP-011-4%20with%20BC-Specific%20Implementation%20Plan_BC.pdf,Extracted from WECC Approved BC Standards table. WECC source effective date: 2026-10-01. WECC hosts the public table for BC reliability adoption/status records; BCUC is the British Columbia adoption authority. The underlying standard-making body is generally NERC or WECC.
BCUC-EOP-012-2-23866,EOP-012-2,Extreme Cold Weather Preparedness and Operations,BCUC,implementation_plan,Canada - British Columbia,BCUC mandatory reliability standards implementation,2026-10-01,Adopted or listed for application in British Columbia where applicable under the BCUC Mandatory Reliability Standards program,BCUC Mandatory Reliability Standards implementation document: Extreme Cold Weather Preparedness and Operations.,https://www.wecc.org/wecc-document/23866,https://www.wecc.org/sites/default/files/documents/standards/2025/EOP-012-2%20with%20BC-Specific%20Implementation%20Plan_BC.pdf,Extracted from WECC Approved BC Standards table. WECC source effective date: 2026-10-01. WECC hosts the public table for BC reliability adoption/status records; BCUC is the British Columbia adoption authority. The underlying standard-making body is generally NERC or WECC.
BCUC-FAC-001-4-22696,FAC-001-4,Facility Interconnection Requirements with BC-Specific Implementation Plan,BCUC,implementation_plan,Canada - British Columbia,BCUC mandatory reliability standards implementation,2026-10-01,Adopted or listed for application in British Columbia where applicable under the BCUC Mandatory Reliability Standards program,BCUC Mandatory Reliability Standards implementation document: Facility Interconnection Requirements with BC-Specific Implementation Plan.,https://www.wecc.org/wecc-document/22696,https://www.wecc.org/sites/default/files/documents/standards/2025/FAC-001-4%20with%20BC-Specific%20Implementation%20Plan.pdf,Extracted from WECC Approved BC Standards table. WECC source effective date: 2026-10-01. WECC hosts the public table for BC reliability adoption/status records; BCUC is the British Columbia adoption authority. The underlying standard-making body is generally NERC or WECC.
BCUC-FAC-002-4-22701,FAC-002-4,Facility Interconnection Studies with BC-Specific Implementation Plan,BCUC,implementation_plan,Canada - British Columbia,BCUC mandatory reliability standards implementation,2026-10-01,Adopted or listed for application in British Columbia where applicable under the BCUC Mandatory Reliability Standards program,BCUC Mandatory Reliability Standards implementation document: Facility Interconnection Studies with BC-Specific Implementation Plan.,https://www.wecc.org/wecc-document/22701,https://www.wecc.org/sites/default/files/documents/standards/2025/FAC-002-4%20with%20BC-Specific%20Implementation%20Plan.pdf,Extracted from WECC Approved BC Standards table. WECC source effective date: 2026-10-01. WECC hosts the public table for BC reliability adoption/status records; BCUC is the British Columbia adoption authority. The underlying standard-making body is generally NERC or WECC.
BCUC-FAC-003-5-11101,FAC-003-5,Transmission Vegetation Management,BCUC,implementation_plan,Canada - British Columbia,BCUC mandatory reliability standards implementation,2025-10-01,Adopted or listed for application in British Columbia where applicable under the BCUC Mandatory Reliability Standards program,BCUC Mandatory Reliability Standards implementation document: Transmission Vegetation Management.,https://www.wecc.org/wecc-document/11101,https://www.wecc.org/sites/default/files/documents/standards/2024/FAC-003-5_BC.pdf,Extracted from WECC Approved BC Standards table. WECC source effective date: 2025-10-01. WECC hosts the public table for BC reliability adoption/status records; BCUC is the British Columbia adoption authority. The underlying standard-making body is generally NERC or WECC.
BCUC-FAC-011-4-11091,FAC-011-4,System Operating Limits Methodology for the Operations Horizon,BCUC,implementation_plan,Canada - British Columbia,BCUC mandatory reliability standards implementation,2025-10-01,Adopted or listed for application in British Columbia where applicable under the BCUC Mandatory Reliability Standards program,BCUC Mandatory Reliability Standards implementation document: System Operating Limits Methodology for the Operations Horizon.,https://www.wecc.org/wecc-document/11091,https://www.wecc.org/sites/default/files/documents/standards/2024/FAC-011-4_BC.pdf,Extracted from WECC Approved BC Standards table. WECC source effective date: 2025-10-01. WECC hosts the public table for BC reliability adoption/status records; BCUC is the British Columbia adoption authority. The underlying standard-making body is generally NERC or WECC.
BCUC-FAC-014-3-11086,FAC-014-3,Establish and Communicate System Operating Limits,BCUC,implementation_plan,Canada - British Columbia,BCUC mandatory reliability standards implementation,2025-10-01,Adopted or listed for application in British Columbia where applicable under the BCUC Mandatory Reliability Standards program,BCUC Mandatory Reliability Standards implementation document: Establish and Communicate System Operating Limits.,https://www.wecc.org/wecc-document/11086,https://www.wecc.org/sites/default/files/documents/standards/2024/FAC-014-3_BC.pdf,Extracted from WECC Approved BC Standards table. WECC source effective date: 2025-10-01. WECC hosts the public table for BC reliability adoption/status records; BCUC is the British Columbia adoption authority. The underlying standard-making body is generally NERC or WECC.
BCUC-FAC-501-WECC-4-23861,FAC-501-WECC-4,Transmission Maintenance,BCUC,implementation_plan,Canada - British Columbia,BCUC mandatory reliability standards implementation,2026-01-30,Adopted or listed for application in British Columbia where applicable under the BCUC Mandatory Reliability Standards program,BCUC Mandatory Reliability Standards implementation document: Transmission Maintenance.,https://www.wecc.org/wecc-document/23861,https://www.wecc.org/sites/default/files/documents/standards/2025/FAC-501-WECC-4_BC.pdf,Extracted from WECC Approved BC Standards table. WECC source effective date: 2026-01-30. WECC hosts the public table for BC reliability adoption/status records; BCUC is the British Columbia adoption authority. The underlying standard-making body is generally NERC or WECC.
BCUC-IRO-008-3-11076,IRO-008-3,Reliability Coordinator Operational Analyses and Real-time Assessments,BCUC,implementation_plan,Canada - British Columbia,BCUC mandatory reliability standards implementation,2025-10-01,Adopted or listed for application in British Columbia where applicable under the BCUC Mandatory Reliability Standards program,BCUC Mandatory Reliability Standards implementation document: Reliability Coordinator Operational Analyses and Real-time Assessments.,https://www.wecc.org/wecc-document/11076,https://www.wecc.org/sites/default/files/documents/standards/2024/IRO-008-3_BC.pdf,Extracted from WECC Approved BC Standards table. WECC source effective date: 2025-10-01. WECC hosts the public table for BC reliability adoption/status records; BCUC is the British Columbia adoption authority. The underlying standard-making body is generally NERC or WECC.
BCUC-MOD-033-2-22676,MOD-033-2,Steady-State and Dynamic System Model Validation with BC-Specific Implementation Plan,BCUC,implementation_plan,Canada - British Columbia,BCUC mandatory reliability standards implementation,2028-07-01,Adopted or listed for application in British Columbia where applicable under the BCUC Mandatory Reliability Standards program,BCUC Mandatory Reliability Standards implementation document: Steady-State and Dynamic System Model Validation with BC-Specific Implementation Plan.,https://www.wecc.org/wecc-document/22676,https://www.wecc.org/sites/default/files/documents/standards/2025/MOD-033-2%20with%20BC-Specific%20Implementation%20Plan.pdf,Extracted from WECC Approved BC Standards table. WECC source effective date: 2028-07-01. WECC hosts the public table for BC reliability adoption/status records; BCUC is the British Columbia adoption authority. The underlying standard-making body is generally NERC or WECC.
BCUC-PRC-005-2-I-12136,PRC-005-2(i),Protection System Maintenance,BCUC,implementation_plan,Canada - British Columbia,BCUC mandatory reliability standards implementation,effective date in source document,Adopted or listed for application in British Columbia where applicable under the BCUC Mandatory Reliability Standards program,BCUC Mandatory Reliability Standards implementation document: Protection System Maintenance.,https://www.wecc.org/wecc-document/12136,https://www.wecc.org/sites/default/files/documents/standards/2024/PRC-005-2%28i%29%20BC.pdf,Extracted from WECC Approved BC Standards table. WECC hosts the public table for BC reliability adoption/status records; BCUC is the British Columbia adoption authority. The underlying standard-making body is generally NERC or WECC.
BCUC-PRC-012-2-11261,PRC-012-2,Remedial Action Schemes,BCUC,implementation_plan,Canada - British Columbia,BCUC mandatory reliability standards implementation,2021-10-01,Adopted or listed for application in British Columbia where applicable under the BCUC Mandatory Reliability Standards program,BCUC Mandatory Reliability Standards implementation document: Remedial Action Schemes.,https://www.wecc.org/wecc-document/11261,https://www.wecc.org/sites/default/files/documents/standards/2024/PRC-012-2%20BC.pdf,Extracted from WECC Approved BC Standards table. WECC source effective date: 2021-10-01. WECC hosts the public table for BC reliability adoption/status records; BCUC is the British Columbia adoption authority. The underlying standard-making body is generally NERC or WECC.
BCUC-PRC-012-2-22711,PRC-012-2,Remedial Action Schemes with BC-Specific Implementation Plan,BCUC,implementation_plan,Canada - British Columbia,BCUC mandatory reliability standards implementation,2028-07-01,Adopted or listed for application in British Columbia where applicable under the BCUC Mandatory Reliability Standards program,BCUC Mandatory Reliability Standards implementation document: Remedial Action Schemes with BC-Specific Implementation Plan.,https://www.wecc.org/wecc-document/22711,https://www.wecc.org/sites/default/files/documents/standards/2025/PRC-012-2%20with%20BC-Specific%20Implementation%20Plan.pdf,Extracted from WECC Approved BC Standards table. WECC source effective date: 2028-07-01. WECC hosts the public table for BC reliability adoption/status records; BCUC is the British Columbia adoption authority. The underlying standard-making body is generally NERC or WECC.
BCUC-PRC-023-2-22736,PRC-023-2,Transmission Relay Loadability with BC-Specific Implementation Plan,BCUC,implementation_plan,Canada - British Columbia,BCUC mandatory reliability standards implementation,2025-10-01,Adopted or listed for application in British Columbia where applicable under the BCUC Mandatory Reliability Standards program,BCUC Mandatory Reliability Standards implementation document: Transmission Relay Loadability with BC-Specific Implementation Plan.,https://www.wecc.org/wecc-document/22736,https://www.wecc.org/sites/default/files/documents/standards/2025/PRC-023-2%20with%20BC-Specific%20Implementation%20Plan.pdf,Extracted from WECC Approved BC Standards table. WECC source effective date: 2025-10-01. WECC hosts the public table for BC reliability adoption/status records; BCUC is the British Columbia adoption authority. The underlying standard-making body is generally NERC or WECC.
BCUC-PRC-023-6-22731,PRC-023-6,Transmission Relay Loadability with BC-Specific Implementation Plan,BCUC,implementation_plan,Canada - British Columbia,BCUC mandatory reliability standards implementation,2025-10-01,Adopted or listed for application in British Columbia where applicable under the BCUC Mandatory Reliability Standards program,BCUC Mandatory Reliability Standards implementation document: Transmission Relay Loadability with BC-Specific Implementation Plan.,https://www.wecc.org/wecc-document/22731,https://www.wecc.org/sites/default/files/documents/standards/2025/PRC-023-6%20with%20BC-Specific%20Implementation%20Plan.pdf,Extracted from WECC Approved BC Standards table. WECC source effective date: 2025-10-01. WECC hosts the public table for BC reliability adoption/status records; BCUC is the British Columbia adoption authority. The underlying standard-making body is generally NERC or WECC.
BCUC-PRC-025-2-11396,PRC-025-2,Generator Relay Loadability,BCUC,implementation_plan,Canada - British Columbia,BCUC mandatory reliability standards implementation,2019-10-01,Adopted or listed for application in British Columbia where applicable under the BCUC Mandatory Reliability Standards program,BCUC Mandatory Reliability Standards implementation document: Generator Relay Loadability.,https://www.wecc.org/wecc-document/11396,https://www.wecc.org/sites/default/files/documents/standards/2024/PRC-025-2%20BC.pdf,Extracted from WECC Approved BC Standards table. WECC source effective date: 2019-10-01. WECC hosts the public table for BC reliability adoption/status records; BCUC is the British Columbia adoption authority. The underlying standard-making body is generally NERC or WECC.
BCUC-TOP-001-6-11066,TOP-001-6,Transmission Operations,BCUC,implementation_plan,Canada - British Columbia,BCUC mandatory reliability standards implementation,2025-10-01,Adopted or listed for application in British Columbia where applicable under the BCUC Mandatory Reliability Standards program,BCUC Mandatory Reliability Standards implementation document: Transmission Operations.,https://www.wecc.org/wecc-document/11066,https://www.wecc.org/sites/default/files/documents/standards/2024/TOP-001-6_BC.pdf,Extracted from WECC Approved BC Standards table. WECC source effective date: 2025-10-01. WECC hosts the public table for BC reliability adoption/status records; BCUC is the British Columbia adoption authority. The underlying standard-making body is generally NERC or WECC.
BCUC-TOP-002-5-23851,TOP-002-5,Operations Planning,BCUC,implementation_plan,Canada - British Columbia,BCUC mandatory reliability standards implementation,2027-04-01,Adopted or listed for application in British Columbia where applicable under the BCUC Mandatory Reliability Standards program,BCUC Mandatory Reliability Standards implementation document: Operations Planning.,https://www.wecc.org/wecc-document/23851,https://www.wecc.org/sites/default/files/documents/standards/2025/TOP-002-5_BC.pdf,Extracted from WECC Approved BC Standards table. WECC source effective date: 2027-04-01. WECC hosts the public table for BC reliability adoption/status records; BCUC is the British Columbia adoption authority. The underlying standard-making body is generally NERC or WECC.
BCUC-TPL-001-5-1-22726,TPL-001-5.1,Transmission System Planning Performance Requirements with BC-Specific Implementation Plan,BCUC,implementation_plan,Canada - British Columbia,BCUC mandatory reliability standards implementation,2030-10-01,Adopted or listed for application in British Columbia where applicable under the BCUC Mandatory Reliability Standards program,BCUC Mandatory Reliability Standards implementation document: Transmission System Planning Performance Requirements with BC-Specific Implementation Plan.,https://www.wecc.org/wecc-document/22726,https://www.wecc.org/sites/default/files/documents/standards/2025/TPL-001-5.1%20with%20BC-Specific%20Implementation%20Plan.pdf,Extracted from WECC Approved BC Standards table. WECC source effective date: 2030-10-01. WECC hosts the public table for BC reliability adoption/status records; BCUC is the British Columbia adoption authority. The underlying standard-making body is generally NERC or WECC.
BCUC-TPL-007-4-22706,TPL-007-4,Transmission System Planned Performance for Geomagnetic Disturbance Events with BC-Specific Implementation Plan,BCUC,implementation_plan,Canada - British Columbia,BCUC mandatory reliability standards implementation,2026-04-01,Adopted or listed for application in British Columbia where applicable under the BCUC Mandatory Reliability Standards program,BCUC Mandatory Reliability Standards implementation document: Transmission System Planned Performance for Geomagnetic Disturbance Events with BC-Specific Implementation Plan.,https://www.wecc.org/wecc-document/22706,https://www.wecc.org/sites/default/files/documents/standards/2025/TPL-007-4%20with%20BC-Specific%20Implementation%20Plan.pdf,Extracted from WECC Approved BC Standards table. WECC source effective date: 2026-04-01. WECC hosts the public table for BC reliability adoption/status records; BCUC is the British Columbia adoption authority. The underlying standard-making body is generally NERC or WECC.
BCUC-VAR-501-WECC-4-23856,VAR-501-WECC-4,Power System Stabilizer (PSS),BCUC,implementation_plan,Canada - British Columbia,BCUC mandatory reliability standards implementation,2025-10-01,Adopted or listed for application in British Columbia where applicable under the BCUC Mandatory Reliability Standards program,BCUC Mandatory Reliability Standards implementation document: Power System Stabilizer (PSS).,https://www.wecc.org/wecc-document/23856,https://www.wecc.org/sites/default/files/documents/standards/2025/VAR-501-WECC-4_BC.pdf,Extracted from WECC Approved BC Standards table. WECC source effective date: 2025-10-01. WECC hosts the public table for BC reliability adoption/status records; BCUC is the British Columbia adoption authority. The underlying standard-making body is generally NERC or WECC.
