standard_id,designation,title,publisher,record_type,country_scope,primary_category,latest_known_edition,applicability,summary,official_url,source_download_url,notes
IEEE-C57-12-00-2021,IEEE C57.12.00-2021,"IEEE Standard for General Requirements for Liquid-Immersed Distribution, Power, and Regulating Transformers",IEEE,standard,International / North America,C57 transformers regulators and reactors - Liquid-Immersed Transformers,2021,"Consensus IEEE power and energy standard used where specified by law, code, authority having jurisdiction, utility requirement, project specification, or contract","IEEE C57 family metadata record for transformers, reactors, insulating liquids, bushings, and related transformer equipment; this record points to the official IEEE SA page for IEEE C57.12.00-2021.",https://standards.ieee.org/ieee/C57.12.00/6962,,IEEE SA page status: Active Standard. Published: 2022-01-21. IEEE record number: 6962.
IEEE-C57-12-01-2020,IEEE C57.12.01-2020,IEEE Standard for General Requirements for Dry-Type Distribution and Power Transformers,IEEE,standard,International / North America,C57 transformers regulators and reactors - Dry-Type Transformers,2020,"Consensus IEEE power and energy standard used where specified by law, code, authority having jurisdiction, utility requirement, project specification, or contract","IEEE C57 family metadata record for transformers, reactors, insulating liquids, bushings, and related transformer equipment; this record points to the official IEEE SA page for IEEE C57.12.01-2020.",https://standards.ieee.org/ieee/C57.12.01/6775,,IEEE SA page status: Active Standard. Published: 2020-11-24. IEEE record number: 6775.
IEEE-C57-12-10-2017,IEEE C57.12.10-2017,IEEE Standard Requirements for Liquid-Immersed Power Transformers,IEEE,standard,International / North America,C57 transformers regulators and reactors - Liquid-Immersed Transformers,2017,"Consensus IEEE power and energy standard used where specified by law, code, authority having jurisdiction, utility requirement, project specification, or contract","IEEE C57 family metadata record for transformers, reactors, insulating liquids, bushings, and related transformer equipment; this record points to the official IEEE SA page for IEEE C57.12.10-2017.",https://standards.ieee.org/ieee/C57.12.10/6123,,IEEE SA page status: Active Standard. Published: 2018-04-27. IEEE record number: 6123.
IEEE-C57-12-20-2023,IEEE C57.12.20-2023,"IEEE Standard for Overhead-Type Distribution Transformers 500 kVA and Smaller; High Voltage, 34 500 V and Below; Low Voltage, 7970/13 800Y V and Below",IEEE,standard,International / North America,C57 transformers regulators and reactors - Distribution Transformers,2023,"Consensus IEEE power and energy standard used where specified by law, code, authority having jurisdiction, utility requirement, project specification, or contract","IEEE C57 family metadata record for transformers, reactors, insulating liquids, bushings, and related transformer equipment; this record points to the official IEEE SA page for IEEE C57.12.20-2023.",https://standards.ieee.org/ieee/C57.12.20/7511,,IEEE SA page status: Active Standard. Published: 2024-02-01. IEEE record number: 7511.
IEEE-C57-12-23-2018,IEEE C57.12.23-2018,IEEE Standard for Submersible Single-Phase Transformers:250 kVA and Smaller; High Voltage 34 500 GrdY/19 920 V and Below; Low Voltage 600 V and Below,IEEE,standard,International / North America,C57 transformers regulators and reactors - Distribution Transformers,2018,"Consensus IEEE power and energy standard used where specified by law, code, authority having jurisdiction, utility requirement, project specification, or contract","IEEE C57 family metadata record for transformers, reactors, insulating liquids, bushings, and related transformer equipment; this record points to the official IEEE SA page for IEEE C57.12.23-2018.",https://standards.ieee.org/ieee/C57.12.23/5988,,IEEE SA page status: Active Standard. Published: 2019-08-20. IEEE record number: 5988.
IEEE-C57-12-24-2023,IEEE C57.12.24-2023,"IEEE Standard for Submersible, Three-Phase Transformers, 3750 kVA and Smaller: High Voltage, 34 500 GrdY/19 920 V and Below; Low Voltage, 600 V and Below",IEEE,standard,International / North America,C57 transformers regulators and reactors - Distribution Transformers,2023,"Consensus IEEE power and energy standard used where specified by law, code, authority having jurisdiction, utility requirement, project specification, or contract","IEEE C57 family metadata record for transformers, reactors, insulating liquids, bushings, and related transformer equipment; this record points to the official IEEE SA page for IEEE C57.12.24-2023.",https://standards.ieee.org/ieee/C57.12.24/7512,,IEEE SA page status: Active Standard. Published: 2024-02-08. IEEE record number: 7512.
IEEE-C57-12-28-2023,IEEE C57.12.28-2023,IEEE Standard for Pad-Mounted Equipment--Enclosure Integrity,IEEE,standard,International / North America,C57 transformers regulators and reactors - Distribution Transformers,2023,"Consensus IEEE power and energy standard used where specified by law, code, authority having jurisdiction, utility requirement, project specification, or contract","IEEE C57 family metadata record for transformers, reactors, insulating liquids, bushings, and related transformer equipment; this record points to the official IEEE SA page for IEEE C57.12.28-2023.",https://standards.ieee.org/ieee/C57.12.28/11094,,IEEE SA page status: Active Standard. Published: 2024-05-03. IEEE record number: 11094.
IEEE-C57-12-29-2023,IEEE C57.12.29-2023,IEEE Standard for Pad-Mounted Equipment--Enclosure Integrity for Coastal Environments,IEEE,standard,International / North America,C57 transformers regulators and reactors - Distribution Transformers,2023,"Consensus IEEE power and energy standard used where specified by law, code, authority having jurisdiction, utility requirement, project specification, or contract","IEEE C57 family metadata record for transformers, reactors, insulating liquids, bushings, and related transformer equipment; this record points to the official IEEE SA page for IEEE C57.12.29-2023.",https://standards.ieee.org/ieee/C57.12.29/11095,,IEEE SA page status: Active Standard. Published: 2024-05-03. IEEE record number: 11095.
IEEE-C57-12-30-2020,IEEE C57.12.30-2020,IEEE Standard for Pole-Mounted Equipment--Enclosure Integrity for Coastal Environments,IEEE,standard,International / North America,C57 transformers regulators and reactors - Bushings Accessories and Enclosures,2020,"Consensus IEEE power and energy standard used where specified by law, code, authority having jurisdiction, utility requirement, project specification, or contract","IEEE C57 family metadata record for transformers, reactors, insulating liquids, bushings, and related transformer equipment; this record points to the official IEEE SA page for IEEE C57.12.30-2020.",https://standards.ieee.org/ieee/C57.12.30/7513,,IEEE SA page status: Active Standard. Published: 2021-03-05. IEEE record number: 7513.
IEEE-C57-12-31-2020,IEEE C57.12.31-2020,IEEE Standard for Pole-Mounted Equipment--Enclosure Integrity,IEEE,standard,International / North America,C57 transformers regulators and reactors - Bushings Accessories and Enclosures,2020,"Consensus IEEE power and energy standard used where specified by law, code, authority having jurisdiction, utility requirement, project specification, or contract","IEEE C57 family metadata record for transformers, reactors, insulating liquids, bushings, and related transformer equipment; this record points to the official IEEE SA page for IEEE C57.12.31-2020.",https://standards.ieee.org/ieee/C57.12.31/7514,,IEEE SA page status: Active Standard. Published: 2021-02-26. IEEE record number: 7514.
IEEE-C57-12-32-2019,IEEE C57.12.32-2019,IEEE Standard for Submersible Equipment--Enclosure Integrity,IEEE,standard,International / North America,C57 transformers regulators and reactors - Distribution Transformers,2019,"Consensus IEEE power and energy standard used where specified by law, code, authority having jurisdiction, utility requirement, project specification, or contract","IEEE C57 family metadata record for transformers, reactors, insulating liquids, bushings, and related transformer equipment; this record points to the official IEEE SA page for IEEE C57.12.32-2019.",https://standards.ieee.org/ieee/C57.12.32/6180,,IEEE SA page status: Active Standard. Published: 2019-08-07. IEEE record number: 6180.
IEEE-C57-12-34-2022,IEEE C57.12.34-2022,"IEEE Standard Requirements for Pad-Mounted, Compartmental-Type, Self-Cooled, Three-Phase Distribution Transformers, 10 MVA and Smaller; High-Voltage, 34.5 kV Nominal System Voltage and Below; Low-Voltage, 15 kV Nominal System Voltage and Below",IEEE,standard,International / North America,C57 transformers regulators and reactors - Distribution Transformers,2022,"Consensus IEEE power and energy standard used where specified by law, code, authority having jurisdiction, utility requirement, project specification, or contract","IEEE C57 family metadata record for transformers, reactors, insulating liquids, bushings, and related transformer equipment; this record points to the official IEEE SA page for IEEE C57.12.34-2022.",https://standards.ieee.org/ieee/C57.12.34/6863,,IEEE SA page status: Active Standard. Published: 2022-12-21. IEEE record number: 6863.
IEEE-C57-12-35-2024,IEEE C57.12.35-2024,IEEE Standard for Information Coding for Distribution Transformers and Step-Voltage Regulators,IEEE,standard,International / North America,C57 transformers regulators and reactors - Distribution Transformers,2024,"Consensus IEEE power and energy standard used where specified by law, code, authority having jurisdiction, utility requirement, project specification, or contract","IEEE C57 family metadata record for transformers, reactors, insulating liquids, bushings, and related transformer equipment; this record points to the official IEEE SA page for IEEE C57.12.35-2024.",https://standards.ieee.org/ieee/C57.12.35/7661,,IEEE SA page status: Active Standard. Published: 2024-08-02. IEEE record number: 7661.
IEEE-C57-12-36-2026,IEEE C57.12.36-2026,IEEE Standard Requirements for Liquid-Immersed Distribution Substation Transformers,IEEE,standard,International / North America,C57 transformers regulators and reactors - Liquid-Immersed Transformers,2026,"Consensus IEEE power and energy standard used where specified by law, code, authority having jurisdiction, utility requirement, project specification, or contract","IEEE C57 family metadata record for transformers, reactors, insulating liquids, bushings, and related transformer equipment; this record points to the official IEEE SA page for IEEE C57.12.36-2026.",https://standards.ieee.org/ieee/C57.12.36/11334,,IEEE SA page status: Active Standard. Published: 2026-06-19. IEEE record number: 11334.
IEEE-C57-12-37-2025,IEEE C57.12.37-2025,IEEE Standard for the Electronic Reporting of Distribution Transformer Test Data,IEEE,standard,International / North America,C57 transformers regulators and reactors - Test Codes and Methods,2025,"Consensus IEEE power and energy standard used where specified by law, code, authority having jurisdiction, utility requirement, project specification, or contract","IEEE C57 family metadata record for transformers, reactors, insulating liquids, bushings, and related transformer equipment; this record points to the official IEEE SA page for IEEE C57.12.37-2025.",https://standards.ieee.org/ieee/C57.12.37/11562,,IEEE SA page status: Active Standard. Published: 2026-05-27. IEEE record number: 11562.
IEEE-C57-12-38-2025,IEEE C57.12.38-2025,"IEEE Standard for Pad-Mounted-Type, Self-Cooled, Single-Phase Distribution Transformers 250 kVA and Smaller: High Voltage, 34 500 GrdY/19 920 V and Below; Low Voltage, 480/240 V and Below",IEEE,standard,International / North America,C57 transformers regulators and reactors - Distribution Transformers,2025,"Consensus IEEE power and energy standard used where specified by law, code, authority having jurisdiction, utility requirement, project specification, or contract","IEEE C57 family metadata record for transformers, reactors, insulating liquids, bushings, and related transformer equipment; this record points to the official IEEE SA page for IEEE C57.12.38-2025.",https://standards.ieee.org/ieee/C57.12.38/7162,,IEEE SA page status: Active Standard. Published: 2025-07-16. IEEE record number: 7162.
IEEE-C57-12-39-2017,IEEE C57.12.39-2017,IEEE Standard for Requirements for Distribution Transformer Tank Pressure Coordination,IEEE,standard,International / North America,C57 transformers regulators and reactors - Distribution Transformers,2017,"Consensus IEEE power and energy standard used where specified by law, code, authority having jurisdiction, utility requirement, project specification, or contract","IEEE C57 family metadata record for transformers, reactors, insulating liquids, bushings, and related transformer equipment; this record points to the official IEEE SA page for IEEE C57.12.39-2017.",https://standards.ieee.org/ieee/C57.12.39/6714,,IEEE SA page status: Active Standard. Published: 2018-05-04. IEEE record number: 6714.
IEEE-C57-12-40-2024,IEEE C57.12.40-2024,"IEEE Standard for Network, Three-Phase Transformers, 2500 kVA and Smaller; High Voltage, 34 500 V and Below; Low Voltage, 600 V and Below; Subway and Vault Types (Liquid Immersed)",IEEE,standard,International / North America,C57 transformers regulators and reactors - Distribution Transformers,2024,"Consensus IEEE power and energy standard used where specified by law, code, authority having jurisdiction, utility requirement, project specification, or contract","IEEE C57 family metadata record for transformers, reactors, insulating liquids, bushings, and related transformer equipment; this record points to the official IEEE SA page for IEEE C57.12.40-2024.",https://standards.ieee.org/ieee/C57.12.40/7611,,IEEE SA page status: Active Standard. Published: 2024-08-09. IEEE record number: 7611.
IEEE-C57-12-44-2024,IEEE C57.12.44-2024,IEEE Standard Requirements for Secondary Network Protectors,IEEE,standard,International / North America,C57 transformers regulators and reactors - Distribution Transformers,2024,"Consensus IEEE power and energy standard used where specified by law, code, authority having jurisdiction, utility requirement, project specification, or contract","IEEE C57 family metadata record for transformers, reactors, insulating liquids, bushings, and related transformer equipment; this record points to the official IEEE SA page for IEEE C57.12.44-2024.",https://standards.ieee.org/ieee/C57.12.44/6122,,IEEE SA page status: Active Standard. Published: 2025-08-21. IEEE record number: 6122.
IEEE-C57-12-51-2019,IEEE C57.12.51-2019,IEEE Guide for Mechanical Interchangeability of Ventilated Dry-Type Transformers,IEEE,guide,International / North America,C57 transformers regulators and reactors - Dry-Type Transformers,2019,"Consensus IEEE power and energy standard used where specified by law, code, authority having jurisdiction, utility requirement, project specification, or contract","IEEE C57 family metadata record for transformers, reactors, insulating liquids, bushings, and related transformer equipment; this record points to the official IEEE SA page for IEEE C57.12.51-2019.",https://standards.ieee.org/ieee/C57.12.51/7057,,IEEE SA page status: Active Standard. Published: 2019-09-06. IEEE record number: 7057.
IEEE-C57-12-52-2024,IEEE C57.12.52-2024,IEEE Standard for Sealed Dry-Type Distribution and Power Transformers,IEEE,standard,International / North America,C57 transformers regulators and reactors - Dry-Type Transformers,2024,"Consensus IEEE power and energy standard used where specified by law, code, authority having jurisdiction, utility requirement, project specification, or contract","IEEE C57 family metadata record for transformers, reactors, insulating liquids, bushings, and related transformer equipment; this record points to the official IEEE SA page for IEEE C57.12.52-2024.",https://standards.ieee.org/ieee/C57.12.52/10829,,IEEE SA page status: Active Standard. Published: 2024-08-23. IEEE record number: 10829.
IEEE-C57-12-53-2026,IEEE C57.12.53-2026,IEEE Guide for Mitigating Corrosion on Subsurface Transformers and Network Protectors,IEEE,guide,International / North America,C57 transformers regulators and reactors - Distribution Transformers,2026,"Consensus IEEE power and energy standard used where specified by law, code, authority having jurisdiction, utility requirement, project specification, or contract","IEEE C57 family metadata record for transformers, reactors, insulating liquids, bushings, and related transformer equipment; this record points to the official IEEE SA page for IEEE C57.12.53-2026.",https://standards.ieee.org/ieee/C57.12.53/10850,,IEEE SA page status: Active Standard. Published: 2026-05-22. IEEE record number: 10850.
IEEE-C57-12-58-2017,IEEE C57.12.58-2017,IEEE Guide for Conducting a Transient Voltage Analysis of a Dry-Type Transformer Coil,IEEE,guide,International / North America,C57 transformers regulators and reactors - Dry-Type Transformers,2017,"Consensus IEEE power and energy standard used where specified by law, code, authority having jurisdiction, utility requirement, project specification, or contract","IEEE C57 family metadata record for transformers, reactors, insulating liquids, bushings, and related transformer equipment; this record points to the official IEEE SA page for IEEE C57.12.58-2017.",https://standards.ieee.org/ieee/C57.12.58/6199,,IEEE SA page status: Active Standard. Published: 2017-11-13. IEEE record number: 6199.
IEEE-C57-12-60-2020,IEEE C57.12.60-2020,IEEE Standard for Thermal Evaluation of Insulation Systems for Dry-Type Power and Distribution Transformers,IEEE,standard,International / North America,C57 transformers regulators and reactors - Dry-Type Transformers,2020,"Consensus IEEE power and energy standard used where specified by law, code, authority having jurisdiction, utility requirement, project specification, or contract","IEEE C57 family metadata record for transformers, reactors, insulating liquids, bushings, and related transformer equipment; this record points to the official IEEE SA page for IEEE C57.12.60-2020.",https://standards.ieee.org/ieee/C57.12.60/6181,,IEEE SA page status: Active Standard. Published: 2020-04-03. IEEE record number: 6181.
IEEE-C57-12-60-2020-COR-1-2025,IEEE C57.12.60-2020/Cor 1-2025,IEEE Standard for Thermal Evaluation of Insulation Systems for Dry-Type Power and Distribution Transformers Corrigendum 1,IEEE,corrigendum,International / North America,C57 transformers regulators and reactors - Dry-Type Transformers,2020,"Consensus IEEE power and energy standard used where specified by law, code, authority having jurisdiction, utility requirement, project specification, or contract","IEEE C57 family metadata record for transformers, reactors, insulating liquids, bushings, and related transformer equipment; this record points to the official IEEE SA page for IEEE C57.12.60-2020/Cor 1-2025.",https://standards.ieee.org/ieee/C57.12.60-2020_Cor_1/11934,,IEEE SA page status: Active Standard. Published: 2025-10-17. IEEE record number: 11934.
IEEE-C57-12-70-2020,IEEE C57.12.70-2020,IEEE Standard for Standard Terminal Markings and Connections for Distribution and Power Transformers,IEEE,standard,International / North America,C57 transformers regulators and reactors - Distribution Transformers,2020,"Consensus IEEE power and energy standard used where specified by law, code, authority having jurisdiction, utility requirement, project specification, or contract","IEEE C57 family metadata record for transformers, reactors, insulating liquids, bushings, and related transformer equipment; this record points to the official IEEE SA page for IEEE C57.12.70-2020.",https://standards.ieee.org/ieee/C57.12.70/7353,,IEEE SA page status: Active Standard. Published: 2020-09-28. IEEE record number: 7353.
IEEE-C57-12-80-2024,IEEE C57.12.80-2024,IEEE Standard Terminology for Power and Distribution Transformers,IEEE,standard,International / North America,C57 transformers regulators and reactors - Terminology and Reference,2024,"Consensus IEEE power and energy standard used where specified by law, code, authority having jurisdiction, utility requirement, project specification, or contract","IEEE C57 family metadata record for transformers, reactors, insulating liquids, bushings, and related transformer equipment; this record points to the official IEEE SA page for IEEE C57.12.80-2024.",https://standards.ieee.org/ieee/C57.12.80/7006,,IEEE SA page status: Active Standard. Published: 2025-07-31. IEEE record number: 7006.
IEEE-C57-12-90-2021,IEEE C57.12.90-2021,"IEEE Standard Test Code for Liquid-Immersed Distribution, Power, and Regulating Transformers",IEEE,standard,International / North America,C57 transformers regulators and reactors - Test Codes and Methods,2021,"Consensus IEEE power and energy standard used where specified by law, code, authority having jurisdiction, utility requirement, project specification, or contract","IEEE C57 family metadata record for transformers, reactors, insulating liquids, bushings, and related transformer equipment; this record points to the official IEEE SA page for IEEE C57.12.90-2021.",https://standards.ieee.org/ieee/C57.12.90/7211,,IEEE SA page status: Active Standard. Published: 2022-02-04. IEEE record number: 7211.
IEEE-C57-12-91-2026,IEEE C57.12.91-2026,IEEE Approved Draft Standard for Standard Test Code for Dry-Type Distribution and Power Transformers,IEEE,standard,International / North America,C57 transformers regulators and reactors - Test Codes and Methods,2026,"Consensus IEEE power and energy standard used where specified by law, code, authority having jurisdiction, utility requirement, project specification, or contract","IEEE C57 family metadata record for transformers, reactors, insulating liquids, bushings, and related transformer equipment; this record points to the official IEEE SA page for IEEE C57.12.91-2026.",https://standards.ieee.org/ieee/C57.12.91/10863,,IEEE SA page status: Active Standard. IEEE record number: 10863.
IEEE-C57-12-200-2022,IEEE C57.12.200-2022,IEEE Guide for the Dielectric Frequency Response Measurement of Bushings,IEEE,guide,International / North America,C57 transformers regulators and reactors - Test Codes and Methods,2022,"Consensus IEEE power and energy standard used where specified by law, code, authority having jurisdiction, utility requirement, project specification, or contract","IEEE C57 family metadata record for transformers, reactors, insulating liquids, bushings, and related transformer equipment; this record points to the official IEEE SA page for IEEE C57.12.200-2022.",https://standards.ieee.org/ieee/C57.12.200/7403,,IEEE SA page status: Active Standard. Published: 2023-01-27. IEEE record number: 7403.
IEEE-C57-12-210-2024,IEEE C57.12.210-2024,IEEE Recommended Practice for On-load Capacity Switching Distribution Transformers,IEEE,recommended_practice,International / North America,C57 transformers regulators and reactors - Distribution Transformers,2024,"Consensus IEEE power and energy standard used where specified by law, code, authority having jurisdiction, utility requirement, project specification, or contract","IEEE C57 family metadata record for transformers, reactors, insulating liquids, bushings, and related transformer equipment; this record points to the official IEEE SA page for IEEE C57.12.210-2024.",https://standards.ieee.org/ieee/C57.12.210/10539,,IEEE SA page status: Active Standard. Published: 2025-02-28. IEEE record number: 10539.
IEEE-C57-13-2016,IEEE C57.13-2016,IEEE Standard Requirements for Instrument Transformers,IEEE,standard,International / North America,C57 transformers regulators and reactors - Instrument Transformers,2016,"Consensus IEEE power and energy standard used where specified by law, code, authority having jurisdiction, utility requirement, project specification, or contract","IEEE C57 family metadata record for transformers, reactors, insulating liquids, bushings, and related transformer equipment; this record points to the official IEEE SA page for IEEE C57.13-2016.",https://standards.ieee.org/ieee/C57.13/4867,,IEEE SA page status: Active Standard. Published: 2016-06-29. IEEE record number: 4867.
IEEE-C57-13-1-2017,IEEE C57.13.1-2017,IEEE Guide for Field Testing of Relaying Current Transformers,IEEE,guide,International / North America,C57 transformers regulators and reactors - Test Codes and Methods,2017,"Consensus IEEE power and energy standard used where specified by law, code, authority having jurisdiction, utility requirement, project specification, or contract","IEEE C57 family metadata record for transformers, reactors, insulating liquids, bushings, and related transformer equipment; this record points to the official IEEE SA page for IEEE C57.13.1-2017.",https://standards.ieee.org/ieee/C57.13.1/5838,,IEEE SA page status: Active Standard. Published: 2018-10-31. IEEE record number: 5838.
IEEE-C57-13-3-2025,IEEE C57.13.3-2025,IEEE Guide for Grounding of Instrument Transformer Secondary Circuits and Cases,IEEE,guide,International / North America,C57 transformers regulators and reactors - Instrument Transformers,2025,"Consensus IEEE power and energy standard used where specified by law, code, authority having jurisdiction, utility requirement, project specification, or contract","IEEE C57 family metadata record for transformers, reactors, insulating liquids, bushings, and related transformer equipment; this record points to the official IEEE SA page for IEEE C57.13.3-2025.",https://standards.ieee.org/ieee/C57.13.3/11086,,IEEE SA page status: Active Standard. Published: 2026-07-24. IEEE record number: 11086.
IEEE-C57-13-5-2019,IEEE C57.13.5-2019,IEEE Standard for Performance and Test Requirements for Instrument Transformers of a Nominal System Voltage of 115 kV and Above,IEEE,standard,International / North America,C57 transformers regulators and reactors - Test Codes and Methods,2019,"Consensus IEEE power and energy standard used where specified by law, code, authority having jurisdiction, utility requirement, project specification, or contract","IEEE C57 family metadata record for transformers, reactors, insulating liquids, bushings, and related transformer equipment; this record points to the official IEEE SA page for IEEE C57.13.5-2019.",https://standards.ieee.org/ieee/C57.13.5/6731,,IEEE SA page status: Active Standard. Published: 2020-02-21. IEEE record number: 6731.
IEEE-C57-13-7-2018,IEEE C57.13.7-2018,IEEE Standard for Current Transformers with Maximum Milliampere Secondary Current of 250 mA,IEEE,standard,International / North America,C57 transformers regulators and reactors - Instrument Transformers,2018,"Consensus IEEE power and energy standard used where specified by law, code, authority having jurisdiction, utility requirement, project specification, or contract","IEEE C57 family metadata record for transformers, reactors, insulating liquids, bushings, and related transformer equipment; this record points to the official IEEE SA page for IEEE C57.13.7-2018.",https://standards.ieee.org/ieee/C57.13.7/4972,,IEEE SA page status: Active Standard. Published: 2019-08-30. IEEE record number: 4972.
IEEE-C57-13-10-2025,IEEE C57.13.10-2025,IEEE Guide for Calibration of Energized Current Transformers for 34.5 kV and Below,IEEE,guide,International / North America,C57 transformers regulators and reactors - Test Codes and Methods,2025,"Consensus IEEE power and energy standard used where specified by law, code, authority having jurisdiction, utility requirement, project specification, or contract","IEEE C57 family metadata record for transformers, reactors, insulating liquids, bushings, and related transformer equipment; this record points to the official IEEE SA page for IEEE C57.13.10-2025.",https://standards.ieee.org/ieee/C57.13.10/10886,,IEEE SA page status: Active Standard. Published: 2026-02-16. IEEE record number: 10886.
IEEE-C57-15-2017,IEEE/IEC C57.15-2017,"IEEE/IEC International Standard- Power transformers - Part 21: Standard requirements, terminology, and test code for step-voltage regulators",IEEE,standard,International / North America,C57 transformers regulators and reactors - Terminology and Reference,2017,"Consensus IEEE power and energy standard used where specified by law, code, authority having jurisdiction, utility requirement, project specification, or contract","IEEE C57 family metadata record for transformers, reactors, insulating liquids, bushings, and related transformer equipment; this record points to the official IEEE SA page for IEEE/IEC C57.15-2017.",https://standards.ieee.org/ieee/C57.15/6716,,IEEE SA page status: Active Standard. Published: 2018-12-10. IEEE record number: 6716.
IEEE-C57-16-2025,IEEE C57.16-2025,"IEEE Standard for Requirements, Terminology, and Test Code for Dry-Type Air-Core Series-Connected Reactors",IEEE,standard,International / North America,C57 transformers regulators and reactors - Terminology and Reference,2025,"Consensus IEEE power and energy standard used where specified by law, code, authority having jurisdiction, utility requirement, project specification, or contract","IEEE C57 family metadata record for transformers, reactors, insulating liquids, bushings, and related transformer equipment; this record points to the official IEEE SA page for IEEE C57.16-2025.",https://standards.ieee.org/ieee/C57.16/6696,,IEEE SA page status: Active Standard. Published: 2026-05-11. IEEE record number: 6696.
IEEE-C57-18-10-2021,IEEE C57.18.10-2021,IEEE Standard Practices and Requirements for Semiconductor Power Rectifier Transformers,IEEE,standard,International / North America,C57 transformers regulators and reactors - Specialty Transformers Reactors and Regulators,2021,"Consensus IEEE power and energy standard used where specified by law, code, authority having jurisdiction, utility requirement, project specification, or contract","IEEE C57 family metadata record for transformers, reactors, insulating liquids, bushings, and related transformer equipment; this record points to the official IEEE SA page for IEEE C57.18.10-2021.",https://standards.ieee.org/ieee/C57.18.10/6794,,IEEE SA page status: Active Standard. Published: 2022-03-29. IEEE record number: 6794.
IEEE-C57-19-00-2023,IEEE C57.19.00-2023,IEEE Standard for General Requirements and Test Procedure for Power Apparatus Bushings,IEEE,standard,International / North America,C57 transformers regulators and reactors - Test Codes and Methods,2023,"Consensus IEEE power and energy standard used where specified by law, code, authority having jurisdiction, utility requirement, project specification, or contract","IEEE C57 family metadata record for transformers, reactors, insulating liquids, bushings, and related transformer equipment; this record points to the official IEEE SA page for IEEE C57.19.00-2023.",https://standards.ieee.org/ieee/C57.19.00/7244,,IEEE SA page status: Active Standard. Published: 2023-05-15. IEEE record number: 7244.
IEEE-C57-19-01-2017,IEEE C57.19.01-2017,IEEE Standard for Performance Characteristics and Dimensions for Power Transformer and Reactor Bushings,IEEE,standard,International / North America,C57 transformers regulators and reactors - Bushings Accessories and Enclosures,2017,"Consensus IEEE power and energy standard used where specified by law, code, authority having jurisdiction, utility requirement, project specification, or contract","IEEE C57 family metadata record for transformers, reactors, insulating liquids, bushings, and related transformer equipment; this record points to the official IEEE SA page for IEEE C57.19.01-2017.",https://standards.ieee.org/ieee/C57.19.01/5037,,IEEE SA page status: Active Standard. Published: 2018-07-12. IEEE record number: 5037.
IEEE-C57-19-02-2023,IEEE C57.19.02-2023,IEEE Standard for Design and Performance Requirements for Bushings Applied to Liquid-Immersed Distribution Transformers,IEEE,standard,International / North America,C57 transformers regulators and reactors - Liquid-Immersed Transformers,2023,"Consensus IEEE power and energy standard used where specified by law, code, authority having jurisdiction, utility requirement, project specification, or contract","IEEE C57 family metadata record for transformers, reactors, insulating liquids, bushings, and related transformer equipment; this record points to the official IEEE SA page for IEEE C57.19.02-2023.",https://standards.ieee.org/ieee/C57.19.02/6701,,IEEE SA page status: Active Standard. Published: 2024-01-10. IEEE record number: 6701.
IEEE-C57-19-04-2018,IEEE C57.19.04-2018,IEEE Standard for Performance Characteristics and Dimensions for High Current Power Transformer Bushings with Rated Continuous Current in Excess of 5000 A in Bus Enclosures,IEEE,standard,International / North America,C57 transformers regulators and reactors - Bushings Accessories and Enclosures,2018,"Consensus IEEE power and energy standard used where specified by law, code, authority having jurisdiction, utility requirement, project specification, or contract","IEEE C57 family metadata record for transformers, reactors, insulating liquids, bushings, and related transformer equipment; this record points to the official IEEE SA page for IEEE C57.19.04-2018.",https://standards.ieee.org/ieee/C57.19.04/5257,,IEEE SA page status: Active Standard. Published: 2018-06-08. IEEE record number: 5257.
IEEE-C57-19-100-2025,IEEE C57.19.100-2025,IEEE Guide for Application of Power Apparatus Bushings,IEEE,guide,International / North America,C57 transformers regulators and reactors - Bushings Accessories and Enclosures,2025,"Consensus IEEE power and energy standard used where specified by law, code, authority having jurisdiction, utility requirement, project specification, or contract","IEEE C57 family metadata record for transformers, reactors, insulating liquids, bushings, and related transformer equipment; this record points to the official IEEE SA page for IEEE C57.19.100-2025.",https://standards.ieee.org/ieee/C57.19.100/11436,,IEEE SA page status: Active Standard. Published: 2026-03-04. IEEE record number: 11436.
IEEE-C57-21-2021,IEEE C57.21-2021,"IEEE Standard Requirements, Terminology, and Test Code for Shunt Reactors Rated Over 500 kVA",IEEE,standard,International / North America,C57 transformers regulators and reactors - Terminology and Reference,2021,"Consensus IEEE power and energy standard used where specified by law, code, authority having jurisdiction, utility requirement, project specification, or contract","IEEE C57 family metadata record for transformers, reactors, insulating liquids, bushings, and related transformer equipment; this record points to the official IEEE SA page for IEEE C57.21-2021.",https://standards.ieee.org/ieee/C57.21/5990,,IEEE SA page status: Active Standard. Published: 2021-09-20. IEEE record number: 5990.
IEEE-C57-32-10-2025,IEEE C57.32.10-2025,IEEE Guide for the Selection of Neutral-Grounding Devices for High-Voltage Direct Current (HVDC) Converter Transformers,IEEE,guide,International / North America,C57 transformers regulators and reactors - General Transformer Requirements,2025,"Consensus IEEE power and energy standard used where specified by law, code, authority having jurisdiction, utility requirement, project specification, or contract","IEEE C57 family metadata record for transformers, reactors, insulating liquids, bushings, and related transformer equipment; this record points to the official IEEE SA page for IEEE C57.32.10-2025.",https://standards.ieee.org/ieee/C57.32.10/7431,,IEEE SA page status: Active Standard. Published: 2025-05-22. IEEE record number: 7431.
IEEE-C57-91-2025,IEEE C57.91-2025,IEEE Guide for Loading Mineral-Oil-Immersed Transformers and Step-Voltage Regulators,IEEE,guide,International / North America,C57 transformers regulators and reactors - Liquid-Immersed Transformers,2025,"Consensus IEEE power and energy standard used where specified by law, code, authority having jurisdiction, utility requirement, project specification, or contract","IEEE C57 family metadata record for transformers, reactors, insulating liquids, bushings, and related transformer equipment; this record points to the official IEEE SA page for IEEE C57.91-2025.",https://standards.ieee.org/ieee/C57.91/7163,,IEEE SA page status: Active Standard. Published: 2026-03-05. IEEE record number: 7163.
IEEE-C57-93-2019,IEEE C57.93-2019,IEEE Guide for Installation and Maintenance of Liquid-Immersed Power Transformers,IEEE,guide,International / North America,C57 transformers regulators and reactors - Liquid-Immersed Transformers,2019,"Consensus IEEE power and energy standard used where specified by law, code, authority having jurisdiction, utility requirement, project specification, or contract","IEEE C57 family metadata record for transformers, reactors, insulating liquids, bushings, and related transformer equipment; this record points to the official IEEE SA page for IEEE C57.93-2019.",https://standards.ieee.org/ieee/C57.93/5457,,IEEE SA page status: Active Standard. Published: 2019-05-29. IEEE record number: 5457.
IEEE-C57-93A-2025,IEEE C57.93a-2025,IEEE Guide for Installation and Maintenance of Liquid-Immersed Power Transformers Amendment 1: Cold Start of Power Transformers Filled with Natural Ester Liquids,IEEE,amendment,International / North America,C57 transformers regulators and reactors - Liquid-Immersed Transformers,2025,"Consensus IEEE power and energy standard used where specified by law, code, authority having jurisdiction, utility requirement, project specification, or contract","IEEE C57 family metadata record for transformers, reactors, insulating liquids, bushings, and related transformer equipment; this record points to the official IEEE SA page for IEEE C57.93a-2025.",https://standards.ieee.org/ieee/C57.93a/11970,,IEEE SA page status: Active Standard. Published: 2025-06-25. IEEE record number: 11970.
IEEE-C57-94-2025,IEEE C57.94-2025,"IEEE Recommended Practice for Installation, Application, Operation, and Maintenance of Dry-Type Distribution and Power Transformers",IEEE,recommended_practice,International / North America,C57 transformers regulators and reactors - Dry-Type Transformers,2025,"Consensus IEEE power and energy standard used where specified by law, code, authority having jurisdiction, utility requirement, project specification, or contract","IEEE C57 family metadata record for transformers, reactors, insulating liquids, bushings, and related transformer equipment; this record points to the official IEEE SA page for IEEE C57.94-2025.",https://standards.ieee.org/ieee/C57.94/10864,,IEEE SA page status: Active Standard. Published: 2026-05-05. IEEE record number: 10864.
IEEE-C57-100-2022,IEEE C57.100-2022,"IEEE Standard for Test Procedure for Thermal Evaluation of Insulation Systems for Liquid-Immersed Distribution, Power, and Regulating Transformers",IEEE,standard,International / North America,C57 transformers regulators and reactors - Test Codes and Methods,2022,"Consensus IEEE power and energy standard used where specified by law, code, authority having jurisdiction, utility requirement, project specification, or contract","IEEE C57 family metadata record for transformers, reactors, insulating liquids, bushings, and related transformer equipment; this record points to the official IEEE SA page for IEEE C57.100-2022.",https://standards.ieee.org/ieee/C57.100/7437,,IEEE SA page status: Active Standard. Published: 2023-03-24. IEEE record number: 7437.
IEEE-C57-104-2019,IEEE C57.104-2019,IEEE Guide for the Interpretation of Gases Generated in Mineral Oil-Immersed Transformers,IEEE,guide,International / North America,C57 transformers regulators and reactors - Liquid-Immersed Transformers,2019,"Consensus IEEE power and energy standard used where specified by law, code, authority having jurisdiction, utility requirement, project specification, or contract","IEEE C57 family metadata record for transformers, reactors, insulating liquids, bushings, and related transformer equipment; this record points to the official IEEE SA page for IEEE C57.104-2019.",https://standards.ieee.org/ieee/C57.104/7476,,IEEE SA page status: Active Standard. Published: 2019-11-01. IEEE record number: 7476.
IEEE-C57-105-2019,IEEE C57.105-2019,IEEE Guide for Application of Transformer Connections in Three-Phase Electrical Systems,IEEE,guide,International / North America,C57 transformers regulators and reactors - Bushings Accessories and Enclosures,2019,"Consensus IEEE power and energy standard used where specified by law, code, authority having jurisdiction, utility requirement, project specification, or contract","IEEE C57 family metadata record for transformers, reactors, insulating liquids, bushings, and related transformer equipment; this record points to the official IEEE SA page for IEEE C57.105-2019.",https://standards.ieee.org/ieee/C57.105/6121,,IEEE SA page status: Active Standard. Published: 2020-03-31. IEEE record number: 6121.
IEEE-C57-105-2019-COR-1-2023,IEEE C57.105-2019/Cor 1-2023,IEEE Guide for Application of Transformer Connections in Three Phase Electrical Systems - Corrigendum 1,IEEE,corrigendum,International / North America,C57 transformers regulators and reactors - Bushings Accessories and Enclosures,2019,"Consensus IEEE power and energy standard used where specified by law, code, authority having jurisdiction, utility requirement, project specification, or contract","IEEE C57 family metadata record for transformers, reactors, insulating liquids, bushings, and related transformer equipment; this record points to the official IEEE SA page for IEEE C57.105-2019/Cor 1-2023.",https://standards.ieee.org/ieee/C57.105-2019_Cor_1/10479,,IEEE SA page status: Active Standard. Published: 2024-05-03. IEEE record number: 10479.
IEEE-C57-107-2024,IEEE C57.107-2024,IEEE Recommended Practice for Developing Short-Term Overexcitation V/Hz Curves for Transformers Directly Connected to Generators,IEEE,recommended_practice,International / North America,C57 transformers regulators and reactors - General Transformer Requirements,2024,"Consensus IEEE power and energy standard used where specified by law, code, authority having jurisdiction, utility requirement, project specification, or contract","IEEE C57 family metadata record for transformers, reactors, insulating liquids, bushings, and related transformer equipment; this record points to the official IEEE SA page for IEEE C57.107-2024.",https://standards.ieee.org/ieee/C57.107/11177,,IEEE SA page status: Active Standard. Published: 2024-06-14. IEEE record number: 11177.
IEEE-C57-109-2018,IEEE C57.109-2018,IEEE Guide for Liquid-Immersed Transformers Through-Fault-Current Duration,IEEE,guide,International / North America,C57 transformers regulators and reactors - Liquid-Immersed Transformers,2018,"Consensus IEEE power and energy standard used where specified by law, code, authority having jurisdiction, utility requirement, project specification, or contract","IEEE C57 family metadata record for transformers, reactors, insulating liquids, bushings, and related transformer equipment; this record points to the official IEEE SA page for IEEE C57.109-2018.",https://standards.ieee.org/ieee/C57.109/6120,,IEEE SA page status: Active Standard. Published: 2018-10-05. IEEE record number: 6120.
IEEE-C57-110-2018,IEEE C57.110-2018,IEEE Recommended Practice for Establishing Liquid Immersed and Dry-Type Power and Distribution Transformer Capability when Supplying Nonsinusoidal Load Currents,IEEE,recommended_practice,International / North America,C57 transformers regulators and reactors - Dry-Type Transformers,2018,"Consensus IEEE power and energy standard used where specified by law, code, authority having jurisdiction, utility requirement, project specification, or contract","IEEE C57 family metadata record for transformers, reactors, insulating liquids, bushings, and related transformer equipment; this record points to the official IEEE SA page for IEEE C57.110-2018.",https://standards.ieee.org/ieee/C57.110/5948,,IEEE SA page status: Active Standard. Published: 2018-10-31. IEEE record number: 5948.
IEEE-C57-113-2023,IEEE C57.113-2023,IEEE Recommended Practice for Partial Discharge Measurement in Liquid-Filled Power Transformers and Shunt Reactors,IEEE,recommended_practice,International / North America,C57 transformers regulators and reactors - Test Codes and Methods,2023,"Consensus IEEE power and energy standard used where specified by law, code, authority having jurisdiction, utility requirement, project specification, or contract","IEEE C57 family metadata record for transformers, reactors, insulating liquids, bushings, and related transformer equipment; this record points to the official IEEE SA page for IEEE C57.113-2023.",https://standards.ieee.org/ieee/C57.113/7214,,IEEE SA page status: Active Standard. Published: 2024-03-12. IEEE record number: 7214.
IEEE-C57-116-2022,IEEE C57.116-2022,IEEE Guide for Transformers Directly Connected to Generators,IEEE,guide,International / North America,C57 transformers regulators and reactors - General Transformer Requirements,2022,"Consensus IEEE power and energy standard used where specified by law, code, authority having jurisdiction, utility requirement, project specification, or contract","IEEE C57 family metadata record for transformers, reactors, insulating liquids, bushings, and related transformer equipment; this record points to the official IEEE SA page for IEEE C57.116-2022.",https://standards.ieee.org/ieee/C57.116/7760,,IEEE SA page status: Active Standard. Published: 2023-02-10. IEEE record number: 7760.
IEEE-C57-119-2018,IEEE C57.119-2018,IEEE Recommended Practice for Performing Temperature Rise Tests on Liquid-Immersed Power Transformers at Loads Beyond Nameplate Ratings,IEEE,recommended_practice,International / North America,C57 transformers regulators and reactors - Test Codes and Methods,2018,"Consensus IEEE power and energy standard used where specified by law, code, authority having jurisdiction, utility requirement, project specification, or contract","IEEE C57 family metadata record for transformers, reactors, insulating liquids, bushings, and related transformer equipment; this record points to the official IEEE SA page for IEEE C57.119-2018.",https://standards.ieee.org/ieee/C57.119/6012,,IEEE SA page status: Active Standard. Published: 2018-10-18. IEEE record number: 6012.
IEEE-C57-120-2017,IEEE C57.120-2017,IEEE Guide for Loss Evaluation of Distribution and Power Transformers and Reactors,IEEE,guide,International / North America,C57 transformers regulators and reactors - Distribution Transformers,2017,"Consensus IEEE power and energy standard used where specified by law, code, authority having jurisdiction, utility requirement, project specification, or contract","IEEE C57 family metadata record for transformers, reactors, insulating liquids, bushings, and related transformer equipment; this record points to the official IEEE SA page for IEEE C57.120-2017.",https://standards.ieee.org/ieee/C57.120/4868,,IEEE SA page status: Active Standard. Published: 2017-10-18. IEEE record number: 4868.
IEEE-C57-123-2019,IEEE C57.123-2019,IEEE Guide for Transformer Loss Measurement,IEEE,guide,International / North America,C57 transformers regulators and reactors - Test Codes and Methods,2019,"Consensus IEEE power and energy standard used where specified by law, code, authority having jurisdiction, utility requirement, project specification, or contract","IEEE C57 family metadata record for transformers, reactors, insulating liquids, bushings, and related transformer equipment; this record points to the official IEEE SA page for IEEE C57.123-2019.",https://standards.ieee.org/ieee/C57.123/7106,,IEEE SA page status: Active Standard. Published: 2020-02-10. IEEE record number: 7106.
IEEE-C57-127-2018,IEEE C57.127-2018,"IEEE Guide for the Detection, Location and Interpretation of Sources of Acoustic Emissions from Electrical Discharges in Power Transformers and Power Reactors",IEEE,guide,International / North America,C57 transformers regulators and reactors - Specialty Transformers Reactors and Regulators,2018,"Consensus IEEE power and energy standard used where specified by law, code, authority having jurisdiction, utility requirement, project specification, or contract","IEEE C57 family metadata record for transformers, reactors, insulating liquids, bushings, and related transformer equipment; this record points to the official IEEE SA page for IEEE C57.127-2018.",https://standards.ieee.org/ieee/C57.127/6088,,IEEE SA page status: Active Standard. Published: 2019-03-11. IEEE record number: 6088.
IEEE-C57-131-2024,IEEE C57.131-2024,IEEE Standard Performance Requirements and Test Methods for Tap-Changers,IEEE,standard,International / North America,C57 transformers regulators and reactors - Test Codes and Methods,2024,"Consensus IEEE power and energy standard used where specified by law, code, authority having jurisdiction, utility requirement, project specification, or contract","IEEE C57 family metadata record for transformers, reactors, insulating liquids, bushings, and related transformer equipment; this record points to the official IEEE SA page for IEEE C57.131-2024.",https://standards.ieee.org/ieee/C57.131/10503,,IEEE SA page status: Active Standard. Published: 2024-05-24. IEEE record number: 10503.
IEEE-C57-134-2024,IEEE C57.134-2024,IEEE Guide for Determination of Hottest-Spot Temperature in Dry-Type Distribution and Power Transformers,IEEE,guide,International / North America,C57 transformers regulators and reactors - Test Codes and Methods,2024,"Consensus IEEE power and energy standard used where specified by law, code, authority having jurisdiction, utility requirement, project specification, or contract","IEEE C57 family metadata record for transformers, reactors, insulating liquids, bushings, and related transformer equipment; this record points to the official IEEE SA page for IEEE C57.134-2024.",https://standards.ieee.org/ieee/C57.134/10622,,IEEE SA page status: Active Standard. Published: 2025-01-14. IEEE record number: 10622.
IEEE-C57-136-2023,IEEE C57.136-2023,IEEE Guide for Audible Sound of Liquid-Immersed Power Transformers,IEEE,guide,International / North America,C57 transformers regulators and reactors - Liquid-Immersed Transformers,2023,"Consensus IEEE power and energy standard used where specified by law, code, authority having jurisdiction, utility requirement, project specification, or contract","IEEE C57 family metadata record for transformers, reactors, insulating liquids, bushings, and related transformer equipment; this record points to the official IEEE SA page for IEEE C57.136-2023.",https://standards.ieee.org/ieee/C57.136/10540,,IEEE SA page status: Active Standard. Published: 2023-07-24. IEEE record number: 10540.
IEEE-C57-138-2016,IEEE C57.138-2016,IEEE Recommended Practice for Routine Impulse Tests for Distribution Transformers,IEEE,recommended_practice,International / North America,C57 transformers regulators and reactors - Test Codes and Methods,2016,"Consensus IEEE power and energy standard used where specified by law, code, authority having jurisdiction, utility requirement, project specification, or contract","IEEE C57 family metadata record for transformers, reactors, insulating liquids, bushings, and related transformer equipment; this record points to the official IEEE SA page for IEEE C57.138-2016.",https://standards.ieee.org/ieee/C57.138/5091,,IEEE SA page status: Active Standard. Published: 2017-03-31. IEEE record number: 5091.
IEEE-C57-140-2017,IEEE C57.140-2017,IEEE Guide for Evaluation and Reconditioning of Liquid Immersed Power Transformers,IEEE,guide,International / North America,C57 transformers regulators and reactors - General Transformer Requirements,2017,"Consensus IEEE power and energy standard used where specified by law, code, authority having jurisdiction, utility requirement, project specification, or contract","IEEE C57 family metadata record for transformers, reactors, insulating liquids, bushings, and related transformer equipment; this record points to the official IEEE SA page for IEEE C57.140-2017.",https://standards.ieee.org/ieee/C57.140/5188,,IEEE SA page status: Active Standard. Published: 2017-10-31. IEEE record number: 5188.
IEEE-C57-142-2025,IEEE C57.142-2025,"IEEE Guide to Describe the Occurrence and Mitigation of Switching Transients Induced by Transformers, Switching Devices, and System Interaction",IEEE,guide,International / North America,C57 transformers regulators and reactors - General Transformer Requirements,2025,"Consensus IEEE power and energy standard used where specified by law, code, authority having jurisdiction, utility requirement, project specification, or contract","IEEE C57 family metadata record for transformers, reactors, insulating liquids, bushings, and related transformer equipment; this record points to the official IEEE SA page for IEEE C57.142-2025.",https://standards.ieee.org/ieee/C57.142/7005,,IEEE SA page status: Active Standard. Published: 2026-07-31. IEEE record number: 7005.
IEEE-C57-143-2024,IEEE C57.143-2024,IEEE Guide for Application of Monitoring Equipment to Liquid-Immersed Transformers and Components,IEEE,guide,International / North America,C57 transformers regulators and reactors - Liquid-Immersed Transformers,2024,"Consensus IEEE power and energy standard used where specified by law, code, authority having jurisdiction, utility requirement, project specification, or contract","IEEE C57 family metadata record for transformers, reactors, insulating liquids, bushings, and related transformer equipment; this record points to the official IEEE SA page for IEEE C57.143-2024.",https://standards.ieee.org/ieee/C57.143/6961,,IEEE SA page status: Active Standard. Published: 2025-08-27. IEEE record number: 6961.
IEEE-C57-146-2025,IEEE C57.146-2025,IEEE Guide for the Interpretation of Gases Generated in Silicone-Immersed Transformers,IEEE,guide,International / North America,C57 transformers regulators and reactors - General Transformer Requirements,2025,"Consensus IEEE power and energy standard used where specified by law, code, authority having jurisdiction, utility requirement, project specification, or contract","IEEE C57 family metadata record for transformers, reactors, insulating liquids, bushings, and related transformer equipment; this record points to the official IEEE SA page for IEEE C57.146-2025.",https://standards.ieee.org/ieee/C57.146/10202,,IEEE SA page status: Active Standard. Published: 2026-08-14. IEEE record number: 10202.
IEEE-C57-147-2018,IEEE C57.147-2018,IEEE Guide for Acceptance and Maintenance of Natural Ester Insulating Liquid in Transformers,IEEE,guide,International / North America,C57 transformers regulators and reactors - Liquid-Immersed Transformers,2018,"Consensus IEEE power and energy standard used where specified by law, code, authority having jurisdiction, utility requirement, project specification, or contract","IEEE C57 family metadata record for transformers, reactors, insulating liquids, bushings, and related transformer equipment; this record points to the official IEEE SA page for IEEE C57.147-2018.",https://standards.ieee.org/ieee/C57.147/6717,,IEEE SA page status: Active Standard. Published: 2018-07-19. IEEE record number: 6717.
IEEE-C57-148-2020,IEEE C57.148-2020,IEEE Standard for Control Cabinets for Power Transformers,IEEE,standard,International / North America,C57 transformers regulators and reactors - Bushings Accessories and Enclosures,2020,"Consensus IEEE power and energy standard used where specified by law, code, authority having jurisdiction, utility requirement, project specification, or contract","IEEE C57 family metadata record for transformers, reactors, insulating liquids, bushings, and related transformer equipment; this record points to the official IEEE SA page for IEEE C57.148-2020.",https://standards.ieee.org/ieee/C57.148/6793,,IEEE SA page status: Active Standard. Published: 2021-03-31. IEEE record number: 6793.
IEEE-C57-149-2024,IEEE C57.149-2024,IEEE Guide for the Application and Interpretation of Frequency Response Analysis for Oil-Immersed Transformers,IEEE,guide,International / North America,C57 transformers regulators and reactors - Liquid-Immersed Transformers,2024,"Consensus IEEE power and energy standard used where specified by law, code, authority having jurisdiction, utility requirement, project specification, or contract","IEEE C57 family metadata record for transformers, reactors, insulating liquids, bushings, and related transformer equipment; this record points to the official IEEE SA page for IEEE C57.149-2024.",https://standards.ieee.org/ieee/C57.149/7354,,IEEE SA page status: Active Standard. Published: 2025-02-28. IEEE record number: 7354.
IEEE-C57-150-2023,IEEE C57.150-2023,IEEE Guide for the Transportation of Transformers and Reactors Rated 10 000 kVA or Higher,IEEE,guide,International / North America,C57 transformers regulators and reactors - Specialty Transformers Reactors and Regulators,2023,"Consensus IEEE power and energy standard used where specified by law, code, authority having jurisdiction, utility requirement, project specification, or contract","IEEE C57 family metadata record for transformers, reactors, insulating liquids, bushings, and related transformer equipment; this record points to the official IEEE SA page for IEEE C57.150-2023.",https://standards.ieee.org/ieee/C57.150/7004,,IEEE SA page status: Active Standard. Published: 2024-03-29. IEEE record number: 7004.
IEEE-C57-152-2025,IEEE C57.152-2025,"IEEE Guide for Diagnostic Field Testing of Liquid-Filled Power Transformers, Regulators, and Reactors",IEEE,guide,International / North America,C57 transformers regulators and reactors - Test Codes and Methods,2025,"Consensus IEEE power and energy standard used where specified by law, code, authority having jurisdiction, utility requirement, project specification, or contract","IEEE C57 family metadata record for transformers, reactors, insulating liquids, bushings, and related transformer equipment; this record points to the official IEEE SA page for IEEE C57.152-2025.",https://standards.ieee.org/ieee/C57.152/7662,,IEEE SA page status: Active Standard. Published: 2026-06-02. IEEE record number: 7662.
IEEE-C57-154-2022,IEEE C57.154-2022,IEEE Standard for Liquid-Immersed Transformers Designed to Operate at Temperatures Above Conventional Limits Using High- Temperature Insulation Systems,IEEE,standard,International / North America,C57 transformers regulators and reactors - Liquid-Immersed Transformers,2022,"Consensus IEEE power and energy standard used where specified by law, code, authority having jurisdiction, utility requirement, project specification, or contract","IEEE C57 family metadata record for transformers, reactors, insulating liquids, bushings, and related transformer equipment; this record points to the official IEEE SA page for IEEE C57.154-2022.",https://standards.ieee.org/ieee/C57.154/7418,,IEEE SA page status: Active Standard. Published: 2022-08-18. IEEE record number: 7418.
IEEE-C57-156-2016,IEEE C57.156-2016,IEEE Guide for Tank Rupture Mitigation of Liquid-Immersed Power Transformers and Reactors,IEEE,guide,International / North America,C57 transformers regulators and reactors - Liquid-Immersed Transformers,2016,"Consensus IEEE power and energy standard used where specified by law, code, authority having jurisdiction, utility requirement, project specification, or contract","IEEE C57 family metadata record for transformers, reactors, insulating liquids, bushings, and related transformer equipment; this record points to the official IEEE SA page for IEEE C57.156-2016.",https://standards.ieee.org/ieee/C57.156/5258,,IEEE SA page status: Active Standard. Published: 2016-12-21. IEEE record number: 5258.
IEEE-C57-158-2017,IEEE C57.158-2017,IEEE Guide for the Application of Tertiary and Stabilizing Windings in Power Transformers,IEEE,guide,International / North America,C57 transformers regulators and reactors - General Transformer Requirements,2017,"Consensus IEEE power and energy standard used where specified by law, code, authority having jurisdiction, utility requirement, project specification, or contract","IEEE C57 family metadata record for transformers, reactors, insulating liquids, bushings, and related transformer equipment; this record points to the official IEEE SA page for IEEE C57.158-2017.",https://standards.ieee.org/ieee/C57.158/5470,,IEEE SA page status: Active Standard. Published: 2018-04-27. IEEE record number: 5470.
IEEE-C57-159-2016,IEEE C57.159-2016,IEEE Guide on Transformers for Application in Distributed Photovoltaic (DPV) Power Generation Systems,IEEE,guide,International / North America,C57 transformers regulators and reactors - General Transformer Requirements,2016,"Consensus IEEE power and energy standard used where specified by law, code, authority having jurisdiction, utility requirement, project specification, or contract","IEEE C57 family metadata record for transformers, reactors, insulating liquids, bushings, and related transformer equipment; this record points to the official IEEE SA page for IEEE C57.159-2016.",https://standards.ieee.org/ieee/C57.159/5491,,IEEE SA page status: Active Standard. Published: 2016-11-03. IEEE record number: 5491.
IEEE-C57-160-2023,IEEE C57.160-2023,IEEE Guide for the Electrical Measurement of Partial Discharges in High Voltage Bushings and Instrument Transformers,IEEE,guide,International / North America,C57 transformers regulators and reactors - Test Codes and Methods,2023,"Consensus IEEE power and energy standard used where specified by law, code, authority having jurisdiction, utility requirement, project specification, or contract","IEEE C57 family metadata record for transformers, reactors, insulating liquids, bushings, and related transformer equipment; this record points to the official IEEE SA page for IEEE C57.160-2023.",https://standards.ieee.org/ieee/C57.160/7080,,IEEE SA page status: Active Standard. Published: 2024-08-07. IEEE record number: 7080.
IEEE-C57-161-2018,IEEE C57.161-2018,IEEE Guide for Dielectric Frequency Response Test,IEEE,guide,International / North America,C57 transformers regulators and reactors - Test Codes and Methods,2018,"Consensus IEEE power and energy standard used where specified by law, code, authority having jurisdiction, utility requirement, project specification, or contract","IEEE C57 family metadata record for transformers, reactors, insulating liquids, bushings, and related transformer equipment; this record points to the official IEEE SA page for IEEE C57.161-2018.",https://standards.ieee.org/ieee/C57.161/5760,,IEEE SA page status: Active Standard. Published: 2018-11-20. IEEE record number: 5760.
IEEE-C57-162-2025,IEEE C57.162-2025,IEEE Guide for the Interpretation of Moisture Related Parameters in Liquid Immersed Transformers and Reactors,IEEE,guide,International / North America,C57 transformers regulators and reactors - Specialty Transformers Reactors and Regulators,2025,"Consensus IEEE power and energy standard used where specified by law, code, authority having jurisdiction, utility requirement, project specification, or contract","IEEE C57 family metadata record for transformers, reactors, insulating liquids, bushings, and related transformer equipment; this record points to the official IEEE SA page for IEEE C57.162-2025.",https://standards.ieee.org/ieee/C57.162/10520,,IEEE SA page status: Active Standard. Published: 2026-07-20. IEEE record number: 10520.
IEEE-C57-163-2023,IEEE C57.163-2023,IEEE Guide for Establishing Power Transformer Capability while under Geomagnetic Disturbances,IEEE,guide,International / North America,C57 transformers regulators and reactors - General Transformer Requirements,2023,"Consensus IEEE power and energy standard used where specified by law, code, authority having jurisdiction, utility requirement, project specification, or contract","IEEE C57 family metadata record for transformers, reactors, insulating liquids, bushings, and related transformer equipment; this record points to the official IEEE SA page for IEEE C57.163-2023.",https://standards.ieee.org/ieee/C57.163/10203,,IEEE SA page status: Active Standard. Published: 2024-02-12. IEEE record number: 10203.
IEEE-C57-164-2021,IEEE C57.164-2021,"IEEE Guide for Establishing Short-Circuit Withstand Capabilities of Liquid-Filled Power Transformers, Regulators, and Reactors",IEEE,guide,International / North America,C57 transformers regulators and reactors - Insulation Thermal and Mechanical Performance,2021,"Consensus IEEE power and energy standard used where specified by law, code, authority having jurisdiction, utility requirement, project specification, or contract","IEEE C57 family metadata record for transformers, reactors, insulating liquids, bushings, and related transformer equipment; this record points to the official IEEE SA page for IEEE C57.164-2021.",https://standards.ieee.org/ieee/C57.164/6804,,IEEE SA page status: Active Standard. Published: 2022-03-11. IEEE record number: 6804.
IEEE-C57-165-2024,IEEE C57.165-2024,IEEE Guide for Temperature Measurements for Liquid-Immersed Transformers and Reactors,IEEE,guide,International / North America,C57 transformers regulators and reactors - Test Codes and Methods,2024,"Consensus IEEE power and energy standard used where specified by law, code, authority having jurisdiction, utility requirement, project specification, or contract","IEEE C57 family metadata record for transformers, reactors, insulating liquids, bushings, and related transformer equipment; this record points to the official IEEE SA page for IEEE C57.165-2024.",https://standards.ieee.org/ieee/C57.165/6992,,IEEE SA page status: Active Standard. Published: 2025-02-06. IEEE record number: 6992.
IEEE-C57-166-2026,IEEE C57.166-2026,IEEE Approved Draft Guide for Acceptance and Maintenance of Insulating Liquids in Transformers and Related Equipment,IEEE,guide,International / North America,C57 transformers regulators and reactors - Liquid-Immersed Transformers,2026,"Consensus IEEE power and energy standard used where specified by law, code, authority having jurisdiction, utility requirement, project specification, or contract","IEEE C57 family metadata record for transformers, reactors, insulating liquids, bushings, and related transformer equipment; this record points to the official IEEE SA page for IEEE C57.166-2026.",https://standards.ieee.org/ieee/C57.166/7264,,IEEE SA page status: Active Standard. IEEE record number: 7264.
IEEE-C57-167-2023,IEEE C57.167-2023,IEEE Guide for Monitoring Distribution Transformers,IEEE,guide,International / North America,C57 transformers regulators and reactors - Distribution Transformers,2023,"Consensus IEEE power and energy standard used where specified by law, code, authority having jurisdiction, utility requirement, project specification, or contract","IEEE C57 family metadata record for transformers, reactors, insulating liquids, bushings, and related transformer equipment; this record points to the official IEEE SA page for IEEE C57.167-2023.",https://standards.ieee.org/ieee/C57.167/7342,,IEEE SA page status: Active Standard. Published: 2023-06-30. IEEE record number: 7342.
IEEE-C57-168-2023,IEEE C57.168-2023,"IEEE Guide for Low-Frequency Dielectric Testing for Distribution, Power, and Regulating Transformers",IEEE,guide,International / North America,C57 transformers regulators and reactors - Test Codes and Methods,2023,"Consensus IEEE power and energy standard used where specified by law, code, authority having jurisdiction, utility requirement, project specification, or contract","IEEE C57 family metadata record for transformers, reactors, insulating liquids, bushings, and related transformer equipment; this record points to the official IEEE SA page for IEEE C57.168-2023.",https://standards.ieee.org/ieee/C57.168/7343,,IEEE SA page status: Active Standard. Published: 2023-10-30. IEEE record number: 7343.
IEEE-C57-169-2023,IEEE C57.169-2023,IEEE Guide for Determination of Maximum Winding Temperature Rise in Liquid-Immersed Transformers,IEEE,guide,International / North America,C57 transformers regulators and reactors - Liquid-Immersed Transformers,2023,"Consensus IEEE power and energy standard used where specified by law, code, authority having jurisdiction, utility requirement, project specification, or contract","IEEE C57 family metadata record for transformers, reactors, insulating liquids, bushings, and related transformer equipment; this record points to the official IEEE SA page for IEEE C57.169-2023.",https://standards.ieee.org/ieee/C57.169/7584,,IEEE SA page status: Active Standard. Published: 2023-06-30. IEEE record number: 7584.
IEEE-C57-170-2025,IEEE C57.170-2025,"IEEE Guide for the Condition Assessment of Liquid Immersed Transformers, Reactors, and Their Components",IEEE,guide,International / North America,C57 transformers regulators and reactors - Specialty Transformers Reactors and Regulators,2025,"Consensus IEEE power and energy standard used where specified by law, code, authority having jurisdiction, utility requirement, project specification, or contract","IEEE C57 family metadata record for transformers, reactors, insulating liquids, bushings, and related transformer equipment; this record points to the official IEEE SA page for IEEE C57.170-2025.",https://standards.ieee.org/ieee/C57.170/7694,,IEEE SA page status: Active Standard. Published: 2026-02-27. IEEE record number: 7694.
IEEE-C37-1-2-2025,IEEE C37.1.2-2025,IEEE Guide for Databases Used in Utility Automation Systems,IEEE,guide,International / North America,C37 switchgear and protection equipment - General Switchgear and Protection Requirements,2025,"Consensus IEEE power and energy standard used where specified by law, code, authority having jurisdiction, utility requirement, project specification, or contract","IEEE C37 family metadata record for switchgear, circuit breakers, relays, reclosers, and protection equipment; this record points to the official IEEE SA page for IEEE C37.1.2-2025.",https://standards.ieee.org/ieee/C37.1.2/10455,,IEEE SA page status: Active Standard. Published: 2026-02-27. IEEE record number: 10455.
IEEE-C37-1-3-2025,IEEE C37.1.3-2025,IEEE Recommended Practice for Human Machine Interfaces (HMIs) Used with Electric Utility Automation Systems,IEEE,recommended_practice,International / North America,C37 switchgear and protection equipment - General Switchgear and Protection Requirements,2025,"Consensus IEEE power and energy standard used where specified by law, code, authority having jurisdiction, utility requirement, project specification, or contract","IEEE C37 family metadata record for switchgear, circuit breakers, relays, reclosers, and protection equipment; this record points to the official IEEE SA page for IEEE C37.1.3-2025.",https://standards.ieee.org/ieee/C37.1.3/7550,,IEEE SA page status: Active Standard. Published: 2025-10-31. IEEE record number: 7550.
IEEE-C37-2-2022,IEEE C37.2-2022,"IEEE Standard for Electrical Power System Device Function Numbers, Acronyms, and Contact Designations",IEEE,standard,International / North America,C37 switchgear and protection equipment - General Switchgear and Protection Requirements,2022,"Consensus IEEE power and energy standard used where specified by law, code, authority having jurisdiction, utility requirement, project specification, or contract","IEEE C37 family metadata record for switchgear, circuit breakers, relays, reclosers, and protection equipment; this record points to the official IEEE SA page for IEEE C37.2-2022.",https://standards.ieee.org/ieee/C37.2/6043,,IEEE SA page status: Active Standard. Published: 2022-12-14. IEEE record number: 6043.
IEEE-C37-04-2018,IEEE C37.04-2018,IEEE Standard for Ratings and Requirements for AC High-Voltage Circuit Breakers with Rated Maximum Voltage Above 1000 V,IEEE,standard,International / North America,C37 switchgear and protection equipment - Definitions Ratings and Reference,2018,"Consensus IEEE power and energy standard used where specified by law, code, authority having jurisdiction, utility requirement, project specification, or contract","IEEE C37 family metadata record for switchgear, circuit breakers, relays, reclosers, and protection equipment; this record points to the official IEEE SA page for IEEE C37.04-2018.",https://standards.ieee.org/ieee/C37.04/5357,,IEEE SA page status: Active Standard. Published: 2019-05-31. IEEE record number: 5357.
IEEE-C37-04-2018-COR-1-2021,IEEE C37.04-2018/Cor 1-2021,IEEE Standard for Ratings and Requirements for AC High-Voltage Circuit Breakers with Rated Maximum Voltage Above 1000 V - Corrigendum 1,IEEE,corrigendum,International / North America,C37 switchgear and protection equipment - Definitions Ratings and Reference,2018,"Consensus IEEE power and energy standard used where specified by law, code, authority having jurisdiction, utility requirement, project specification, or contract","IEEE C37 family metadata record for switchgear, circuit breakers, relays, reclosers, and protection equipment; this record points to the official IEEE SA page for IEEE C37.04-2018/Cor 1-2021.",https://standards.ieee.org/ieee/C37.04-2018_Cor_1/10358,,IEEE SA page status: Active Standard. Published: 2021-09-24. IEEE record number: 10358.
IEEE-C37-04A-2025,IEEE C37.04a-2025,IEEE Standard for Ratings and Requirements for AC High-Voltage Circuit Breakers with Rated Maximum Voltage Above 1000 V Amendment 1: Changes to Construction Requirements and Clarification of Certain Related Required Capabilities,IEEE,amendment,International / North America,C37 switchgear and protection equipment - Definitions Ratings and Reference,2025,"Consensus IEEE power and energy standard used where specified by law, code, authority having jurisdiction, utility requirement, project specification, or contract","IEEE C37 family metadata record for switchgear, circuit breakers, relays, reclosers, and protection equipment; this record points to the official IEEE SA page for IEEE C37.04a-2025.",https://standards.ieee.org/ieee/C37.04a/10796,,IEEE SA page status: Active Standard. Published: 2025-09-24. IEEE record number: 10796.
IEEE-C37-06-1-2025,IEEE C37.06.1-2025,IEEE Recommended Practice for Preferred Ratings for High-Voltage (>1000 V) AC Circuit Breakers Designated Definite Purpose for Fast Transient Recovery Voltage Rise Times,IEEE,recommended_practice,International / North America,C37 switchgear and protection equipment - Definitions Ratings and Reference,2025,"Consensus IEEE power and energy standard used where specified by law, code, authority having jurisdiction, utility requirement, project specification, or contract","IEEE C37 family metadata record for switchgear, circuit breakers, relays, reclosers, and protection equipment; this record points to the official IEEE SA page for IEEE C37.06.1-2025.",https://standards.ieee.org/ieee/C37.06.1/11802,,IEEE SA page status: Active Standard. Published: 2026-06-19. IEEE record number: 11802.
IEEE-C37-09-2018,IEEE C37.09-2018,IEEE Standard Test Procedures for AC High-Voltage Circuit Breakers with Rated Maximum Voltage Above 1000 V,IEEE,standard,International / North America,C37 switchgear and protection equipment - Circuit Breakers,2018,"Consensus IEEE power and energy standard used where specified by law, code, authority having jurisdiction, utility requirement, project specification, or contract","IEEE C37 family metadata record for switchgear, circuit breakers, relays, reclosers, and protection equipment; this record points to the official IEEE SA page for IEEE C37.09-2018.",https://standards.ieee.org/ieee/C37.09/5676,,IEEE SA page status: Active Standard. Published: 2019-04-11. IEEE record number: 5676.
IEEE-C37-09-2018-COR-1-2021,IEEE C37.09-2018/Cor 1-2021,IEEE Standard Test Procedure for AC High-Voltage Circuit Breakers with Rated Maximum Voltage Above 1000 V - Corrigendum 1,IEEE,corrigendum,International / North America,C37 switchgear and protection equipment - Circuit Breakers,2018,"Consensus IEEE power and energy standard used where specified by law, code, authority having jurisdiction, utility requirement, project specification, or contract","IEEE C37 family metadata record for switchgear, circuit breakers, relays, reclosers, and protection equipment; this record points to the official IEEE SA page for IEEE C37.09-2018/Cor 1-2021.",https://standards.ieee.org/ieee/C37.09-2018_Cor_1/10458,,IEEE SA page status: Active Standard. Published: 2021-06-03. IEEE record number: 10458.
IEEE-C37-09A-2025,IEEE C37.09a-2025,IEEE Standard Test Procedures for AC High-Voltage Circuit Breakers with Rated Maximum Voltage Above 1000 V Amendment 1: Modifications to test procedures,IEEE,amendment,International / North America,C37 switchgear and protection equipment - Circuit Breakers,2025,"Consensus IEEE power and energy standard used where specified by law, code, authority having jurisdiction, utility requirement, project specification, or contract","IEEE C37 family metadata record for switchgear, circuit breakers, relays, reclosers, and protection equipment; this record points to the official IEEE SA page for IEEE C37.09a-2025.",https://standards.ieee.org/ieee/C37.09a/10797,,IEEE SA page status: Active Standard. Published: 2025-10-09. IEEE record number: 10797.
IEEE-C37-010-2016,IEEE C37.010-2016,IEEE Application Guide for AC High-Voltage Circuit Breakers > 1000 Vac Rated on a Symmetrical Current Basis,IEEE,guide,International / North America,C37 switchgear and protection equipment - Definitions Ratings and Reference,2016,"Consensus IEEE power and energy standard used where specified by law, code, authority having jurisdiction, utility requirement, project specification, or contract","IEEE C37 family metadata record for switchgear, circuit breakers, relays, reclosers, and protection equipment; this record points to the official IEEE SA page for IEEE C37.010-2016.",https://standards.ieee.org/ieee/C37.010/5807,,IEEE SA page status: Active Standard. Published: 2017-04-17. IEEE record number: 5807.
IEEE-C37-10-2025,IEEE C37.10-2025,"IEEE Approved Draft Recommended Practice for Investigation, Analysis, and Reporting of Failures of AC High-Voltage Circuit Breakers and Circuit Switchers with Rated Maximum Voltage Above 1000 V",IEEE,recommended_practice,International / North America,C37 switchgear and protection equipment - Circuit Breakers,2025,"Consensus IEEE power and energy standard used where specified by law, code, authority having jurisdiction, utility requirement, project specification, or contract","IEEE C37 family metadata record for switchgear, circuit breakers, relays, reclosers, and protection equipment; this record points to the official IEEE SA page for IEEE C37.10-2025.",https://standards.ieee.org/ieee/C37.10/11174,,IEEE SA page status: Active Standard. Published: 2026-08-10. IEEE record number: 11174.
IEEE-C37-10-1-2018,IEEE C37.10.1-2018,IEEE Guide for the Selection of Monitoring for Circuit Breakers,IEEE,guide,International / North America,C37 switchgear and protection equipment - Circuit Breakers,2018,"Consensus IEEE power and energy standard used where specified by law, code, authority having jurisdiction, utility requirement, project specification, or contract","IEEE C37 family metadata record for switchgear, circuit breakers, relays, reclosers, and protection equipment; this record points to the official IEEE SA page for IEEE C37.10.1-2018.",https://standards.ieee.org/ieee/C37.10.1/5592,,IEEE SA page status: Active Standard. Published: 2019-05-09. IEEE record number: 5592.
IEEE-C37-011-2019,IEEE C37.011-2019,IEEE Guide for the Application of Transient Recovery Voltage for AC High-Voltage Circuit Breakers with Rated Maximum Voltage above 1000 V,IEEE,guide,International / North America,C37 switchgear and protection equipment - Circuit Breakers,2019,"Consensus IEEE power and energy standard used where specified by law, code, authority having jurisdiction, utility requirement, project specification, or contract","IEEE C37 family metadata record for switchgear, circuit breakers, relays, reclosers, and protection equipment; this record points to the official IEEE SA page for IEEE C37.011-2019.",https://standards.ieee.org/ieee/C37.011/7104,,IEEE SA page status: Active Standard. Published: 2019-05-30. IEEE record number: 7104.
IEEE-C37-11-2022,IEEE C37.11-2022,IEEE Standard Requirements for Electrical Control for AC High-Voltage (> 1000 V) Circuit Breakers,IEEE,standard,International / North America,C37 switchgear and protection equipment - Circuit Breakers,2022,"Consensus IEEE power and energy standard used where specified by law, code, authority having jurisdiction, utility requirement, project specification, or contract","IEEE C37 family metadata record for switchgear, circuit breakers, relays, reclosers, and protection equipment; this record points to the official IEEE SA page for IEEE C37.11-2022.",https://standards.ieee.org/ieee/C37.11/7509,,IEEE SA page status: Active Standard. Published: 2023-05-03. IEEE record number: 7509.
IEEE-C37-12-2018,IEEE C37.12-2018,IEEE Guide for Specifications of High-Voltage Circuit Breakers (over 1000 V),IEEE,guide,International / North America,C37 switchgear and protection equipment - Circuit Breakers,2018,"Consensus IEEE power and energy standard used where specified by law, code, authority having jurisdiction, utility requirement, project specification, or contract","IEEE C37 family metadata record for switchgear, circuit breakers, relays, reclosers, and protection equipment; this record points to the official IEEE SA page for IEEE C37.12-2018.",https://standards.ieee.org/ieee/C37.12/6042,,IEEE SA page status: Active Standard. Published: 2019-04-17. IEEE record number: 6042.
IEEE-C37-012-2022,IEEE C37.012-2022,IEEE Guide for the Application of Capacitive Current Switching for AC High-Voltage Circuit Breakers Above 1000 V,IEEE,guide,International / North America,C37 switchgear and protection equipment - Circuit Breakers,2022,"Consensus IEEE power and energy standard used where specified by law, code, authority having jurisdiction, utility requirement, project specification, or contract","IEEE C37 family metadata record for switchgear, circuit breakers, relays, reclosers, and protection equipment; this record points to the official IEEE SA page for IEEE C37.012-2022.",https://standards.ieee.org/ieee/C37.012/10874,,IEEE SA page status: Active Standard. Published: 2023-01-20. IEEE record number: 10874.
IEEE-C37-12-1-2018,IEEE C37.12.1-2018,IEEE Recommended Practice for Instruction Manual Content of AC High-Voltage Circuit Breakers above 1000 V,IEEE,recommended_practice,International / North America,C37 switchgear and protection equipment - Circuit Breakers,2018,"Consensus IEEE power and energy standard used where specified by law, code, authority having jurisdiction, utility requirement, project specification, or contract","IEEE C37 family metadata record for switchgear, circuit breakers, relays, reclosers, and protection equipment; this record points to the official IEEE SA page for IEEE C37.12.1-2018.",https://standards.ieee.org/ieee/C37.12.1/7423,,IEEE SA page status: Active Standard. Published: 2019-04-16. IEEE record number: 7423.
IEEE-C37-13-2024,IEEE C37.13-2024,IEEE Standard for Low-Voltage AC (1058 V and Below) Power Circuit Breakers Used in Enclosures,IEEE,standard,International / North America,C37 switchgear and protection equipment - Circuit Breakers,2024,"Consensus IEEE power and energy standard used where specified by law, code, authority having jurisdiction, utility requirement, project specification, or contract","IEEE C37 family metadata record for switchgear, circuit breakers, relays, reclosers, and protection equipment; this record points to the official IEEE SA page for IEEE C37.13-2024.",https://standards.ieee.org/ieee/C37.13/7712,,IEEE SA page status: Active Standard. Published: 2024-12-20. IEEE record number: 7712.
IEEE-C37-13-1-2025,IEEE C37.13.1-2025,IEEE Standard for Definite-Purpose Switching Devices for Use in Metal-Enclosed Low-Voltage (600 Vac and Below) Power Circuit Breaker Switchgear,IEEE,standard,International / North America,C37 switchgear and protection equipment - Circuit Breakers,2025,"Consensus IEEE power and energy standard used where specified by law, code, authority having jurisdiction, utility requirement, project specification, or contract","IEEE C37 family metadata record for switchgear, circuit breakers, relays, reclosers, and protection equipment; this record points to the official IEEE SA page for IEEE C37.13.1-2025.",https://standards.ieee.org/ieee/C37.13.1/11205,,IEEE SA page status: Active Standard. Published: 2026-02-11. IEEE record number: 11205.
IEEE-C37-14-2025,IEEE C37.14-2025,IEEE Standard for Low-Voltage DC (3200 V and below) Power Circuit Breakers Used in Enclosures,IEEE,standard,International / North America,C37 switchgear and protection equipment - Circuit Breakers,2025,"Consensus IEEE power and energy standard used where specified by law, code, authority having jurisdiction, utility requirement, project specification, or contract","IEEE C37 family metadata record for switchgear, circuit breakers, relays, reclosers, and protection equipment; this record points to the official IEEE SA page for IEEE C37.14-2025.",https://standards.ieee.org/ieee/C37.14/11175,,IEEE SA page status: Active Standard. Published: 2026-08-07. IEEE record number: 11175.
IEEE-C37-015-2017,IEEE C37.015-2017,IEEE Guide for the Application of Shunt Reactor Switching,IEEE,guide,International / North America,C37 switchgear and protection equipment - General Switchgear and Protection Requirements,2017,"Consensus IEEE power and energy standard used where specified by law, code, authority having jurisdiction, utility requirement, project specification, or contract","IEEE C37 family metadata record for switchgear, circuit breakers, relays, reclosers, and protection equipment; this record points to the official IEEE SA page for IEEE C37.015-2017.",https://standards.ieee.org/ieee/C37.015/6178,,IEEE SA page status: Active Standard. Published: 2018-03-16. IEEE record number: 6178.
IEEE-C37-016-2018,IEEE C37.016-2018,IEEE Standard for AC High Voltage Circuit Switchers Rated 15.5 kV through 245 kV,IEEE,standard,International / North America,C37 switchgear and protection equipment - General Switchgear and Protection Requirements,2018,"Consensus IEEE power and energy standard used where specified by law, code, authority having jurisdiction, utility requirement, project specification, or contract","IEEE C37 family metadata record for switchgear, circuit breakers, relays, reclosers, and protection equipment; this record points to the official IEEE SA page for IEEE C37.016-2018.",https://standards.ieee.org/ieee/C37.016/6011,,IEEE SA page status: Active Standard. Published: 2019-02-14. IEEE record number: 6011.
IEEE-C37-016-2018-COR-1-2021,IEEE C37.016-2018/Cor 1-2021,IEEE Standard for AC High Voltage Circuit Switchers 15.5 kV through 245 kV - Corrigendum 1,IEEE,corrigendum,International / North America,C37 switchgear and protection equipment - General Switchgear and Protection Requirements,2018,"Consensus IEEE power and energy standard used where specified by law, code, authority having jurisdiction, utility requirement, project specification, or contract","IEEE C37 family metadata record for switchgear, circuit breakers, relays, reclosers, and protection equipment; this record points to the official IEEE SA page for IEEE C37.016-2018/Cor 1-2021.",https://standards.ieee.org/ieee/C37.016-2018_Cor_1/10152,,IEEE SA page status: Active Standard. Published: 2022-02-11. IEEE record number: 10152.
IEEE-C37-17-2022,IEEE C37.17-2022,IEEE Standard for Trip Systems for Low-Voltage (1000 V and below) AC and General Purpose (1500 V and below) DC Power Circuit Breakers,IEEE,standard,International / North America,C37 switchgear and protection equipment - Circuit Breakers,2022,"Consensus IEEE power and energy standard used where specified by law, code, authority having jurisdiction, utility requirement, project specification, or contract","IEEE C37 family metadata record for switchgear, circuit breakers, relays, reclosers, and protection equipment; this record points to the official IEEE SA page for IEEE C37.17-2022.",https://standards.ieee.org/ieee/C37.17/7416,,IEEE SA page status: Active Standard. Published: 2023-02-17. IEEE record number: 7416.
IEEE-C37-017-2025,IEEE C37.017-2025,IEEE Standard for Bushings for High-Voltage (Over 1000 Vac) Circuit Breakers and Gas-Insulated Switchgear,IEEE,standard,International / North America,C37 switchgear and protection equipment - Circuit Breakers,2025,"Consensus IEEE power and energy standard used where specified by law, code, authority having jurisdiction, utility requirement, project specification, or contract","IEEE C37 family metadata record for switchgear, circuit breakers, relays, reclosers, and protection equipment; this record points to the official IEEE SA page for IEEE C37.017-2025.",https://standards.ieee.org/ieee/C37.017/11807,,IEEE SA page status: Active Standard. Published: 2025-11-19. IEEE record number: 11807.
IEEE-C37-20-1-2026,IEEE C37.20.1-2026,"IEEE Standard for Metal-Enclosed Low-Voltage (1000 V ac and below, 3200 V dc and below) Power Circuit Breaker Switchgear",IEEE,standard,International / North America,C37 switchgear and protection equipment - Circuit Breakers,2026,"Consensus IEEE power and energy standard used where specified by law, code, authority having jurisdiction, utility requirement, project specification, or contract","IEEE C37 family metadata record for switchgear, circuit breakers, relays, reclosers, and protection equipment; this record points to the official IEEE SA page for IEEE C37.20.1-2026.",https://standards.ieee.org/ieee/C37.20.1/10499,,IEEE SA page status: Active Standard. Published: 2026-07-30. IEEE record number: 10499.
IEEE-C37-20-2-2025,IEEE C37.20.2-2025,IEEE Standard for Metal-Clad Switchgear,IEEE,standard,International / North America,C37 switchgear and protection equipment - Switchgear Assemblies,2025,"Consensus IEEE power and energy standard used where specified by law, code, authority having jurisdiction, utility requirement, project specification, or contract","IEEE C37 family metadata record for switchgear, circuit breakers, relays, reclosers, and protection equipment; this record points to the official IEEE SA page for IEEE C37.20.2-2025.",https://standards.ieee.org/ieee/C37.20.2/11804,,IEEE SA page status: Active Standard. Published: 2026-06-30. IEEE record number: 11804.
IEEE-C37-20-3-2023,IEEE C37.20.3-2023,IEEE Standard for Metal-Enclosed Interrupter Switchgear Rated above 1 kV AC up to and Including 48.3 kV AC,IEEE,standard,International / North America,C37 switchgear and protection equipment - Switchgear Assemblies,2023,"Consensus IEEE power and energy standard used where specified by law, code, authority having jurisdiction, utility requirement, project specification, or contract","IEEE C37 family metadata record for switchgear, circuit breakers, relays, reclosers, and protection equipment; this record points to the official IEEE SA page for IEEE C37.20.3-2023.",https://standards.ieee.org/ieee/C37.20.3/10518,,IEEE SA page status: Active Standard. Published: 2023-09-27. IEEE record number: 10518.
IEEE-C37-20-6-2024,IEEE C37.20.6-2024,IEEE Standard for 4.76 kV to 48.3 kV Rated Ground and Test Devices Used in Enclosures,IEEE,standard,International / North America,C37 switchgear and protection equipment - Testing Monitoring and Diagnostics,2024,"Consensus IEEE power and energy standard used where specified by law, code, authority having jurisdiction, utility requirement, project specification, or contract","IEEE C37 family metadata record for switchgear, circuit breakers, relays, reclosers, and protection equipment; this record points to the official IEEE SA page for IEEE C37.20.6-2024.",https://standards.ieee.org/ieee/C37.20.6/10722,,IEEE SA page status: Active Standard. Published: 2024-09-25. IEEE record number: 10722.
IEEE-C37-20-7-2024,IEEE C37.20.7-2024,IEEE Recommended Practice for Testing Switchgear Rated Up to 52 kV for Internal Arcing Faults,IEEE,recommended_practice,International / North America,C37 switchgear and protection equipment - Switchgear Assemblies,2024,"Consensus IEEE power and energy standard used where specified by law, code, authority having jurisdiction, utility requirement, project specification, or contract","IEEE C37 family metadata record for switchgear, circuit breakers, relays, reclosers, and protection equipment; this record points to the official IEEE SA page for IEEE C37.20.7-2024.",https://standards.ieee.org/ieee/C37.20.7/11176,,IEEE SA page status: Active Standard. Published: 2025-03-07. IEEE record number: 11176.
IEEE-C37-20-9-2025,IEEE C37.20.9-2025,IEEE Standard for Metal-Enclosed Switchgear Rated 1 kV to 52 kV Incorporating Gas Insulating Systems,IEEE,standard,International / North America,C37 switchgear and protection equipment - Switchgear Assemblies,2025,"Consensus IEEE power and energy standard used where specified by law, code, authority having jurisdiction, utility requirement, project specification, or contract","IEEE C37 family metadata record for switchgear, circuit breakers, relays, reclosers, and protection equipment; this record points to the official IEEE SA page for IEEE C37.20.9-2025.",https://standards.ieee.org/ieee/C37.20.9/11805,,IEEE SA page status: Active Standard. Published: 2026-06-19. IEEE record number: 11805.
IEEE-C37-20-10-2024,IEEE C37.20.10-2024,IEEE Standard Definitions for AC (52 kV and below) and DC (3.2 kV and below) Switchgear Assemblies,IEEE,standard,International / North America,C37 switchgear and protection equipment - Definitions Ratings and Reference,2024,"Consensus IEEE power and energy standard used where specified by law, code, authority having jurisdiction, utility requirement, project specification, or contract","IEEE C37 family metadata record for switchgear, circuit breakers, relays, reclosers, and protection equipment; this record points to the official IEEE SA page for IEEE C37.20.10-2024.",https://standards.ieee.org/ieee/C37.20.10/10807,,IEEE SA page status: Active Standard. Published: 2025-06-25. IEEE record number: 10807.
IEEE-C37-21-2026,IEEE C37.21-2026,IEEE Draft Standard for Control Switchboards,IEEE,standard,International / North America,C37 switchgear and protection equipment - Switchgear Assemblies,2026,"Consensus IEEE power and energy standard used where specified by law, code, authority having jurisdiction, utility requirement, project specification, or contract","IEEE C37 family metadata record for switchgear, circuit breakers, relays, reclosers, and protection equipment; this record points to the official IEEE SA page for IEEE C37.21-2026.",https://standards.ieee.org/ieee/C37.21/11206,,IEEE SA page status: Active Standard. IEEE record number: 11206.
IEEE-C37-24-2025,IEEE C37.24-2025,IEEE Guide for Evaluating the Effect of Solar Radiation on Outdoor Switchgear,IEEE,guide,International / North America,C37 switchgear and protection equipment - Switchgear Assemblies,2025,"Consensus IEEE power and energy standard used where specified by law, code, authority having jurisdiction, utility requirement, project specification, or contract","IEEE C37 family metadata record for switchgear, circuit breakers, relays, reclosers, and protection equipment; this record points to the official IEEE SA page for IEEE C37.24-2025.",https://standards.ieee.org/ieee/C37.24/10902,,IEEE SA page status: Active Standard. Published: 2026-06-19. IEEE record number: 10902.
IEEE-C37-27-2024,IEEE C37.27-2024,IEEE Guide for Low-Voltage AC (635 V and below) Power Circuit Breakers Applied with Separately-Mounted Current-Limiting Fuses,IEEE,guide,International / North America,C37 switchgear and protection equipment - Circuit Breakers,2024,"Consensus IEEE power and energy standard used where specified by law, code, authority having jurisdiction, utility requirement, project specification, or contract","IEEE C37 family metadata record for switchgear, circuit breakers, relays, reclosers, and protection equipment; this record points to the official IEEE SA page for IEEE C37.27-2024.",https://standards.ieee.org/ieee/C37.27/11145,,IEEE SA page status: Active Standard. Published: 2024-12-13. IEEE record number: 11145.
IEEE-C37-30-1-2022,IEEE C37.30.1-2022,IEEE Standard Requirements for AC High-Voltage Air Switches Rated Above 1000 V,IEEE,standard,International / North America,C37 switchgear and protection equipment - General Switchgear and Protection Requirements,2022,"Consensus IEEE power and energy standard used where specified by law, code, authority having jurisdiction, utility requirement, project specification, or contract","IEEE C37 family metadata record for switchgear, circuit breakers, relays, reclosers, and protection equipment; this record points to the official IEEE SA page for IEEE C37.30.1-2022.",https://standards.ieee.org/ieee/C37.30.1/5983,,IEEE SA page status: Active Standard. Published: 2023-04-07. IEEE record number: 5983.
IEEE-C37-30-3-2018,IEEE C37.30.3-2018,"IEEE Standard Requirements for High-Voltage Interrupter Switches, Interrupters, or Interrupting Aids Used on or Attached to Switches Rated for Alternating Currents Above 1000 V",IEEE,standard,International / North America,C37 switchgear and protection equipment - Reclosers Sectionalizers Fuses and Interrupters,2018,"Consensus IEEE power and energy standard used where specified by law, code, authority having jurisdiction, utility requirement, project specification, or contract","IEEE C37 family metadata record for switchgear, circuit breakers, relays, reclosers, and protection equipment; this record points to the official IEEE SA page for IEEE C37.30.3-2018.",https://standards.ieee.org/ieee/C37.30.3/5422,,IEEE SA page status: Active Standard. Published: 2018-10-04. IEEE record number: 5422.
IEEE-C37-30-4-2018,IEEE C37.30.4-2018,"IEEE Standard for Test Code for Switching and Fault Making Tests for High-Voltage Interrupter Switches, Interrupters or Interrupting Aids Used on or Attached to Switches Rated for Alternating Currents Above 1000 V",IEEE,standard,International / North America,C37 switchgear and protection equipment - Reclosers Sectionalizers Fuses and Interrupters,2018,"Consensus IEEE power and energy standard used where specified by law, code, authority having jurisdiction, utility requirement, project specification, or contract","IEEE C37 family metadata record for switchgear, circuit breakers, relays, reclosers, and protection equipment; this record points to the official IEEE SA page for IEEE C37.30.4-2018.",https://standards.ieee.org/ieee/C37.30.4/5423,,IEEE SA page status: Active Standard. Published: 2018-12-07. IEEE record number: 5423.
IEEE-C37-30-5-2018,IEEE C37.30.5-2018,IEEE Standard for Definitions for AC High-Voltage Air Switches Rated Above 1000 V,IEEE,standard,International / North America,C37 switchgear and protection equipment - Definitions Ratings and Reference,2018,"Consensus IEEE power and energy standard used where specified by law, code, authority having jurisdiction, utility requirement, project specification, or contract","IEEE C37 family metadata record for switchgear, circuit breakers, relays, reclosers, and protection equipment; this record points to the official IEEE SA page for IEEE C37.30.5-2018.",https://standards.ieee.org/ieee/C37.30.5/6734,,IEEE SA page status: Active Standard. Published: 2018-09-28. IEEE record number: 6734.
IEEE-C37-30-6-2023,IEEE C37.30.6-2023,IEEE Guide for Electric Motor Operators Applied to High-Voltage Air Switches Rated Above 1000 V,IEEE,guide,International / North America,C37 switchgear and protection equipment - General Switchgear and Protection Requirements,2023,"Consensus IEEE power and energy standard used where specified by law, code, authority having jurisdiction, utility requirement, project specification, or contract","IEEE C37 family metadata record for switchgear, circuit breakers, relays, reclosers, and protection equipment; this record points to the official IEEE SA page for IEEE C37.30.6-2023.",https://standards.ieee.org/ieee/C37.30.6/7640,,IEEE SA page status: Active Standard. Published: 2023-09-29. IEEE record number: 7640.
IEEE-C37-41-2024,IEEE C37.41-2024,IEEE Standard for Design Tests and Specifications for High-Voltage (> 1000 V) Fuses and Accessories,IEEE,standard,International / North America,C37 switchgear and protection equipment - Reclosers Sectionalizers Fuses and Interrupters,2024,"Consensus IEEE power and energy standard used where specified by law, code, authority having jurisdiction, utility requirement, project specification, or contract","IEEE C37 family metadata record for switchgear, circuit breakers, relays, reclosers, and protection equipment; this record points to the official IEEE SA page for IEEE C37.41-2024.",https://standards.ieee.org/ieee/C37.41/10198,,IEEE SA page status: Active Standard. Published: 2025-07-31. IEEE record number: 10198.
IEEE-C37-45-2016,IEEE C37.45-2016,IEEE Standard for Design Test Specifications for High Voltage (> 1000 V) Distribution Class Enclosed Single-Pole Air Switches,IEEE,standard,International / North America,C37 switchgear and protection equipment - Testing Monitoring and Diagnostics,2016,"Consensus IEEE power and energy standard used where specified by law, code, authority having jurisdiction, utility requirement, project specification, or contract","IEEE C37 family metadata record for switchgear, circuit breakers, relays, reclosers, and protection equipment; this record points to the official IEEE SA page for IEEE C37.45-2016.",https://standards.ieee.org/ieee/C37.45/6179,,IEEE SA page status: Active Standard. Published: 2016-11-29. IEEE record number: 6179.
IEEE-C37-48-2020,IEEE C37.48-2020,IEEE Guide and Tutorial for the Application of High-Voltage (> 1000 V) Fuses and Accessories,IEEE,guide,International / North America,C37 switchgear and protection equipment - Reclosers Sectionalizers Fuses and Interrupters,2020,"Consensus IEEE power and energy standard used where specified by law, code, authority having jurisdiction, utility requirement, project specification, or contract","IEEE C37 family metadata record for switchgear, circuit breakers, relays, reclosers, and protection equipment; this record points to the official IEEE SA page for IEEE C37.48-2020.",https://standards.ieee.org/ieee/C37.48/6964,,IEEE SA page status: Active Standard. Published: 2020-08-28. IEEE record number: 6964.
IEEE-C37-59-2018,IEEE C37.59-2018,IEEE Standard for Requirements for Conversion of Power Switchgear Equipment,IEEE,standard,International / North America,C37 switchgear and protection equipment - Switchgear Assemblies,2018,"Consensus IEEE power and energy standard used where specified by law, code, authority having jurisdiction, utility requirement, project specification, or contract","IEEE C37 family metadata record for switchgear, circuit breakers, relays, reclosers, and protection equipment; this record points to the official IEEE SA page for IEEE C37.59-2018.",https://standards.ieee.org/ieee/C37.59/5984,,IEEE SA page status: Active Standard. Published: 2018-08-17. IEEE record number: 5984.
IEEE-C37-60-62271-111-2018,IEEE/IEC C37.60/62271-111-2018,IEC/IEEE International Standard - High-voltage switchgear and controlgear - Part 111: Automatic circuit reclosers for alternating current systems up to and including 38 kV,IEEE,standard,International / North America,C37 switchgear and protection equipment - Switchgear Assemblies,2018,"Consensus IEEE power and energy standard used where specified by law, code, authority having jurisdiction, utility requirement, project specification, or contract","IEEE C37 family metadata record for switchgear, circuit breakers, relays, reclosers, and protection equipment; this record points to the official IEEE SA page for IEEE/IEC C37.60/62271-111-2018.",https://standards.ieee.org/ieee/C37.60_62271-111/5865,,IEEE SA page status: Active Standard. Published: 2019-02-12. IEEE record number: 5865.
IEEE-C37-62-2024,IEEE C37.62-2024,"IEEE Standard for Pad-Mounted, Dry Vault, Submersible, and Overhead Fault Interrupters for Alternating Current Systems Up to and Including 38 kV",IEEE,standard,International / North America,C37 switchgear and protection equipment - Reclosers Sectionalizers Fuses and Interrupters,2024,"Consensus IEEE power and energy standard used where specified by law, code, authority having jurisdiction, utility requirement, project specification, or contract","IEEE C37 family metadata record for switchgear, circuit breakers, relays, reclosers, and protection equipment; this record points to the official IEEE SA page for IEEE C37.62-2024.",https://standards.ieee.org/ieee/C37.62/11687,,IEEE SA page status: Active Standard. Published: 2025-06-05. IEEE record number: 11687.
IEEE-C37-63-2024,IEEE C37.63-2024,"IEEE Standard Requirements for Overhead, Pad-Mounted, Dry-Vault, and Submersible Automatic Line Sectionalizers for Alternating Current Systems up to and Including 38 kV",IEEE,standard,International / North America,C37 switchgear and protection equipment - Reclosers Sectionalizers Fuses and Interrupters,2024,"Consensus IEEE power and energy standard used where specified by law, code, authority having jurisdiction, utility requirement, project specification, or contract","IEEE C37 family metadata record for switchgear, circuit breakers, relays, reclosers, and protection equipment; this record points to the official IEEE SA page for IEEE C37.63-2024.",https://standards.ieee.org/ieee/C37.63/10647,,IEEE SA page status: Active Standard. Published: 2024-08-15. IEEE record number: 10647.
IEEE-C37-66-2021,IEEE C37.66-2021,IEEE Standard Requirements for Capacitor Switches for AC Systems (1 kV to 38 kV),IEEE,standard,International / North America,C37 switchgear and protection equipment - General Switchgear and Protection Requirements,2021,"Consensus IEEE power and energy standard used where specified by law, code, authority having jurisdiction, utility requirement, project specification, or contract","IEEE C37 family metadata record for switchgear, circuit breakers, relays, reclosers, and protection equipment; this record points to the official IEEE SA page for IEEE C37.66-2021.",https://standards.ieee.org/ieee/C37.66/4937,,IEEE SA page status: Active Standard. Published: 2022-03-18. IEEE record number: 4937.
IEEE-C37-68-2023,IEEE C37.68-2023,"IEEE Standard for Design, Test, and Application Requirements for Microprocessor-Based Controls of Distribution Pad-mount, Dry Vault, Wet Vault, and Polemount Switchgear Rated Above 1 kV and Up to and Including 38 kV",IEEE,standard,International / North America,C37 switchgear and protection equipment - Switchgear Assemblies,2023,"Consensus IEEE power and energy standard used where specified by law, code, authority having jurisdiction, utility requirement, project specification, or contract","IEEE C37 family metadata record for switchgear, circuit breakers, relays, reclosers, and protection equipment; this record points to the official IEEE SA page for IEEE C37.68-2023.",https://standards.ieee.org/ieee/C37.68/11109,,IEEE SA page status: Active Standard. Published: 2024-02-22. IEEE record number: 11109.
IEEE-C37-74-2025,IEEE C37.74-2025,"IEEE Standard Requirements for Subsurface, Vault, and Pad-mounted Load-Interrupter Switchgear and Fused Load-Interrupter Switchgear for Alternating Current Systems up to and including 38 kV",IEEE,standard,International / North America,C37 switchgear and protection equipment - Switchgear Assemblies,2025,"Consensus IEEE power and energy standard used where specified by law, code, authority having jurisdiction, utility requirement, project specification, or contract","IEEE C37 family metadata record for switchgear, circuit breakers, relays, reclosers, and protection equipment; this record points to the official IEEE SA page for IEEE C37.74-2025.",https://standards.ieee.org/ieee/C37.74/10648,,IEEE SA page status: Active Standard. Published: 2026-05-06. IEEE record number: 10648.
IEEE-C37-75-2023,IEEE C37.75-2023,"IEEE Standard for Pad-Mounted, Pole-Mounted, and Submersible Switchgear Enclosures and Associated Control Enclosures--Coastal and Non-Coastal Environmental Integrity",IEEE,standard,International / North America,C37 switchgear and protection equipment - Switchgear Assemblies,2023,"Consensus IEEE power and energy standard used where specified by law, code, authority having jurisdiction, utility requirement, project specification, or contract","IEEE C37 family metadata record for switchgear, circuit breakers, relays, reclosers, and protection equipment; this record points to the official IEEE SA page for IEEE C37.75-2023.",https://standards.ieee.org/ieee/C37.75/7093,,IEEE SA page status: Active Standard. Published: 2023-07-14. IEEE record number: 7093.
IEEE-C37-81-2026,IEEE C37.81-2026,IEEE Approved Draft Guide for Seismic Qualification of Class 1E Metal-Enclosed Power Switchgear Assemblies,IEEE,guide,International / North America,C37 switchgear and protection equipment - Switchgear Assemblies,2026,"Consensus IEEE power and energy standard used where specified by law, code, authority having jurisdiction, utility requirement, project specification, or contract","IEEE C37 family metadata record for switchgear, circuit breakers, relays, reclosers, and protection equipment; this record points to the official IEEE SA page for IEEE C37.81-2026.",https://standards.ieee.org/ieee/C37.81/11332,,IEEE SA page status: Active Standard. Published: 2026-07-16. IEEE record number: 11332.
IEEE-C37-82-2025,IEEE C37.82-2025,IEEE Standard for the Qualification of Switchgear Assemblies for Class 1E Applications in Nuclear Power Generating Stations,IEEE,standard,International / North America,C37 switchgear and protection equipment - Switchgear Assemblies,2025,"Consensus IEEE power and energy standard used where specified by law, code, authority having jurisdiction, utility requirement, project specification, or contract","IEEE C37 family metadata record for switchgear, circuit breakers, relays, reclosers, and protection equipment; this record points to the official IEEE SA page for IEEE C37.82-2025.",https://standards.ieee.org/ieee/C37.82/11333,,IEEE SA page status: Active Standard. Published: 2026-06-04. IEEE record number: 11333.
IEEE-C37-90-1-2024,IEEE C37.90.1-2024,"IEEE Standard for Relays, Relay Systems, and Control Devices used for Protection and Control of Electric Power Apparatus--Surge Withstand Capability (SWC) and Electrical Fast Transient (EFT) Requirements and Tests",IEEE,standard,International / North America,C37 switchgear and protection equipment - Relays Protection and Control,2024,"Consensus IEEE power and energy standard used where specified by law, code, authority having jurisdiction, utility requirement, project specification, or contract","IEEE C37 family metadata record for switchgear, circuit breakers, relays, reclosers, and protection equipment; this record points to the official IEEE SA page for IEEE C37.90.1-2024.",https://standards.ieee.org/ieee/C37.90.1/10431,,IEEE SA page status: Active Standard. Published: 2025-10-24. IEEE record number: 10431.
IEEE-C37-90-2-2024,IEEE C37.90.2-2024,"IEEE Standard for Relays, Relay Systems, and Control Devices used for Protection and Control of Electric Power Apparatus--Radiated Electromagnetic Interference Withstand Capability Requirements and Tests",IEEE,standard,International / North America,C37 switchgear and protection equipment - Relays Protection and Control,2024,"Consensus IEEE power and energy standard used where specified by law, code, authority having jurisdiction, utility requirement, project specification, or contract","IEEE C37 family metadata record for switchgear, circuit breakers, relays, reclosers, and protection equipment; this record points to the official IEEE SA page for IEEE C37.90.2-2024.",https://standards.ieee.org/ieee/C37.90.2/10457,,IEEE SA page status: Active Standard. Published: 2025-01-31. IEEE record number: 10457.
IEEE-C37-90-3-2023,IEEE C37.90.3-2023,IEEE Standard for Electrostatic Discharge Tests for Protective Relays,IEEE,standard,International / North America,C37 switchgear and protection equipment - Relays Protection and Control,2023,"Consensus IEEE power and energy standard used where specified by law, code, authority having jurisdiction, utility requirement, project specification, or contract","IEEE C37 family metadata record for switchgear, circuit breakers, relays, reclosers, and protection equipment; this record points to the official IEEE SA page for IEEE C37.90.3-2023.",https://standards.ieee.org/ieee/C37.90.3/10432,,IEEE SA page status: Active Standard. Published: 2023-09-05. IEEE record number: 10432.
IEEE-C37-91-2021,IEEE C37.91-2021,IEEE Guide for Protecting Power Transformers,IEEE,guide,International / North America,C37 switchgear and protection equipment - General Switchgear and Protection Requirements,2021,"Consensus IEEE power and energy standard used where specified by law, code, authority having jurisdiction, utility requirement, project specification, or contract","IEEE C37 family metadata record for switchgear, circuit breakers, relays, reclosers, and protection equipment; this record points to the official IEEE SA page for IEEE C37.91-2021.",https://standards.ieee.org/ieee/C37.91/5904,,IEEE SA page status: Active Standard. Published: 2021-06-29. IEEE record number: 5904.
IEEE-C37-92-2023,IEEE C37.92-2023,IEEE Standard for Low-Energy Analog Interfaces between Protective Relays and Power System Signal Sources,IEEE,standard,International / North America,C37 switchgear and protection equipment - Relays Protection and Control,2023,"Consensus IEEE power and energy standard used where specified by law, code, authority having jurisdiction, utility requirement, project specification, or contract","IEEE C37 family metadata record for switchgear, circuit breakers, relays, reclosers, and protection equipment; this record points to the official IEEE SA page for IEEE C37.92-2023.",https://standards.ieee.org/ieee/C37.92/10827,,IEEE SA page status: Active Standard. Published: 2023-04-25. IEEE record number: 10827.
IEEE-C37-94-2017,IEEE C37.94-2017,IEEE Standard for N times 64 kbps Optical Fiber Interfaces between Teleprotection and Multiplexer Equipment,IEEE,standard,International / North America,C37 switchgear and protection equipment - Relays Protection and Control,2017,"Consensus IEEE power and energy standard used where specified by law, code, authority having jurisdiction, utility requirement, project specification, or contract","IEEE C37 family metadata record for switchgear, circuit breakers, relays, reclosers, and protection equipment; this record points to the official IEEE SA page for IEEE C37.94-2017.",https://standards.ieee.org/ieee/C37.94/5946,,IEEE SA page status: Active Standard. Published: 2017-07-21. IEEE record number: 5946.
IEEE-C37-95-2026,IEEE C37.95-2026,IEEE Guide for Protective Relaying of Utility-Consumer Interconnections,IEEE,guide,International / North America,C37 switchgear and protection equipment - Relays Protection and Control,2026,"Consensus IEEE power and energy standard used where specified by law, code, authority having jurisdiction, utility requirement, project specification, or contract","IEEE C37 family metadata record for switchgear, circuit breakers, relays, reclosers, and protection equipment; this record points to the official IEEE SA page for IEEE C37.95-2026.",https://standards.ieee.org/ieee/C37.95/10497,,IEEE SA page status: Active Standard. Published: 2026-08-21. IEEE record number: 10497.
IEEE-C37-98-2023,IEEE C37.98-2023,IEEE Standard for Seismic Qualification Testing of Protective Relays and Auxiliaries for Nuclear Facilities,IEEE,standard,International / North America,C37 switchgear and protection equipment - Relays Protection and Control,2023,"Consensus IEEE power and energy standard used where specified by law, code, authority having jurisdiction, utility requirement, project specification, or contract","IEEE C37 family metadata record for switchgear, circuit breakers, relays, reclosers, and protection equipment; this record points to the official IEEE SA page for IEEE C37.98-2023.",https://standards.ieee.org/ieee/C37.98/10494,,IEEE SA page status: Active Standard. Published: 2023-09-08. IEEE record number: 10494.
IEEE-C37-100-1-2018,IEEE C37.100.1-2018,IEEE Standard of Common Requirements for High Voltage Power Switchgear Rated Above 1000 V,IEEE,standard,International / North America,C37 switchgear and protection equipment - Switchgear Assemblies,2018,"Consensus IEEE power and energy standard used where specified by law, code, authority having jurisdiction, utility requirement, project specification, or contract","IEEE C37 family metadata record for switchgear, circuit breakers, relays, reclosers, and protection equipment; this record points to the official IEEE SA page for IEEE C37.100.1-2018.",https://standards.ieee.org/ieee/C37.100.1/7364,,IEEE SA page status: Active Standard. Published: 2019-02-08. IEEE record number: 7364.
IEEE-C37-100-2-2018,IEEE C37.100.2-2018,IEEE Standard for Common Requirements for Testing of AC Capacitive Current Switching Devices over 1000 V,IEEE,standard,International / North America,C37 switchgear and protection equipment - Testing Monitoring and Diagnostics,2018,"Consensus IEEE power and energy standard used where specified by law, code, authority having jurisdiction, utility requirement, project specification, or contract","IEEE C37 family metadata record for switchgear, circuit breakers, relays, reclosers, and protection equipment; this record points to the official IEEE SA page for IEEE C37.100.2-2018.",https://standards.ieee.org/ieee/C37.100.2/4920,,IEEE SA page status: Active Standard. Published: 2018-05-18. IEEE record number: 4920.
IEEE-C37-100-5-2018,IEEE C37.100.5-2018,"IEEE Standard for Definitions of High-Voltage Circuit Breakers Above 1000 Vac and 3200 Vdc, and Reclosers and Other Distribution Equipment from 1000 Vac to 38 000 Vac",IEEE,standard,International / North America,C37 switchgear and protection equipment - Definitions Ratings and Reference,2018,"Consensus IEEE power and energy standard used where specified by law, code, authority having jurisdiction, utility requirement, project specification, or contract","IEEE C37 family metadata record for switchgear, circuit breakers, relays, reclosers, and protection equipment; this record points to the official IEEE SA page for IEEE C37.100.5-2018.",https://standards.ieee.org/ieee/C37.100.5/6789,,IEEE SA page status: Active Standard. Published: 2018-04-06. IEEE record number: 6789.
IEEE-C37-100-6-2025,IEEE C37.100.6-2025,IEEE Approved Draft Guide for Determination of Test Specimens for Seismic Qualification for Building Code Applications,IEEE,guide,International / North America,C37 switchgear and protection equipment - Testing Monitoring and Diagnostics,2025,"Consensus IEEE power and energy standard used where specified by law, code, authority having jurisdiction, utility requirement, project specification, or contract","IEEE C37 family metadata record for switchgear, circuit breakers, relays, reclosers, and protection equipment; this record points to the official IEEE SA page for IEEE C37.100.6-2025.",https://standards.ieee.org/ieee/C37.100.6/7494,,IEEE SA page status: Active Standard. Published: 2026-06-26. IEEE record number: 7494.
IEEE-C37-100-7-2023,IEEE C37.100.7-2023,IEEE Guide for the Evaluation of Performance Characteristics of Non-Sulfur Hexafluoride Insulation and Arc Quenching Media for Switchgear Rated Above 1000 V,IEEE,guide,International / North America,C37 switchgear and protection equipment - Switchgear Assemblies,2023,"Consensus IEEE power and energy standard used where specified by law, code, authority having jurisdiction, utility requirement, project specification, or contract","IEEE C37 family metadata record for switchgear, circuit breakers, relays, reclosers, and protection equipment; this record points to the official IEEE SA page for IEEE C37.100.7-2023.",https://standards.ieee.org/ieee/C37.100.7/7400,,IEEE SA page status: Active Standard. Published: 2024-03-22. IEEE record number: 7400.
IEEE-C37-102-2023,IEEE C37.102-2023,IEEE Guide for AC Generator Protection,IEEE,guide,International / North America,C37 switchgear and protection equipment - Relays Protection and Control,2023,"Consensus IEEE power and energy standard used where specified by law, code, authority having jurisdiction, utility requirement, project specification, or contract","IEEE C37 family metadata record for switchgear, circuit breakers, relays, reclosers, and protection equipment; this record points to the official IEEE SA page for IEEE C37.102-2023.",https://standards.ieee.org/ieee/C37.102/7035,,IEEE SA page status: Active Standard. Published: 2024-06-28. IEEE record number: 7035.
IEEE-C37-104-2022,IEEE C37.104-2022,IEEE Guide for Automatic Reclosing on AC Distribution and Transmission Lines,IEEE,guide,International / North America,C37 switchgear and protection equipment - General Switchgear and Protection Requirements,2022,"Consensus IEEE power and energy standard used where specified by law, code, authority having jurisdiction, utility requirement, project specification, or contract","IEEE C37 family metadata record for switchgear, circuit breakers, relays, reclosers, and protection equipment; this record points to the official IEEE SA page for IEEE C37.104-2022.",https://standards.ieee.org/ieee/C37.104/7296,,IEEE SA page status: Active Standard. Published: 2022-04-28. IEEE record number: 7296.
IEEE-C37-105-2024,IEEE C37.105-2024,IEEE Standard for Qualifying Class 1E Protective Relays and Auxiliaries for Nuclear Power Generating Stations and Nuclear Facilities,IEEE,standard,International / North America,C37 switchgear and protection equipment - Relays Protection and Control,2024,"Consensus IEEE power and energy standard used where specified by law, code, authority having jurisdiction, utility requirement, project specification, or contract","IEEE C37 family metadata record for switchgear, circuit breakers, relays, reclosers, and protection equipment; this record points to the official IEEE SA page for IEEE C37.105-2024.",https://standards.ieee.org/ieee/C37.105/10495,,IEEE SA page status: Active Standard. Published: 2025-01-08. IEEE record number: 10495.
IEEE-C37-106-2022,IEEE C37.106-2022,IEEE Guide for Abnormal Frequency Protection for Power Generating Plants,IEEE,guide,International / North America,C37 switchgear and protection equipment - Relays Protection and Control,2022,"Consensus IEEE power and energy standard used where specified by law, code, authority having jurisdiction, utility requirement, project specification, or contract","IEEE C37 family metadata record for switchgear, circuit breakers, relays, reclosers, and protection equipment; this record points to the official IEEE SA page for IEEE C37.106-2022.",https://standards.ieee.org/ieee/C37.106/7414,,IEEE SA page status: Active Standard. Published: 2023-05-05. IEEE record number: 7414.
IEEE-C37-108-2021,IEEE C37.108-2021,IEEE Guide for Protection of Secondary Network Systems,IEEE,guide,International / North America,C37 switchgear and protection equipment - Relays Protection and Control,2021,"Consensus IEEE power and energy standard used where specified by law, code, authority having jurisdiction, utility requirement, project specification, or contract","IEEE C37 family metadata record for switchgear, circuit breakers, relays, reclosers, and protection equipment; this record points to the official IEEE SA page for IEEE C37.108-2021.",https://standards.ieee.org/ieee/C37.108/6675,,IEEE SA page status: Active Standard. Published: 2021-04-23. IEEE record number: 6675.
IEEE-C37-109-2023,IEEE C37.109-2023,IEEE Guide for the Protection of Shunt Reactors,IEEE,guide,International / North America,C37 switchgear and protection equipment - Relays Protection and Control,2023,"Consensus IEEE power and energy standard used where specified by law, code, authority having jurisdiction, utility requirement, project specification, or contract","IEEE C37 family metadata record for switchgear, circuit breakers, relays, reclosers, and protection equipment; this record points to the official IEEE SA page for IEEE C37.109-2023.",https://standards.ieee.org/ieee/C37.109/7684,,IEEE SA page status: Active Standard. Published: 2024-05-14. IEEE record number: 7684.
IEEE-C37-110-2023,IEEE C37.110-2023,IEEE Guide for the Application of Current Transformers Used for Protective Relaying Purposes,IEEE,guide,International / North America,C37 switchgear and protection equipment - Relays Protection and Control,2023,"Consensus IEEE power and energy standard used where specified by law, code, authority having jurisdiction, utility requirement, project specification, or contract","IEEE C37 family metadata record for switchgear, circuit breakers, relays, reclosers, and protection equipment; this record points to the official IEEE SA page for IEEE C37.110-2023.",https://standards.ieee.org/ieee/C37.110/6175,,IEEE SA page status: Active Standard. Published: 2023-05-24. IEEE record number: 6175.
IEEE-C37-112-2018,IEEE C37.112-2018,IEEE Standard for Inverse-Time Characteristics Equations for Overcurrent Relays,IEEE,standard,International / North America,C37 switchgear and protection equipment - Relays Protection and Control,2018,"Consensus IEEE power and energy standard used where specified by law, code, authority having jurisdiction, utility requirement, project specification, or contract","IEEE C37 family metadata record for switchgear, circuit breakers, relays, reclosers, and protection equipment; this record points to the official IEEE SA page for IEEE C37.112-2018.",https://standards.ieee.org/ieee/C37.112/7036,,IEEE SA page status: Active Standard. Published: 2019-02-05. IEEE record number: 7036.
IEEE-C37-113-2025,IEEE C37.113-2025,IEEE Guide for Protective Relay Applications to Transmission Lines,IEEE,guide,International / North America,C37 switchgear and protection equipment - Relays Protection and Control,2025,"Consensus IEEE power and energy standard used where specified by law, code, authority having jurisdiction, utility requirement, project specification, or contract","IEEE C37 family metadata record for switchgear, circuit breakers, relays, reclosers, and protection equipment; this record points to the official IEEE SA page for IEEE C37.113-2025.",https://standards.ieee.org/ieee/C37.113/10433,,IEEE SA page status: Active Standard. Published: 2026-05-01. IEEE record number: 10433.
IEEE-C37-116-2018,IEEE C37.116-2018,IEEE Guide for Protective Relay Application to Transmission-Line Series Capacitor Banks,IEEE,guide,International / North America,C37 switchgear and protection equipment - Relays Protection and Control,2018,"Consensus IEEE power and energy standard used where specified by law, code, authority having jurisdiction, utility requirement, project specification, or contract","IEEE C37 family metadata record for switchgear, circuit breakers, relays, reclosers, and protection equipment; this record points to the official IEEE SA page for IEEE C37.116-2018.",https://standards.ieee.org/ieee/C37.116/5837,,IEEE SA page status: Active Standard. Published: 2018-10-19. IEEE record number: 5837.
IEEE-C37-118-2-2024,IEEE C37.118.2-2024,IEEE Standard for Synchrophasor Data Transfer for Power Systems,IEEE,standard,International / North America,C37 switchgear and protection equipment - General Switchgear and Protection Requirements,2024,"Consensus IEEE power and energy standard used where specified by law, code, authority having jurisdiction, utility requirement, project specification, or contract","IEEE C37 family metadata record for switchgear, circuit breakers, relays, reclosers, and protection equipment; this record points to the official IEEE SA page for IEEE C37.118.2-2024.",https://standards.ieee.org/ieee/C37.118.2/7077,,IEEE SA page status: Active Standard. Published: 2024-12-13. IEEE record number: 7077.
IEEE-C37-119-2025,IEEE C37.119-2025,IEEE Guide for Power System Circuit Breaker Failure Protection,IEEE,guide,International / North America,C37 switchgear and protection equipment - Circuit Breakers,2025,"Consensus IEEE power and energy standard used where specified by law, code, authority having jurisdiction, utility requirement, project specification, or contract","IEEE C37 family metadata record for switchgear, circuit breakers, relays, reclosers, and protection equipment; this record points to the official IEEE SA page for IEEE C37.119-2025.",https://standards.ieee.org/ieee/C37.119/10900,,IEEE SA page status: Active Standard. Published: 2026-01-30. IEEE record number: 10900.
IEEE-C37-120-2021,IEEE C37.120-2021,IEEE Guide for Protection System Redundancy for Power System Reliability,IEEE,guide,International / North America,C37 switchgear and protection equipment - Relays Protection and Control,2021,"Consensus IEEE power and energy standard used where specified by law, code, authority having jurisdiction, utility requirement, project specification, or contract","IEEE C37 family metadata record for switchgear, circuit breakers, relays, reclosers, and protection equipment; this record points to the official IEEE SA page for IEEE C37.120-2021.",https://standards.ieee.org/ieee/C37.120/7143,,IEEE SA page status: Active Standard. Published: 2022-02-28. IEEE record number: 7143.
IEEE-C37-121-2020,IEEE C37.121-2020,IEEE Guide for Switchgear--Unit Substation--Requirements,IEEE,guide,International / North America,C37 switchgear and protection equipment - Switchgear Assemblies,2020,"Consensus IEEE power and energy standard used where specified by law, code, authority having jurisdiction, utility requirement, project specification, or contract","IEEE C37 family metadata record for switchgear, circuit breakers, relays, reclosers, and protection equipment; this record points to the official IEEE SA page for IEEE C37.121-2020.",https://standards.ieee.org/ieee/C37.121/10133,,IEEE SA page status: Active Standard. Published: 2021-03-09. IEEE record number: 10133.
IEEE-C37-122-2021,IEEE C37.122-2021,IEEE Standard for High-Voltage Gas-Insulated Substations Rated Above 52 kV,IEEE,standard,International / North America,C37 switchgear and protection equipment - General Switchgear and Protection Requirements,2021,"Consensus IEEE power and energy standard used where specified by law, code, authority having jurisdiction, utility requirement, project specification, or contract","IEEE C37 family metadata record for switchgear, circuit breakers, relays, reclosers, and protection equipment; this record points to the official IEEE SA page for IEEE C37.122-2021.",https://standards.ieee.org/ieee/C37.122/7281,,IEEE SA page status: Active Standard. Published: 2021-08-25. IEEE record number: 7281.
IEEE-C37-122-2-2022,IEEE C37.122.2-2022,IEEE Guide for the Application of Gas Insulated Substations 1 kV to 52 kV,IEEE,guide,International / North America,C37 switchgear and protection equipment - General Switchgear and Protection Requirements,2022,"Consensus IEEE power and energy standard used where specified by law, code, authority having jurisdiction, utility requirement, project specification, or contract","IEEE C37 family metadata record for switchgear, circuit breakers, relays, reclosers, and protection equipment; this record points to the official IEEE SA page for IEEE C37.122.2-2022.",https://standards.ieee.org/ieee/C37.122.2/7660,,IEEE SA page status: Active Standard. Published: 2023-04-28. IEEE record number: 7660.
IEEE-C37-122-3-2024,IEEE C37.122.3-2024,IEEE Guide for Sulphur Hexaflouride (SF6) Gas Handling for High-Voltage (over 1000 Vac) Equipment,IEEE,guide,International / North America,C37 switchgear and protection equipment - General Switchgear and Protection Requirements,2024,"Consensus IEEE power and energy standard used where specified by law, code, authority having jurisdiction, utility requirement, project specification, or contract","IEEE C37 family metadata record for switchgear, circuit breakers, relays, reclosers, and protection equipment; this record points to the official IEEE SA page for IEEE C37.122.3-2024.",https://standards.ieee.org/ieee/C37.122.3/7710,,IEEE SA page status: Active Standard. Published: 2025-05-06. IEEE record number: 7710.
IEEE-C37-122-4-2016,IEEE C37.122.4-2016,"IEEE Guide for Application and User Guide for Gas-Insulated Transmission Lines, Rated 72.5 kV and Above",IEEE,guide,International / North America,C37 switchgear and protection equipment - General Switchgear and Protection Requirements,2016,"Consensus IEEE power and energy standard used where specified by law, code, authority having jurisdiction, utility requirement, project specification, or contract","IEEE C37 family metadata record for switchgear, circuit breakers, relays, reclosers, and protection equipment; this record points to the official IEEE SA page for IEEE C37.122.4-2016.",https://standards.ieee.org/ieee/C37.122.4/3781,,IEEE SA page status: Active Standard. Published: 2017-05-15. IEEE record number: 3781.
IEEE-C37-122-7-2021,IEEE C37.122.7-2021,IEEE Guide for Field Testing of Gas-Insulated Substations Rated Above 52 kV,IEEE,guide,International / North America,C37 switchgear and protection equipment - Testing Monitoring and Diagnostics,2021,"Consensus IEEE power and energy standard used where specified by law, code, authority having jurisdiction, utility requirement, project specification, or contract","IEEE C37 family metadata record for switchgear, circuit breakers, relays, reclosers, and protection equipment; this record points to the official IEEE SA page for IEEE C37.122.7-2021.",https://standards.ieee.org/ieee/C37.122.7/7399,,IEEE SA page status: Active Standard. Published: 2021-08-05. IEEE record number: 7399.
IEEE-C37-122-8-2026,IEEE C37.122.8-2026,IEEE Approved Draft Guide for the Application of Mobile Gas-Insulated Substations Rated Above 52kV,IEEE,guide,International / North America,C37 switchgear and protection equipment - General Switchgear and Protection Requirements,2026,"Consensus IEEE power and energy standard used where specified by law, code, authority having jurisdiction, utility requirement, project specification, or contract","IEEE C37 family metadata record for switchgear, circuit breakers, relays, reclosers, and protection equipment; this record points to the official IEEE SA page for IEEE C37.122.8-2026.",https://standards.ieee.org/ieee/C37.122.8/7341,,IEEE SA page status: Active Standard. IEEE record number: 7341.
IEEE-C37-123-2023,IEEE C37.123-2023,IEEE Guide for Specifications for High-Voltage Gas-Insulated Substations Rated 52 kV and Above,IEEE,guide,International / North America,C37 switchgear and protection equipment - General Switchgear and Protection Requirements,2023,"Consensus IEEE power and energy standard used where specified by law, code, authority having jurisdiction, utility requirement, project specification, or contract","IEEE C37 family metadata record for switchgear, circuit breakers, relays, reclosers, and protection equipment; this record points to the official IEEE SA page for IEEE C37.123-2023.",https://standards.ieee.org/ieee/C37.123/7711,,IEEE SA page status: Active Standard. Published: 2024-04-19. IEEE record number: 7711.
IEEE-C37-230-2020,IEEE C37.230-2020,IEEE Guide for Protective Relay Applications to Distribution Lines,IEEE,guide,International / North America,C37 switchgear and protection equipment - Relays Protection and Control,2020,"Consensus IEEE power and energy standard used where specified by law, code, authority having jurisdiction, utility requirement, project specification, or contract","IEEE C37 family metadata record for switchgear, circuit breakers, relays, reclosers, and protection equipment; this record points to the official IEEE SA page for IEEE C37.230-2020.",https://standards.ieee.org/ieee/C37.230/5905,,IEEE SA page status: Active Standard. Published: 2021-03-19. IEEE record number: 5905.
IEEE-C37-233-2023,IEEE C37.233-2023,IEEE Guide for Power System Protection Testing,IEEE,guide,International / North America,C37 switchgear and protection equipment - Relays Protection and Control,2023,"Consensus IEEE power and energy standard used where specified by law, code, authority having jurisdiction, utility requirement, project specification, or contract","IEEE C37 family metadata record for switchgear, circuit breakers, relays, reclosers, and protection equipment; this record points to the official IEEE SA page for IEEE C37.233-2023.",https://standards.ieee.org/ieee/C37.233/6676,,IEEE SA page status: Active Standard. Published: 2023-09-07. IEEE record number: 6676.
IEEE-C37-234-2021,IEEE C37.234-2021,IEEE Guide for Protective Relay Applications to Power System Buses,IEEE,guide,International / North America,C37 switchgear and protection equipment - Relays Protection and Control,2021,"Consensus IEEE power and energy standard used where specified by law, code, authority having jurisdiction, utility requirement, project specification, or contract","IEEE C37 family metadata record for switchgear, circuit breakers, relays, reclosers, and protection equipment; this record points to the official IEEE SA page for IEEE C37.234-2021.",https://standards.ieee.org/ieee/C37.234/7037,,IEEE SA page status: Active Standard. Published: 2022-02-07. IEEE record number: 7037.
IEEE-C37-235-2021,IEEE C37.235-2021,IEEE Guide for the Application of Rogowski Coils used for Protective Relaying Purposes,IEEE,guide,International / North America,C37 switchgear and protection equipment - Relays Protection and Control,2021,"Consensus IEEE power and energy standard used where specified by law, code, authority having jurisdiction, utility requirement, project specification, or contract","IEEE C37 family metadata record for switchgear, circuit breakers, relays, reclosers, and protection equipment; this record points to the official IEEE SA page for IEEE C37.235-2021.",https://standards.ieee.org/ieee/C37.235/6176,,IEEE SA page status: Active Standard. Published: 2022-04-12. IEEE record number: 6176.
IEEE-C37-237-2018,IEEE C37.237-2018,IEEE Standard for Requirements for Time Tags Created by Intelligent Electronic Devices--COMTAG,IEEE,standard,International / North America,C37 switchgear and protection equipment - General Switchgear and Protection Requirements,2018,"Consensus IEEE power and energy standard used where specified by law, code, authority having jurisdiction, utility requirement, project specification, or contract","IEEE C37 family metadata record for switchgear, circuit breakers, relays, reclosers, and protection equipment; this record points to the official IEEE SA page for IEEE C37.237-2018.",https://standards.ieee.org/ieee/C37.237/5571,,IEEE SA page status: Active Standard. Published: 2019-01-04. IEEE record number: 5571.
IEEE-C37-238-2017,IEEE C37.238-2017,IEEE Standard Profile for Use of IEEE 1588 Precision Time Protocol in Power System Applications,IEEE,standard,International / North America,C37 switchgear and protection equipment - General Switchgear and Protection Requirements,2017,"Consensus IEEE power and energy standard used where specified by law, code, authority having jurisdiction, utility requirement, project specification, or contract","IEEE C37 family metadata record for switchgear, circuit breakers, relays, reclosers, and protection equipment; this record points to the official IEEE SA page for IEEE C37.238-2017.",https://standards.ieee.org/ieee/C37.238/6650,,IEEE SA page status: Active Standard. Published: 2017-06-19. IEEE record number: 6650.
IEEE-C37-238A-2023,IEEE C37.238a-2023,IEEE Standard Profile for Use of IEEE 1588 Precision Time Protocol in Power System Applications Amendment 1: Adding a Type-Length-Value (TLV) to Indicate the Latest International Earth Rotation Service (IERS)-Specified Universal Time Coordinated (UTC) Leap Second Event,IEEE,amendment,International / North America,C37 switchgear and protection equipment - Testing Monitoring and Diagnostics,2023,"Consensus IEEE power and energy standard used where specified by law, code, authority having jurisdiction, utility requirement, project specification, or contract","IEEE C37 family metadata record for switchgear, circuit breakers, relays, reclosers, and protection equipment; this record points to the official IEEE SA page for IEEE C37.238a-2023.",https://standards.ieee.org/ieee/C37.238a/10191,,IEEE SA page status: Active Standard. Published: 2023-12-08. IEEE record number: 10191.
IEEE-C37-241-2017,IEEE C37.241-2017,IEEE Guide for Application of Optical Instrument Transformers for Protective Relaying,IEEE,guide,International / North America,C37 switchgear and protection equipment - Relays Protection and Control,2017,"Consensus IEEE power and energy standard used where specified by law, code, authority having jurisdiction, utility requirement, project specification, or contract","IEEE C37 family metadata record for switchgear, circuit breakers, relays, reclosers, and protection equipment; this record points to the official IEEE SA page for IEEE C37.241-2017.",https://standards.ieee.org/ieee/C37.241/4858,,IEEE SA page status: Active Standard. Published: 2018-03-07. IEEE record number: 4858.
IEEE-C37-242-2021,IEEE C37.242-2021,"IEEE Guide for Synchronization, Calibration, Testing, and Installation of Phasor Measurement Units (PMUs) for Power System Protection and Control",IEEE,guide,International / North America,C37 switchgear and protection equipment - Relays Protection and Control,2021,"Consensus IEEE power and energy standard used where specified by law, code, authority having jurisdiction, utility requirement, project specification, or contract","IEEE C37 family metadata record for switchgear, circuit breakers, relays, reclosers, and protection equipment; this record points to the official IEEE SA page for IEEE C37.242-2021.",https://standards.ieee.org/ieee/C37.242/6276,,IEEE SA page status: Active Standard. Published: 2021-10-14. IEEE record number: 6276.
IEEE-C37-245-2018,IEEE C37.245-2018,IEEE Guide for the Application of Protective Relaying for Phase-Shifting Transformers,IEEE,guide,International / North America,C37 switchgear and protection equipment - Relays Protection and Control,2018,"Consensus IEEE power and energy standard used where specified by law, code, authority having jurisdiction, utility requirement, project specification, or contract","IEEE C37 family metadata record for switchgear, circuit breakers, relays, reclosers, and protection equipment; this record points to the official IEEE SA page for IEEE C37.245-2018.",https://standards.ieee.org/ieee/C37.245/5484,,IEEE SA page status: Active Standard. Published: 2019-05-24. IEEE record number: 5484.
IEEE-C37-246-2017,IEEE C37.246-2017,IEEE Guide for Protection Systems of Transmission-to-Generation Interconnections,IEEE,guide,International / North America,C37 switchgear and protection equipment - Relays Protection and Control,2017,"Consensus IEEE power and energy standard used where specified by law, code, authority having jurisdiction, utility requirement, project specification, or contract","IEEE C37 family metadata record for switchgear, circuit breakers, relays, reclosers, and protection equipment; this record points to the official IEEE SA page for IEEE C37.246-2017.",https://standards.ieee.org/ieee/C37.246/5670,,IEEE SA page status: Active Standard. Published: 2018-05-11. IEEE record number: 5670.
IEEE-C37-247-2019,IEEE C37.247-2019,IEEE Standard for Phasor Data Concentrators for Power Systems,IEEE,standard,International / North America,C37 switchgear and protection equipment - General Switchgear and Protection Requirements,2019,"Consensus IEEE power and energy standard used where specified by law, code, authority having jurisdiction, utility requirement, project specification, or contract","IEEE C37 family metadata record for switchgear, circuit breakers, relays, reclosers, and protection equipment; this record points to the official IEEE SA page for IEEE C37.247-2019.",https://standards.ieee.org/ieee/C37.247/5757,,IEEE SA page status: Active Standard. Published: 2019-09-10. IEEE record number: 5757.
IEEE-C37-248-2017,IEEE C37.248-2017,IEEE Guide for Common Format for Naming Intelligent Electronic Devices (COMDEV),IEEE,guide,International / North America,C37 switchgear and protection equipment - General Switchgear and Protection Requirements,2017,"Consensus IEEE power and energy standard used where specified by law, code, authority having jurisdiction, utility requirement, project specification, or contract","IEEE C37 family metadata record for switchgear, circuit breakers, relays, reclosers, and protection equipment; this record points to the official IEEE SA page for IEEE C37.248-2017.",https://standards.ieee.org/ieee/C37.248/6230,,IEEE SA page status: Active Standard. Published: 2018-05-25. IEEE record number: 6230.
IEEE-C37-249-2024,IEEE C37.249-2024,"IEEE Guide for Categorizing Security Needs for Protection-, Automation-, and Control-Related Data Files",IEEE,guide,International / North America,C37 switchgear and protection equipment - Relays Protection and Control,2024,"Consensus IEEE power and energy standard used where specified by law, code, authority having jurisdiction, utility requirement, project specification, or contract","IEEE C37 family metadata record for switchgear, circuit breakers, relays, reclosers, and protection equipment; this record points to the official IEEE SA page for IEEE C37.249-2024.",https://standards.ieee.org/ieee/C37.249/10784,,IEEE SA page status: Active Standard. Published: 2025-05-20. IEEE record number: 10784.
IEEE-C37-250-2020,IEEE C37.250-2020,"IEEE Guide for Engineering, Implementation, and Management of System Integrity Protection Schemes",IEEE,guide,International / North America,C37 switchgear and protection equipment - Relays Protection and Control,2020,"Consensus IEEE power and energy standard used where specified by law, code, authority having jurisdiction, utility requirement, project specification, or contract","IEEE C37 family metadata record for switchgear, circuit breakers, relays, reclosers, and protection equipment; this record points to the official IEEE SA page for IEEE C37.250-2020.",https://standards.ieee.org/ieee/C37.250/5889,,IEEE SA page status: Active Standard. Published: 2020-06-17. IEEE record number: 5889.
IEEE-C37-251-2025,IEEE C37.251-2025,IEEE Standard for Common Protection and Control Settings or Configuration Data Format (COMSET),IEEE,standard,International / North America,C37 switchgear and protection equipment - Relays Protection and Control,2025,"Consensus IEEE power and energy standard used where specified by law, code, authority having jurisdiction, utility requirement, project specification, or contract","IEEE C37 family metadata record for switchgear, circuit breakers, relays, reclosers, and protection equipment; this record points to the official IEEE SA page for IEEE C37.251-2025.",https://standards.ieee.org/ieee/C37.251/6704,,IEEE SA page status: Active Standard. Published: 2026-02-27. IEEE record number: 6704.
IEEE-C37-252-2024,IEEE C37.252-2024,IEEE Guide for Testing Automatic Voltage Control Systems in Regional Power Grids,IEEE,guide,International / North America,C37 switchgear and protection equipment - Testing Monitoring and Diagnostics,2024,"Consensus IEEE power and energy standard used where specified by law, code, authority having jurisdiction, utility requirement, project specification, or contract","IEEE C37 family metadata record for switchgear, circuit breakers, relays, reclosers, and protection equipment; this record points to the official IEEE SA page for IEEE C37.252-2024.",https://standards.ieee.org/ieee/C37.252/7490,,IEEE SA page status: Active Standard. Published: 2024-07-16. IEEE record number: 7490.
IEEE-C37-300-2024,IEEE C37.300-2024,IEEE Guide for Centralized Protection and Control (CPC) Systems within a Substation,IEEE,guide,International / North America,C37 switchgear and protection equipment - Relays Protection and Control,2024,"Consensus IEEE power and energy standard used where specified by law, code, authority having jurisdiction, utility requirement, project specification, or contract","IEEE C37 family metadata record for switchgear, circuit breakers, relays, reclosers, and protection equipment; this record points to the official IEEE SA page for IEEE C37.300-2024.",https://standards.ieee.org/ieee/C37.300/7258,,IEEE SA page status: Active Standard. Published: 2025-05-09. IEEE record number: 7258.
IEEE-C62-11-2020,IEEE C62.11-2020,IEEE Standard for Metal-Oxide Surge Arresters for AC Power Circuits (>1 kV),IEEE,standard,International / North America,C62 surge arresters and surge protective devices - Surge Arresters,2020,"Consensus IEEE power and energy standard used where specified by law, code, authority having jurisdiction, utility requirement, project specification, or contract","IEEE C62 family metadata record for surge arresters, surge protective devices, insulation coordination, and transient overvoltage protection; this record points to the official IEEE SA page for IEEE C62.11-2020.",https://standards.ieee.org/ieee/C62.11/5839,,IEEE SA page status: Active Standard. Published: 2020-09-24. IEEE record number: 5839.
IEEE-C62-22-1-2024,IEEE C62.22.1-2024,IEEE Guide for Connection of Surge Arresters to Protect Insulated Shielded Electric Power Cable Systems Up to 46 kV,IEEE,guide,International / North America,C62 surge arresters and surge protective devices - Surge Arresters,2024,"Consensus IEEE power and energy standard used where specified by law, code, authority having jurisdiction, utility requirement, project specification, or contract","IEEE C62 family metadata record for surge arresters, surge protective devices, insulation coordination, and transient overvoltage protection; this record points to the official IEEE SA page for IEEE C62.22.1-2024.",https://standards.ieee.org/ieee/C62.22.1/7435,,IEEE SA page status: Active Standard. Published: 2025-03-07. IEEE record number: 7435.
IEEE-C62-23-2017,IEEE C62.23-2017,IEEE Application Guide for Surge Protection of Electric Generating Plants,IEEE,guide,International / North America,C62 surge arresters and surge protective devices - Application Guides and Insulation Coordination,2017,"Consensus IEEE power and energy standard used where specified by law, code, authority having jurisdiction, utility requirement, project specification, or contract","IEEE C62 family metadata record for surge arresters, surge protective devices, insulation coordination, and transient overvoltage protection; this record points to the official IEEE SA page for IEEE C62.23-2017.",https://standards.ieee.org/ieee/C62.23/5907,,IEEE SA page status: Active Standard. Published: 2018-04-06. IEEE record number: 5907.
IEEE-C62-31-2020,IEEE C62.31-2020,IEEE Standard for Test Methods and Preferred Values for Low-Voltage Gas Discharge Tube Surge-Protective Components,IEEE,standard,International / North America,C62 surge arresters and surge protective devices - Application Guides and Insulation Coordination,2020,"Consensus IEEE power and energy standard used where specified by law, code, authority having jurisdiction, utility requirement, project specification, or contract","IEEE C62 family metadata record for surge arresters, surge protective devices, insulation coordination, and transient overvoltage protection; this record points to the official IEEE SA page for IEEE C62.31-2020.",https://standards.ieee.org/ieee/C62.31/7508,,IEEE SA page status: Active Standard. Published: 2021-01-26. IEEE record number: 7508.
IEEE-C62-33-2016,IEEE C62.33-2016,IEEE Standard for Test Methods and Performance Values for Metal-Oxide Varistor Surge Protective Components,IEEE,standard,International / North America,C62 surge arresters and surge protective devices - Testing and Transient Measurement,2016,"Consensus IEEE power and energy standard used where specified by law, code, authority having jurisdiction, utility requirement, project specification, or contract","IEEE C62 family metadata record for surge arresters, surge protective devices, insulation coordination, and transient overvoltage protection; this record points to the official IEEE SA page for IEEE C62.33-2016.",https://standards.ieee.org/ieee/C62.33/5229,,IEEE SA page status: Active Standard. Published: 2018-01-29. IEEE record number: 5229.
IEEE-C62-34-2017,IEEE C62.34-2017,IEEE Standard for Test Methods and Performance of Low-Voltage (1000 V rms or Less) Surge Protective Devices Used on Secondary Distribution Systems (Between the Transformer Low-Voltage Terminals and the Line Side of the Service Equipment),IEEE,standard,International / North America,C62 surge arresters and surge protective devices - Surge Protective Devices,2017,"Consensus IEEE power and energy standard used where specified by law, code, authority having jurisdiction, utility requirement, project specification, or contract","IEEE C62 family metadata record for surge arresters, surge protective devices, insulation coordination, and transient overvoltage protection; this record points to the official IEEE SA page for IEEE C62.34-2017.",https://standards.ieee.org/ieee/C62.34/4795,,IEEE SA page status: Active Standard. Published: 2017-10-27. IEEE record number: 4795.
IEEE-C62-36-2016,IEEE C62.36-2016,"IEEE Standard Test Methods for Surge Protectors and Protective Circuits Used in Information and Communications Technology (ICT) Circuits, and Smart Grid Data Circuits",IEEE,standard,International / North America,C62 surge arresters and surge protective devices - Testing and Transient Measurement,2016,"Consensus IEEE power and energy standard used where specified by law, code, authority having jurisdiction, utility requirement, project specification, or contract","IEEE C62 family metadata record for surge arresters, surge protective devices, insulation coordination, and transient overvoltage protection; this record points to the official IEEE SA page for IEEE C62.36-2016.",https://standards.ieee.org/ieee/C62.36/6010,,IEEE SA page status: Active Standard. Published: 2016-11-02. IEEE record number: 6010.
IEEE-C62-41-2-2025,IEEE C62.41.2-2025,IEEE Recommended Practice on Characterization of Surges in Low-Voltage (1000 V and Less) AC Power Circuits,IEEE,recommended_practice,International / North America,C62 surge arresters and surge protective devices - Application Guides and Insulation Coordination,2025,"Consensus IEEE power and energy standard used where specified by law, code, authority having jurisdiction, utility requirement, project specification, or contract","IEEE C62 family metadata record for surge arresters, surge protective devices, insulation coordination, and transient overvoltage protection; this record points to the official IEEE SA page for IEEE C62.41.2-2025.",https://standards.ieee.org/ieee/C62.41.2/7658,,IEEE SA page status: Active Standard. Published: 2026-07-14. IEEE record number: 7658.
IEEE-C62-41-3-2020,IEEE C62.41.3-2020,IEEE Guide for Interactions between Power System Disturbances and Surge Protective Devices,IEEE,guide,International / North America,C62 surge arresters and surge protective devices - Surge Protective Devices,2020,"Consensus IEEE power and energy standard used where specified by law, code, authority having jurisdiction, utility requirement, project specification, or contract","IEEE C62 family metadata record for surge arresters, surge protective devices, insulation coordination, and transient overvoltage protection; this record points to the official IEEE SA page for IEEE C62.41.3-2020.",https://standards.ieee.org/ieee/C62.41.3/5428,,IEEE SA page status: Active Standard. Published: 2020-10-07. IEEE record number: 5428.
IEEE-C62-42-0-2016,IEEE C62.42.0-2016,IEEE Guide for the Application of Surge-Protective Components in Surge-Protective Devices and Equipment Ports--Overview,IEEE,guide,International / North America,C62 surge arresters and surge protective devices - Surge Protective Devices,2016,"Consensus IEEE power and energy standard used where specified by law, code, authority having jurisdiction, utility requirement, project specification, or contract","IEEE C62 family metadata record for surge arresters, surge protective devices, insulation coordination, and transient overvoltage protection; this record points to the official IEEE SA page for IEEE C62.42.0-2016.",https://standards.ieee.org/ieee/C62.42.0/5635,,IEEE SA page status: Active Standard. Published: 2017-09-30. IEEE record number: 5635.
IEEE-C62-42-1-2016,IEEE C62.42.1-2016,IEEE Guide for the Application of Surge-Protective Components in Surge Protective Devices and Equipment Ports--Part 1: Gas Discharge Tubes (GDTs),IEEE,guide,International / North America,C62 surge arresters and surge protective devices - Surge Protective Devices,2016,"Consensus IEEE power and energy standard used where specified by law, code, authority having jurisdiction, utility requirement, project specification, or contract","IEEE C62 family metadata record for surge arresters, surge protective devices, insulation coordination, and transient overvoltage protection; this record points to the official IEEE SA page for IEEE C62.42.1-2016.",https://standards.ieee.org/ieee/C62.42.1/5622,,IEEE SA page status: Active Standard. Published: 2016-12-09. IEEE record number: 5622.
IEEE-C62-42-2-2022,IEEE C62.42.2-2022,IEEE Guide for the Application of Surge-Protective Components in Surge-Protective Devices and Equipment Ports--Part 2: Metal- Oxide Varistors (MOVs),IEEE,guide,International / North America,C62 surge arresters and surge protective devices - Surge Protective Devices,2022,"Consensus IEEE power and energy standard used where specified by law, code, authority having jurisdiction, utility requirement, project specification, or contract","IEEE C62 family metadata record for surge arresters, surge protective devices, insulation coordination, and transient overvoltage protection; this record points to the official IEEE SA page for IEEE C62.42.2-2022.",https://standards.ieee.org/ieee/C62.42.2/5623,,IEEE SA page status: Active Standard. Published: 2022-09-16. IEEE record number: 5623.
IEEE-C62-42-3-2017,IEEE C62.42.3-2017,IEEE Guide for the Application of Surge Protective Components in Surge Protective Devices and Equipment Ports -- Part 3: Silicon PN-Junction,IEEE,guide,International / North America,C62 surge arresters and surge protective devices - Surge Protective Devices,2017,"Consensus IEEE power and energy standard used where specified by law, code, authority having jurisdiction, utility requirement, project specification, or contract","IEEE C62 family metadata record for surge arresters, surge protective devices, insulation coordination, and transient overvoltage protection; this record points to the official IEEE SA page for IEEE C62.42.3-2017.",https://standards.ieee.org/ieee/C62.42.3/5826,,IEEE SA page status: Active Standard. Published: 2018-03-13. IEEE record number: 5826.
IEEE-C62-42-4-2020,IEEE C62.42.4-2020,IEEE Guide for the Application of Surge-Protective Components in Surge Protective Devices and Equipment Ports--Part 4: Thermally Activated Current Limiters,IEEE,guide,International / North America,C62 surge arresters and surge protective devices - Surge Protective Devices,2020,"Consensus IEEE power and energy standard used where specified by law, code, authority having jurisdiction, utility requirement, project specification, or contract","IEEE C62 family metadata record for surge arresters, surge protective devices, insulation coordination, and transient overvoltage protection; this record points to the official IEEE SA page for IEEE C62.42.4-2020.",https://standards.ieee.org/ieee/C62.42.4/5827,,IEEE SA page status: Active Standard. Published: 2020-08-14. IEEE record number: 5827.
IEEE-C62-42-6-2018,IEEE C62.42.6-2018,IEEE Guide for the Application of Surge-Protective Components in Surge Protective Devices and Equipment Ports--Part 6 High Frequency Signal Isolation Transformers,IEEE,guide,International / North America,C62 surge arresters and surge protective devices - Surge Protective Devices,2018,"Consensus IEEE power and energy standard used where specified by law, code, authority having jurisdiction, utility requirement, project specification, or contract","IEEE C62 family metadata record for surge arresters, surge protective devices, insulation coordination, and transient overvoltage protection; this record points to the official IEEE SA page for IEEE C62.42.6-2018.",https://standards.ieee.org/ieee/C62.42.6/6841,,IEEE SA page status: Active Standard. Published: 2019-04-12. IEEE record number: 6841.
IEEE-C62-43-0-2017,IEEE C62.43.0-2017,"IEEE Guide for Surge Protectors and Protective Circuits Used in Information and Communications Technology Circuits, Including Smart Grid Data Networks--Overview",IEEE,guide,International / North America,C62 surge arresters and surge protective devices - Application Guides and Insulation Coordination,2017,"Consensus IEEE power and energy standard used where specified by law, code, authority having jurisdiction, utility requirement, project specification, or contract","IEEE C62 family metadata record for surge arresters, surge protective devices, insulation coordination, and transient overvoltage protection; this record points to the official IEEE SA page for IEEE C62.43.0-2017.",https://standards.ieee.org/ieee/C62.43.0/6703,,IEEE SA page status: Active Standard. Published: 2017-09-21. IEEE record number: 6703.
IEEE-C62-43-1-2020,IEEE C62.43.1-2020,"IEEE Guide for Surge Protectors and Surge Protective Circuits Used in Information and Communication Technology Circuits (ICT), Including Smart Grid--Part 1 Applications",IEEE,guide,International / North America,C62 surge arresters and surge protective devices - Application Guides and Insulation Coordination,2020,"Consensus IEEE power and energy standard used where specified by law, code, authority having jurisdiction, utility requirement, project specification, or contract","IEEE C62 family metadata record for surge arresters, surge protective devices, insulation coordination, and transient overvoltage protection; this record points to the official IEEE SA page for IEEE C62.43.1-2020.",https://standards.ieee.org/ieee/C62.43.1/7223,,IEEE SA page status: Active Standard. Published: 2020-03-12. IEEE record number: 7223.
IEEE-C62-43-1A-2023,IEEE C62.43.1a-2023,"IEEE Guide for Surge Protectors and Surge Protective Circuits Used in Information and Communications Technology (ICT), Including Smart Grid--Part 1 Applications",IEEE,guide,International / North America,C62 surge arresters and surge protective devices - Application Guides and Insulation Coordination,2023,"Consensus IEEE power and energy standard used where specified by law, code, authority having jurisdiction, utility requirement, project specification, or contract","IEEE C62 family metadata record for surge arresters, surge protective devices, insulation coordination, and transient overvoltage protection; this record points to the official IEEE SA page for IEEE C62.43.1a-2023.",https://standards.ieee.org/ieee/C62.43.1a/10404,,IEEE SA page status: Active Standard. Published: 2024-04-03. IEEE record number: 10404.
IEEE-C62-44-2016,IEEE C62.44-2016,IEEE Guide for the Application of Low-Voltage (1000 V rms or Less) Surge Protective Devices Used on Secondary Distribution Systems (Between the Transformer Low-Voltage Terminals and the Line Side of the Service Equipment),IEEE,guide,International / North America,C62 surge arresters and surge protective devices - Surge Protective Devices,2016,"Consensus IEEE power and energy standard used where specified by law, code, authority having jurisdiction, utility requirement, project specification, or contract","IEEE C62 family metadata record for surge arresters, surge protective devices, insulation coordination, and transient overvoltage protection; this record points to the official IEEE SA page for IEEE C62.44-2016.",https://standards.ieee.org/ieee/C62.44/5413,,IEEE SA page status: Active Standard. Published: 2017-02-17. IEEE record number: 5413.
IEEE-C62-55-2020,IEEE C62.55-2020,IEEE Guide for Surge Protection of DC Power Feeds to Remote Radio Heads,IEEE,guide,International / North America,C62 surge arresters and surge protective devices - Application Guides and Insulation Coordination,2020,"Consensus IEEE power and energy standard used where specified by law, code, authority having jurisdiction, utility requirement, project specification, or contract","IEEE C62 family metadata record for surge arresters, surge protective devices, insulation coordination, and transient overvoltage protection; this record points to the official IEEE SA page for IEEE C62.55-2020.",https://standards.ieee.org/ieee/C62.55/7579,,IEEE SA page status: Active Standard. Published: 2020-08-28. IEEE record number: 7579.
IEEE-C62-59-2019,IEEE C62.59-2019,IEEE Standard for Test Methods and Preferred Values for Silicon PN-Junction Clamping Diodes,IEEE,standard,International / North America,C62 surge arresters and surge protective devices - Testing and Transient Measurement,2019,"Consensus IEEE power and energy standard used where specified by law, code, authority having jurisdiction, utility requirement, project specification, or contract","IEEE C62 family metadata record for surge arresters, surge protective devices, insulation coordination, and transient overvoltage protection; this record points to the official IEEE SA page for IEEE C62.59-2019.",https://standards.ieee.org/ieee/C62.59/6827,,IEEE SA page status: Active Standard. Published: 2019-10-31. IEEE record number: 6827.
IEEE-C62-62-2018,IEEE C62.62-2018,IEEE Standard Test Specifications for Surge-Protective Devices (SPDs) for Use on the Load Side of the Service Equipment in Low-Voltage (1000 V and Less) AC Power Circuits,IEEE,standard,International / North America,C62 surge arresters and surge protective devices - Surge Protective Devices,2018,"Consensus IEEE power and energy standard used where specified by law, code, authority having jurisdiction, utility requirement, project specification, or contract","IEEE C62 family metadata record for surge arresters, surge protective devices, insulation coordination, and transient overvoltage protection; this record points to the official IEEE SA page for IEEE C62.62-2018.",https://standards.ieee.org/ieee/C62.62/5947,,IEEE SA page status: Active Standard. Published: 2018-08-14. IEEE record number: 5947.
IEEE-C62-69-2016,IEEE C62.69-2016,IEEE Standard for the Surge Parameters of Isolating Transformers Used in Networking Devices and Equipment,IEEE,standard,International / North America,C62 surge arresters and surge protective devices - General Surge Protection Requirements,2016,"Consensus IEEE power and energy standard used where specified by law, code, authority having jurisdiction, utility requirement, project specification, or contract","IEEE C62 family metadata record for surge arresters, surge protective devices, insulation coordination, and transient overvoltage protection; this record points to the official IEEE SA page for IEEE C62.69-2016.",https://standards.ieee.org/ieee/C62.69/5806,,IEEE SA page status: Active Standard. Published: 2016-08-15. IEEE record number: 5806.
IEEE-C62-69A-2017,IEEE C62.69a-2017,IEEE Standard for the Surge Parameters of Isolating Transformers used in Networking Devices and Equipment - Amendment 1: Addition of Saturated Core Secondary Winding Parameters,IEEE,amendment,International / North America,C62 surge arresters and surge protective devices - General Surge Protection Requirements,2017,"Consensus IEEE power and energy standard used where specified by law, code, authority having jurisdiction, utility requirement, project specification, or contract","IEEE C62 family metadata record for surge arresters, surge protective devices, insulation coordination, and transient overvoltage protection; this record points to the official IEEE SA page for IEEE C62.69a-2017.",https://standards.ieee.org/ieee/C62.69a/6842,,IEEE SA page status: Active Standard. Published: 2017-07-14. IEEE record number: 6842.
IEEE-C62-72-2016,IEEE C62.72-2016,"IEEE Guide for the Application of Surge-Protective Devices for Use on the Load Side of Service Equipment in Low-Voltage (1000 V or Less, 50 Hz or 60 Hz) AC Power Circuits",IEEE,guide,International / North America,C62 surge arresters and surge protective devices - Surge Protective Devices,2016,"Consensus IEEE power and energy standard used where specified by law, code, authority having jurisdiction, utility requirement, project specification, or contract","IEEE C62 family metadata record for surge arresters, surge protective devices, insulation coordination, and transient overvoltage protection; this record points to the official IEEE SA page for IEEE C62.72-2016.",https://standards.ieee.org/ieee/C62.72/4623,,IEEE SA page status: Active Standard. Published: 2016-06-10. IEEE record number: 4623.
IEEE-C62-72A-2020,IEEE C62.72a-2020,"IEEE Guide for the Application of Surge-Protective Devices for Use on the Load Side of Service Equipment in Low-Voltage (1000 V or Less, 50 Hz or 60 Hz) AC Power Circuits--Amendment 1: SPD Disconnector Application Considerations and Coordination",IEEE,amendment,International / North America,C62 surge arresters and surge protective devices - Surge Protective Devices,2020,"Consensus IEEE power and energy standard used where specified by law, code, authority having jurisdiction, utility requirement, project specification, or contract","IEEE C62 family metadata record for surge arresters, surge protective devices, insulation coordination, and transient overvoltage protection; this record points to the official IEEE SA page for IEEE C62.72a-2020.",https://standards.ieee.org/ieee/C62.72a/5937,,IEEE SA page status: Active Standard. Published: 2021-03-24. IEEE record number: 5937.
IEEE-C62-82-2-2022,IEEE C62.82.2-2022,IEEE Guide for the Application of Insulation Coordination,IEEE,guide,International / North America,C62 surge arresters and surge protective devices - Application Guides and Insulation Coordination,2022,"Consensus IEEE power and energy standard used where specified by law, code, authority having jurisdiction, utility requirement, project specification, or contract","IEEE C62 family metadata record for surge arresters, surge protective devices, insulation coordination, and transient overvoltage protection; this record points to the official IEEE SA page for IEEE C62.82.2-2022.",https://standards.ieee.org/ieee/C62.82.2/5038,,IEEE SA page status: Active Standard. Published: 2023-03-17. IEEE record number: 5038.
IEEE-C62-92-1-2016,IEEE C62.92.1-2016,IEEE Guide for the Application of Neutral Grounding in Electrical Utility Systems--Part I: Introduction,IEEE,guide,International / North America,C62 surge arresters and surge protective devices - Application Guides and Insulation Coordination,2016,"Consensus IEEE power and energy standard used where specified by law, code, authority having jurisdiction, utility requirement, project specification, or contract","IEEE C62 family metadata record for surge arresters, surge protective devices, insulation coordination, and transient overvoltage protection; this record points to the official IEEE SA page for IEEE C62.92.1-2016.",https://standards.ieee.org/ieee/C62.92.1/4737,,IEEE SA page status: Active Standard. Published: 2017-03-31. IEEE record number: 4737.
IEEE-C62-92-2-2017,IEEE C62.92.2-2017,"IEEE Guide for the Application of Neutral Grounding in Electrical Utility Systems, Part II--Synchronous Generator Systems",IEEE,guide,International / North America,C62 surge arresters and surge protective devices - Application Guides and Insulation Coordination,2017,"Consensus IEEE power and energy standard used where specified by law, code, authority having jurisdiction, utility requirement, project specification, or contract","IEEE C62 family metadata record for surge arresters, surge protective devices, insulation coordination, and transient overvoltage protection; this record points to the official IEEE SA page for IEEE C62.92.2-2017.",https://standards.ieee.org/ieee/C62.92.2/4710,,IEEE SA page status: Active Standard. Published: 2017-05-19. IEEE record number: 4710.
IEEE-C62-92-5-2020,IEEE C62.92.5-2020,IEEE Guide for the Application of Neutral Grounding in Electrical Utility Systems--Part V: Transmission Systems and Subtransmission Systems,IEEE,guide,International / North America,C62 surge arresters and surge protective devices - Application Guides and Insulation Coordination,2020,"Consensus IEEE power and energy standard used where specified by law, code, authority having jurisdiction, utility requirement, project specification, or contract","IEEE C62 family metadata record for surge arresters, surge protective devices, insulation coordination, and transient overvoltage protection; this record points to the official IEEE SA page for IEEE C62.92.5-2020.",https://standards.ieee.org/ieee/C62.92.5/7295,,IEEE SA page status: Active Standard. Published: 2020-12-23. IEEE record number: 7295.
IEEE-C62-92-6-2017,IEEE C62.92.6-2017,"IEEE Guide for Application of Neutral Grounding in Electrical Utility Systems, Part VI--Systems Supplied by Current-Regulated Sources",IEEE,guide,International / North America,C62 surge arresters and surge protective devices - Application Guides and Insulation Coordination,2017,"Consensus IEEE power and energy standard used where specified by law, code, authority having jurisdiction, utility requirement, project specification, or contract","IEEE C62 family metadata record for surge arresters, surge protective devices, insulation coordination, and transient overvoltage protection; this record points to the official IEEE SA page for IEEE C62.92.6-2017.",https://standards.ieee.org/ieee/C62.92.6/6216,,IEEE SA page status: Active Standard. Published: 2017-12-22. IEEE record number: 6216.
IEEE-C62-230-2022,IEEE C62.230-2022,IEEE Guide for Surge Protection of Electric Vehicle Infrastructure,IEEE,guide,International / North America,C62 surge arresters and surge protective devices - Application Guides and Insulation Coordination,2022,"Consensus IEEE power and energy standard used where specified by law, code, authority having jurisdiction, utility requirement, project specification, or contract","IEEE C62 family metadata record for surge arresters, surge protective devices, insulation coordination, and transient overvoltage protection; this record points to the official IEEE SA page for IEEE C62.230-2022.",https://standards.ieee.org/ieee/C62.230/5938,,IEEE SA page status: Active Standard. Published: 2023-04-10. IEEE record number: 5938.
IEEE-C95-1-2019,IEEE C95.1-2019,"IEEE Standard for Safety Levels with Respect to Human Exposure to Electric, Magnetic, and Electromagnetic Fields, 0 Hz to 300 GHz",IEEE,standard,International / North America,C95 electromagnetic field human exposure safety - Human Exposure Limits,2019,"Consensus IEEE power and energy standard used where specified by law, code, authority having jurisdiction, utility requirement, project specification, or contract","IEEE Electromagnetic Field Human Exposure Safety metadata record for human exposure limits, electromagnetic field measurements, safety programs, symbols, and hazard communication; this record points to the official IEEE SA page for IEEE C95.1-2019.",https://standards.ieee.org/ieee/C95.1/4940,,IEEE SA page status: Active Standard. Published: 2019-10-04. IEEE record number: 4940.
IEEE-C95-1-2019-COR-1-2019,IEEE C95.1-2019/Cor 1-2019,"IEEE Approved Draft Standard for Safety Levels with Respect to Human Exposure to Electric, Magnetic and Electromagnetic Fields, 0 Hz to 300 GHz - Corrigendum 1",IEEE,corrigendum,International / North America,C95 electromagnetic field human exposure safety - Amendments and Corrections,2019,"Consensus IEEE power and energy standard used where specified by law, code, authority having jurisdiction, utility requirement, project specification, or contract","IEEE Electromagnetic Field Human Exposure Safety metadata record for human exposure limits, electromagnetic field measurements, safety programs, symbols, and hazard communication; this record points to the official IEEE SA page for IEEE C95.1-2019/Cor 1-2019.",https://standards.ieee.org/ieee/C95.1-2019_Cor_1/7586,,IEEE SA page status: Active Standard. IEEE record number: 7586.
IEEE-C95-1-2019-COR-2-2020,IEEE C95.1-2019/Cor 2-2020,"IEEE Standard for Safety Levels with Respect to Human Exposure to Electric, Magnetic, and Electromagnetic Fields, 0 Hz to 300 GHz - Corrigenda 2",IEEE,corrigendum,International / North America,C95 electromagnetic field human exposure safety - Amendments and Corrections,2019,"Consensus IEEE power and energy standard used where specified by law, code, authority having jurisdiction, utility requirement, project specification, or contract","IEEE Electromagnetic Field Human Exposure Safety metadata record for human exposure limits, electromagnetic field measurements, safety programs, symbols, and hazard communication; this record points to the official IEEE SA page for IEEE C95.1-2019/Cor 2-2020.",https://standards.ieee.org/ieee/C95.1-2019_Cor_2/10321,,IEEE SA page status: Active Standard. Published: 2020-10-21. IEEE record number: 10321.
IEEE-C95-2-2018,IEEE C95.2-2018,IEEE Standard for Radio-Frequency Energy and Current-Flow Symbols,IEEE,standard,International / North America,C95 electromagnetic field human exposure safety - Symbols and Hazard Communication,2018,"Consensus IEEE power and energy standard used where specified by law, code, authority having jurisdiction, utility requirement, project specification, or contract","IEEE Electromagnetic Field Human Exposure Safety metadata record for human exposure limits, electromagnetic field measurements, safety programs, symbols, and hazard communication; this record points to the official IEEE SA page for IEEE C95.2-2018.",https://standards.ieee.org/ieee/C95.2/7284,,IEEE SA page status: Active Standard. Published: 2018-10-05. IEEE record number: 7284.
IEEE-C95-3-2021,IEEE C95.3-2021,"IEEE Recommended Practice for Measurements and Computations of Electric, Magnetic, and Electromagnetic Fields with Respect to Human Exposure to Such Fields, 0 Hz to 300 GHz",IEEE,recommended_practice,International / North America,C95 electromagnetic field human exposure safety - Measurement and Computation,2021,"Consensus IEEE power and energy standard used where specified by law, code, authority having jurisdiction, utility requirement, project specification, or contract","IEEE Electromagnetic Field Human Exposure Safety metadata record for human exposure limits, electromagnetic field measurements, safety programs, symbols, and hazard communication; this record points to the official IEEE SA page for IEEE C95.3-2021.",https://standards.ieee.org/ieee/C95.3/5431,,IEEE SA page status: Active Standard. Published: 2021-05-28. IEEE record number: 5431.
IEEE-C95-7-2022,IEEE C95.7-2022,"IEEE Standard for Electromagnetic Energy Safety Programs, 0 Hz to 300 GHz",IEEE,standard,International / North America,C95 electromagnetic field human exposure safety - Safety Programs,2022,"Consensus IEEE power and energy standard used where specified by law, code, authority having jurisdiction, utility requirement, project specification, or contract","IEEE Electromagnetic Field Human Exposure Safety metadata record for human exposure limits, electromagnetic field measurements, safety programs, symbols, and hazard communication; this record points to the official IEEE SA page for IEEE C95.7-2022.",https://standards.ieee.org/ieee/C95.7/10921,,IEEE SA page status: Active Standard. Published: 2023-03-16. IEEE record number: 10921.
IEEE-C135-80-2023,IEEE C135.80-2023,IEEE Approved Draft Standard for Fasteners for Overhead Line Construction,IEEE,standard,International / North America,C135 overhead line and pole-line hardware - Fasteners,2023,"Consensus IEEE power and energy standard used where specified by law, code, authority having jurisdiction, utility requirement, project specification, or contract","IEEE Overhead Line and Pole-Line Hardware metadata record for overhead line hardware, pole-line hardware, fasteners, fittings, and mechanical testing for transmission and distribution line construction; this record points to the official IEEE SA page for IEEE C135.80-2023.",https://standards.ieee.org/ieee/C135.80/10650,,IEEE SA page status: Active Standard. IEEE record number: 10650.
IEEE-C135-90-2025,IEEE C135.90-2025,IEEE Approved Draft Standard for Pole Line Hardware for Overhead Line Construction,IEEE,standard,International / North America,C135 overhead line and pole-line hardware - Pole-Line Hardware,2025,"Consensus IEEE power and energy standard used where specified by law, code, authority having jurisdiction, utility requirement, project specification, or contract","IEEE Overhead Line and Pole-Line Hardware metadata record for overhead line hardware, pole-line hardware, fasteners, fittings, and mechanical testing for transmission and distribution line construction; this record points to the official IEEE SA page for IEEE C135.90-2025.",https://standards.ieee.org/ieee/C135.90/7759,,IEEE SA page status: Active Standard. Published: 2026-06-10. IEEE record number: 7759.
IEEE-C135-100-2024,IEEE C135.100-2024,IEEE Standard for Line Hardware for Overhead Line Construction,IEEE,standard,International / North America,C135 overhead line and pole-line hardware - Line Hardware,2024,"Consensus IEEE power and energy standard used where specified by law, code, authority having jurisdiction, utility requirement, project specification, or contract","IEEE Overhead Line and Pole-Line Hardware metadata record for overhead line hardware, pole-line hardware, fasteners, fittings, and mechanical testing for transmission and distribution line construction; this record points to the official IEEE SA page for IEEE C135.100-2024.",https://standards.ieee.org/ieee/C135.100/10678,,IEEE SA page status: Active Standard. Published: 2025-01-17. IEEE record number: 10678.
IEEE-430-2017,IEEE 430-2017,IEEE Standard Procedures for the Measurement of Radio Noise from Overhead Power Lines and Substations,IEEE,standard,International / North America,overhead transmission lines - Corona Field Effects and Interference,2017,"Consensus IEEE power and energy standard used where specified by law, code, authority having jurisdiction, utility requirement, project specification, or contract","IEEE Overhead Transmission Lines metadata record for overhead transmission line design, conductors, line ratings, structures, insulation, field effects, grounding, construction, inspection, maintenance, and overhead utility fiber; this record points to the official IEEE SA page for IEEE 430-2017.",https://standards.ieee.org/ieee/430/4959,,IEEE SA page status: Active Standard. Published: 2017-03-17. IEEE record number: 4959.
IEEE-516-2021,IEEE 516-2021,IEEE Guide for Maintenance Methods on Energized Power Lines,IEEE,guide,International / North America,overhead transmission lines - Maintenance Grounding and Field Work,2021,"Consensus IEEE power and energy standard used where specified by law, code, authority having jurisdiction, utility requirement, project specification, or contract","IEEE Overhead Transmission Lines metadata record for overhead transmission line design, conductors, line ratings, structures, insulation, field effects, grounding, construction, inspection, maintenance, and overhead utility fiber; this record points to the official IEEE SA page for IEEE 516-2021.",https://standards.ieee.org/ieee/516/5911,,IEEE SA page status: Active Standard. Published: 2022-01-13. IEEE record number: 5911.
IEEE-516-2021-COR1-2023,IEEE 516-2021/Cor1-2023,IEEE Guide for Maintenance Methods on Energized Power Lines - Corrigendum 1,IEEE,corrigendum,International / North America,overhead transmission lines - Amendments and Corrections,2021,"Consensus IEEE power and energy standard used where specified by law, code, authority having jurisdiction, utility requirement, project specification, or contract","IEEE Overhead Transmission Lines metadata record for overhead transmission line design, conductors, line ratings, structures, insulation, field effects, grounding, construction, inspection, maintenance, and overhead utility fiber; this record points to the official IEEE SA page for IEEE 516-2021/Cor1-2023.",https://standards.ieee.org/ieee/516-2021_Cor1/10933,,IEEE SA page status: Active Standard. Published: 2023-07-31. IEEE record number: 10933.
IEEE-524-2016,IEEE 524-2016,IEEE Guide for the Installation of Overhead Transmission Line Conductors,IEEE,guide,International / North America,overhead transmission lines - Conductors Ratings and Installation,2016,"Consensus IEEE power and energy standard used where specified by law, code, authority having jurisdiction, utility requirement, project specification, or contract","IEEE Overhead Transmission Lines metadata record for overhead transmission line design, conductors, line ratings, structures, insulation, field effects, grounding, construction, inspection, maintenance, and overhead utility fiber; this record points to the official IEEE SA page for IEEE 524-2016.",https://standards.ieee.org/ieee/524/4813,,IEEE SA page status: Active Standard. Published: 2017-04-28. IEEE record number: 4813.
IEEE-539-2020,IEEE 539-2020,IEEE Standard Definitions of Terms Relating to Corona and Field Effects of Overhead Power Lines,IEEE,standard,International / North America,overhead transmission lines - Corona Field Effects and Interference,2020,"Consensus IEEE power and energy standard used where specified by law, code, authority having jurisdiction, utility requirement, project specification, or contract","IEEE Overhead Transmission Lines metadata record for overhead transmission line design, conductors, line ratings, structures, insulation, field effects, grounding, construction, inspection, maintenance, and overhead utility fiber; this record points to the official IEEE SA page for IEEE 539-2020.",https://standards.ieee.org/ieee/539/7581,,IEEE SA page status: Active Standard. Published: 2021-08-12. IEEE record number: 7581.
IEEE-644-2019,IEEE 644-2019,IEEE Standard Procedures for Measurement of Power Frequency Electric and Magnetic Fields from AC Power Lines,IEEE,standard,International / North America,overhead transmission lines - Corona Field Effects and Interference,2019,"Consensus IEEE power and energy standard used where specified by law, code, authority having jurisdiction, utility requirement, project specification, or contract","IEEE Overhead Transmission Lines metadata record for overhead transmission line design, conductors, line ratings, structures, insulation, field effects, grounding, construction, inspection, maintenance, and overhead utility fiber; this record points to the official IEEE SA page for IEEE 644-2019.",https://standards.ieee.org/ieee/644/6732,,IEEE SA page status: Active Standard. Published: 2020-04-17. IEEE record number: 6732.
IEEE-656-2018,IEEE 656-2018,IEEE Standard for the Measurement of Audible Noise from Overhead Transmission Lines,IEEE,standard,International / North America,overhead transmission lines - Corona Field Effects and Interference,2018,"Consensus IEEE power and energy standard used where specified by law, code, authority having jurisdiction, utility requirement, project specification, or contract","IEEE Overhead Transmission Lines metadata record for overhead transmission line design, conductors, line ratings, structures, insulation, field effects, grounding, construction, inspection, maintenance, and overhead utility fiber; this record points to the official IEEE SA page for IEEE 656-2018.",https://standards.ieee.org/ieee/656/6728,,IEEE SA page status: Active Standard. Published: 2018-03-30. IEEE record number: 6728.
IEEE-738-2023,IEEE 738-2023,IEEE Standard for Calculating the Current-Temperature Relationship of Bare Overhead Conductors,IEEE,standard,International / North America,overhead transmission lines - Conductors Ratings and Installation,2023,"Consensus IEEE power and energy standard used where specified by law, code, authority having jurisdiction, utility requirement, project specification, or contract","IEEE Overhead Transmission Lines metadata record for overhead transmission line design, conductors, line ratings, structures, insulation, field effects, grounding, construction, inspection, maintenance, and overhead utility fiber; this record points to the official IEEE SA page for IEEE 738-2023.",https://standards.ieee.org/ieee/738/10207,,IEEE SA page status: Active Standard. Published: 2023-12-19. IEEE record number: 10207.
IEEE-987-2026,IEEE 987-2026,IEEE Approved Draft Guide for Application of Composite Insulators for Overhead Electric Power Lines,IEEE,guide,International / North America,overhead transmission lines - Insulators and Line Supports,2026,"Consensus IEEE power and energy standard used where specified by law, code, authority having jurisdiction, utility requirement, project specification, or contract","IEEE Overhead Transmission Lines metadata record for overhead transmission line design, conductors, line ratings, structures, insulation, field effects, grounding, construction, inspection, maintenance, and overhead utility fiber; this record points to the official IEEE SA page for IEEE 987-2026.",https://standards.ieee.org/ieee/987/10480,,IEEE SA page status: Active Standard. IEEE record number: 10480.
IEEE-1048-2016,IEEE 1048-2016,IEEE Guide for Protective Grounding of Power Lines,IEEE,guide,International / North America,overhead transmission lines - Maintenance Grounding and Field Work,2016,"Consensus IEEE power and energy standard used where specified by law, code, authority having jurisdiction, utility requirement, project specification, or contract","IEEE Overhead Transmission Lines metadata record for overhead transmission line design, conductors, line ratings, structures, insulation, field effects, grounding, construction, inspection, maintenance, and overhead utility fiber; this record points to the official IEEE SA page for IEEE 1048-2016.",https://standards.ieee.org/ieee/1048/3895,,IEEE SA page status: Active Standard. Published: 2016-12-21. IEEE record number: 3895.
IEEE-1048A-2021,IEEE 1048a-2021,IEEE Guide for Protective Grounding of Power Lines - Amendment 1,IEEE,amendment,International / North America,overhead transmission lines - Amendments and Corrections,2021,"Consensus IEEE power and energy standard used where specified by law, code, authority having jurisdiction, utility requirement, project specification, or contract","IEEE Overhead Transmission Lines metadata record for overhead transmission line design, conductors, line ratings, structures, insulation, field effects, grounding, construction, inspection, maintenance, and overhead utility fiber; this record points to the official IEEE SA page for IEEE 1048a-2021.",https://standards.ieee.org/ieee/1048a/7146,,IEEE SA page status: Active Standard. Published: 2021-03-05. IEEE record number: 7146.
IEEE-1048B-2024,IEEE 1048b-2024,IEEE Guide for Protective Grounding of Power Lines Amendment b: Differentiating the Fabric Carrier Mat and the Rigid Carrier Mat,IEEE,amendment,International / North America,overhead transmission lines - Amendments and Corrections,2024,"Consensus IEEE power and energy standard used where specified by law, code, authority having jurisdiction, utility requirement, project specification, or contract","IEEE Overhead Transmission Lines metadata record for overhead transmission line design, conductors, line ratings, structures, insulation, field effects, grounding, construction, inspection, maintenance, and overhead utility fiber; this record points to the official IEEE SA page for IEEE 1048b-2024.",https://standards.ieee.org/ieee/1048b/10643,,IEEE SA page status: Active Standard. Published: 2024-12-13. IEEE record number: 10643.
IEEE-1138-2021,IEEE 1138-2021,IEEE Standard for Testing and Performance of Optical Ground Wire (OPGW) for use on Electric Utility Power Lines,IEEE,standard,International / North America,overhead transmission lines - Overhead Utility Fiber,2021,"Consensus IEEE power and energy standard used where specified by law, code, authority having jurisdiction, utility requirement, project specification, or contract","IEEE Overhead Transmission Lines metadata record for overhead transmission line design, conductors, line ratings, structures, insulation, field effects, grounding, construction, inspection, maintenance, and overhead utility fiber; this record points to the official IEEE SA page for IEEE 1138-2021.",https://standards.ieee.org/ieee/1138/10325,,IEEE SA page status: Active Standard. Published: 2021-11-05. IEEE record number: 10325.
IEEE-1222-2019,IEEE 1222-2019,IEEE Standard for Testing and Performance for All-Dielectric Self-Supporting (ADSS) Fiber Optic Cable for Use on Electric Utility Power Lines,IEEE,standard,International / North America,overhead transmission lines - Overhead Utility Fiber,2019,"Consensus IEEE power and energy standard used where specified by law, code, authority having jurisdiction, utility requirement, project specification, or contract","IEEE Overhead Transmission Lines metadata record for overhead transmission line design, conductors, line ratings, structures, insulation, field effects, grounding, construction, inspection, maintenance, and overhead utility fiber; this record points to the official IEEE SA page for IEEE 1222-2019.",https://standards.ieee.org/ieee/1222/7507,,IEEE SA page status: Active Standard. Published: 2020-03-31. IEEE record number: 7507.
IEEE-1222-2019-COR-1-2025,IEEE 1222-2019/Cor 1-2025,IEEE Standard for Testing and Performance for All-Dielectric Self-Supporting (ADSS) Fiber Optic Cable for Use on Electric Utility Power Lines Corrigendum 1,IEEE,corrigendum,International / North America,overhead transmission lines - Amendments and Corrections,2019,"Consensus IEEE power and energy standard used where specified by law, code, authority having jurisdiction, utility requirement, project specification, or contract","IEEE Overhead Transmission Lines metadata record for overhead transmission line design, conductors, line ratings, structures, insulation, field effects, grounding, construction, inspection, maintenance, and overhead utility fiber; this record points to the official IEEE SA page for IEEE 1222-2019/Cor 1-2025.",https://standards.ieee.org/ieee/1222-2019_Cor_1/11777,,IEEE SA page status: Active Standard. Published: 2025-10-08. IEEE record number: 11777.
IEEE-1227-2025,IEEE 1227-2025,IEEE Guide for Measurement of DC Electric-Field Strength and Ion Related Quantities,IEEE,guide,International / North America,overhead transmission lines - Corona Field Effects and Interference,2025,"Consensus IEEE power and energy standard used where specified by law, code, authority having jurisdiction, utility requirement, project specification, or contract","IEEE Overhead Transmission Lines metadata record for overhead transmission line design, conductors, line ratings, structures, insulation, field effects, grounding, construction, inspection, maintenance, and overhead utility fiber; this record points to the official IEEE SA page for IEEE 1227-2025.",https://standards.ieee.org/ieee/1227/7582,,IEEE SA page status: Active Standard. Published: 2026-07-30. IEEE record number: 7582.
IEEE-1542-2018,IEEE 1542-2018,"IEEE Guide for Installation, Maintenance, and Operation of Irrigation Equipment Located Near or Under Power Lines",IEEE,guide,International / North America,overhead transmission lines - Maintenance Grounding and Field Work,2018,"Consensus IEEE power and energy standard used where specified by law, code, authority having jurisdiction, utility requirement, project specification, or contract","IEEE Overhead Transmission Lines metadata record for overhead transmission line design, conductors, line ratings, structures, insulation, field effects, grounding, construction, inspection, maintenance, and overhead utility fiber; this record points to the official IEEE SA page for IEEE 1542-2018.",https://standards.ieee.org/ieee/1542/6774,,IEEE SA page status: Active Standard. Published: 2019-01-11. IEEE record number: 6774.
IEEE-1591-1-2023,IEEE 1591.1-2023,IEEE Standard for Testing and Performance of Hardware for Optical Ground Wire (OPGW),IEEE,standard,International / North America,overhead transmission lines - Overhead Utility Fiber,2023,"Consensus IEEE power and energy standard used where specified by law, code, authority having jurisdiction, utility requirement, project specification, or contract","IEEE Overhead Transmission Lines metadata record for overhead transmission line design, conductors, line ratings, structures, insulation, field effects, grounding, construction, inspection, maintenance, and overhead utility fiber; this record points to the official IEEE SA page for IEEE 1591.1-2023.",https://standards.ieee.org/ieee/1591.1/7470,,IEEE SA page status: Active Standard. Published: 2024-03-18. IEEE record number: 7470.
IEEE-1591-2-2017,IEEE 1591.2-2017,IEEE Standard for Testing and Performance of Hardware for All-Dielectric Self-Supporting (ADSS) Fiber Optic Cable,IEEE,standard,International / North America,overhead transmission lines - Overhead Utility Fiber,2017,"Consensus IEEE power and energy standard used where specified by law, code, authority having jurisdiction, utility requirement, project specification, or contract","IEEE Overhead Transmission Lines metadata record for overhead transmission line design, conductors, line ratings, structures, insulation, field effects, grounding, construction, inspection, maintenance, and overhead utility fiber; this record points to the official IEEE SA page for IEEE 1591.2-2017.",https://standards.ieee.org/ieee/1591.2/5021,,IEEE SA page status: Active Standard. Published: 2018-03-15. IEEE record number: 5021.
IEEE-1591-3-2020,IEEE 1591.3-2020,IEEE Standard for Qualifying Hardware for Helically-Applied Fiber Optic Cable System (WRAP Cable),IEEE,standard,International / North America,overhead transmission lines - Overhead Utility Fiber,2020,"Consensus IEEE power and energy standard used where specified by law, code, authority having jurisdiction, utility requirement, project specification, or contract","IEEE Overhead Transmission Lines metadata record for overhead transmission line design, conductors, line ratings, structures, insulation, field effects, grounding, construction, inspection, maintenance, and overhead utility fiber; this record points to the official IEEE SA page for IEEE 1591.3-2020.",https://standards.ieee.org/ieee/1591.3/7075,,IEEE SA page status: Active Standard. Published: 2021-04-28. IEEE record number: 7075.
IEEE-1591-4-2025,IEEE 1591.4-2025,IEEE Standard for Testing and Performance of Hardware for Optical Phase Conductor (OPPC),IEEE,standard,International / North America,overhead transmission lines - Overhead Utility Fiber,2025,"Consensus IEEE power and energy standard used where specified by law, code, authority having jurisdiction, utility requirement, project specification, or contract","IEEE Overhead Transmission Lines metadata record for overhead transmission line design, conductors, line ratings, structures, insulation, field effects, grounding, construction, inspection, maintenance, and overhead utility fiber; this record points to the official IEEE SA page for IEEE 1591.4-2025.",https://standards.ieee.org/ieee/1591.4/7596,,IEEE SA page status: Active Standard. Published: 2026-04-03. IEEE record number: 7596.
IEEE-1594-2020,IEEE 1594-2020,IEEE Standard for Helically-Applied Fiber Optic Cable Systems (WRAP) for Use on Overhead Utility Lines,IEEE,standard,International / North America,overhead transmission lines - Overhead Utility Fiber,2020,"Consensus IEEE power and energy standard used where specified by law, code, authority having jurisdiction, utility requirement, project specification, or contract","IEEE Overhead Transmission Lines metadata record for overhead transmission line design, conductors, line ratings, structures, insulation, field effects, grounding, construction, inspection, maintenance, and overhead utility fiber; this record points to the official IEEE SA page for IEEE 1594-2020.",https://standards.ieee.org/ieee/1594/7076,,IEEE SA page status: Active Standard. Published: 2021-03-26. IEEE record number: 7076.
IEEE-1595-2022,IEEE 1595-2022,IEEE Standard for Testing and Performance for Optical Phase Conductor (OPPC) for Use on Electrical Utility Power Lines,IEEE,standard,International / North America,overhead transmission lines - Overhead Utility Fiber,2022,"Consensus IEEE power and energy standard used where specified by law, code, authority having jurisdiction, utility requirement, project specification, or contract","IEEE Overhead Transmission Lines metadata record for overhead transmission line design, conductors, line ratings, structures, insulation, field effects, grounding, construction, inspection, maintenance, and overhead utility fiber; this record points to the official IEEE SA page for IEEE 1595-2022.",https://standards.ieee.org/ieee/1595/7090,,IEEE SA page status: Active Standard. Published: 2023-04-11. IEEE record number: 7090.
IEEE-1808-2024,IEEE 1808-2024,IEEE Guide for Collecting and Managing Transmission Line Inspection and Maintenance Data,IEEE,guide,International / North America,overhead transmission lines - Maintenance Grounding and Field Work,2024,"Consensus IEEE power and energy standard used where specified by law, code, authority having jurisdiction, utility requirement, project specification, or contract","IEEE Overhead Transmission Lines metadata record for overhead transmission line design, conductors, line ratings, structures, insulation, field effects, grounding, construction, inspection, maintenance, and overhead utility fiber; this record points to the official IEEE SA page for IEEE 1808-2024.",https://standards.ieee.org/ieee/1808/10588,,IEEE SA page status: Active Standard. Published: 2024-09-09. IEEE record number: 10588.
IEEE-1829-2025,IEEE 1829-2025,IEEE Guide for Conducting Corona Tests on Hardware Assemblies for Overhead Transmission Lines and Substations,IEEE,guide,International / North America,overhead transmission lines - Corona Field Effects and Interference,2025,"Consensus IEEE power and energy standard used where specified by law, code, authority having jurisdiction, utility requirement, project specification, or contract","IEEE Overhead Transmission Lines metadata record for overhead transmission line design, conductors, line ratings, structures, insulation, field effects, grounding, construction, inspection, maintenance, and overhead utility fiber; this record points to the official IEEE SA page for IEEE 1829-2025.",https://standards.ieee.org/ieee/1829/11620,,IEEE SA page status: Active Standard. Published: 2026-04-22. IEEE record number: 11620.
IEEE-1863-2024,IEEE 1863-2024,IEEE Guide for Overhead Alternating Current (AC) Transmission Line Design,IEEE,guide,International / North America,overhead transmission lines - Line Design and Criteria,2024,"Consensus IEEE power and energy standard used where specified by law, code, authority having jurisdiction, utility requirement, project specification, or contract","IEEE Overhead Transmission Lines metadata record for overhead transmission line design, conductors, line ratings, structures, insulation, field effects, grounding, construction, inspection, maintenance, and overhead utility fiber; this record points to the official IEEE SA page for IEEE 1863-2024.",https://standards.ieee.org/ieee/1863/10507,,IEEE SA page status: Active Standard. Published: 2024-08-05. IEEE record number: 10507.
IEEE-1897-2024,IEEE 1897-2024,IEEE Recommended Practice for Location of Power Line Gap Interference Sources,IEEE,recommended_practice,International / North America,overhead transmission lines - Corona Field Effects and Interference,2024,"Consensus IEEE power and energy standard used where specified by law, code, authority having jurisdiction, utility requirement, project specification, or contract","IEEE Overhead Transmission Lines metadata record for overhead transmission line design, conductors, line ratings, structures, insulation, field effects, grounding, construction, inspection, maintenance, and overhead utility fiber; this record points to the official IEEE SA page for IEEE 1897-2024.",https://standards.ieee.org/ieee/1897/6837,,IEEE SA page status: Active Standard. Published: 2024-09-20. IEEE record number: 6837.
IEEE-1936-2-2023,IEEE 1936.2-2023,IEEE Photogrammetric Technical Standard for Civil Light and Small Unmanned Aircraft Systems for Overhead Transmission Line Engineering,IEEE,standard,International / North America,overhead transmission lines - Inspection Survey and Weather Monitoring,2023,"Consensus IEEE power and energy standard used where specified by law, code, authority having jurisdiction, utility requirement, project specification, or contract","IEEE Overhead Transmission Lines metadata record for overhead transmission line design, conductors, line ratings, structures, insulation, field effects, grounding, construction, inspection, maintenance, and overhead utility fiber; this record points to the official IEEE SA page for IEEE 1936.2-2023.",https://standards.ieee.org/ieee/1936.2/10521,,IEEE SA page status: Active Standard. Published: 2023-06-16. IEEE record number: 10521.
IEEE-1936-3-2025,IEEE 1936.3-2025,IEEE Standard for Unmanned Aircraft Systems (UAS) using Light Detection and Ranging (LiDAR) for above 110 kV Overhead Transmission Line Survey and Design,IEEE,standard,International / North America,overhead transmission lines - Inspection Survey and Weather Monitoring,2025,"Consensus IEEE power and energy standard used where specified by law, code, authority having jurisdiction, utility requirement, project specification, or contract","IEEE Overhead Transmission Lines metadata record for overhead transmission line design, conductors, line ratings, structures, insulation, field effects, grounding, construction, inspection, maintenance, and overhead utility fiber; this record points to the official IEEE SA page for IEEE 1936.3-2025.",https://standards.ieee.org/ieee/1936.3/11009,,IEEE SA page status: Active Standard. Published: 2025-08-14. IEEE record number: 11009.
IEEE-2445-2018,IEEE 2445-2018,IEEE/NACE Draft Standard Practice - Inspection and Assessment of Below Grade and Groundline Corrosion on Weathering Steel on Electrical Transmission and Distribution Structures,IEEE,standard,International / North America,overhead transmission lines - Structures and Corrosion,2018,"Consensus IEEE power and energy standard used where specified by law, code, authority having jurisdiction, utility requirement, project specification, or contract","IEEE Overhead Transmission Lines metadata record for overhead transmission line design, conductors, line ratings, structures, insulation, field effects, grounding, construction, inspection, maintenance, and overhead utility fiber; this record points to the official IEEE SA page for IEEE 2445-2018.",https://standards.ieee.org/ieee/2445/7190,,IEEE SA page status: Active Standard. IEEE record number: 7190.
IEEE-2655-2018,IEEE/NACE 2655-2018,"IEEE/NACE Approved Draft Standard - Atmospheric Above Grade Inspection and Assessment of Corrosion on Steel Electrical Transmission, Distribution, and Substation Structures",IEEE,standard,International / North America,overhead transmission lines - Structures and Corrosion,2018,"Consensus IEEE power and energy standard used where specified by law, code, authority having jurisdiction, utility requirement, project specification, or contract","IEEE Overhead Transmission Lines metadata record for overhead transmission line design, conductors, line ratings, structures, insulation, field effects, grounding, construction, inspection, maintenance, and overhead utility fiber; this record points to the official IEEE SA page for IEEE/NACE 2655-2018.",https://standards.ieee.org/ieee/2655/7365,,IEEE SA page status: Active Standard. IEEE record number: 7365.
IEEE-2683-2022,IEEE 2683-2022,AMPP/IEEE Guide to Strength Loss of Tubular Steel Poles,IEEE,guide,International / North America,overhead transmission lines - Structures and Corrosion,2022,"Consensus IEEE power and energy standard used where specified by law, code, authority having jurisdiction, utility requirement, project specification, or contract","IEEE Overhead Transmission Lines metadata record for overhead transmission line design, conductors, line ratings, structures, insulation, field effects, grounding, construction, inspection, maintenance, and overhead utility fiber; this record points to the official IEEE SA page for IEEE 2683-2022.",https://standards.ieee.org/ieee/2683/7402,,IEEE SA page status: Active Standard. Published: 2023-02-06. IEEE record number: 7402.
IEEE-2746-2020,IEEE 2746-2020,IEEE Guide for Evaluating AC Interference on Linear Facilities Co-Located Near Transmission Lines,IEEE,guide,International / North America,overhead transmission lines - Corona Field Effects and Interference,2020,"Consensus IEEE power and energy standard used where specified by law, code, authority having jurisdiction, utility requirement, project specification, or contract","IEEE Overhead Transmission Lines metadata record for overhead transmission line design, conductors, line ratings, structures, insulation, field effects, grounding, construction, inspection, maintenance, and overhead utility fiber; this record points to the official IEEE SA page for IEEE 2746-2020.",https://standards.ieee.org/ieee/2746/7263,,IEEE SA page status: Active Standard. Published: 2020-07-08. IEEE record number: 7263.
IEEE-2797-2024,IEEE 2797-2024,IEEE Guide for Forecast and Early Warning of Icing on Overhead Transmission Lines in Microtopographic Areas,IEEE,guide,International / North America,overhead transmission lines - Inspection Survey and Weather Monitoring,2024,"Consensus IEEE power and energy standard used where specified by law, code, authority having jurisdiction, utility requirement, project specification, or contract","IEEE Overhead Transmission Lines metadata record for overhead transmission line design, conductors, line ratings, structures, insulation, field effects, grounding, construction, inspection, maintenance, and overhead utility fiber; this record points to the official IEEE SA page for IEEE 2797-2024.",https://standards.ieee.org/ieee/2797/7463,,IEEE SA page status: Active Standard. Published: 2025-04-02. IEEE record number: 7463.
IEEE-2819-2025,IEEE 2819-2025,IEEE Recommended Practice for Measuring Electromagnetic Fields from Overhead Power Transmission Lines in Shared AC and DC Corridors,IEEE,recommended_practice,International / North America,overhead transmission lines - Corona Field Effects and Interference,2025,"Consensus IEEE power and energy standard used where specified by law, code, authority having jurisdiction, utility requirement, project specification, or contract","IEEE Overhead Transmission Lines metadata record for overhead transmission line design, conductors, line ratings, structures, insulation, field effects, grounding, construction, inspection, maintenance, and overhead utility fiber; this record points to the official IEEE SA page for IEEE 2819-2025.",https://standards.ieee.org/ieee/2819/11291,,IEEE SA page status: Active Standard. Published: 2025-06-27. IEEE record number: 11291.
IEEE-2821-2020,IEEE 2821-2020,IEEE Guide for Unmanned Aerial Vehicle-Based Patrol Inspection System for Transmission Lines,IEEE,guide,International / North America,overhead transmission lines - Inspection Survey and Weather Monitoring,2020,"Consensus IEEE power and energy standard used where specified by law, code, authority having jurisdiction, utility requirement, project specification, or contract","IEEE Overhead Transmission Lines metadata record for overhead transmission line design, conductors, line ratings, structures, insulation, field effects, grounding, construction, inspection, maintenance, and overhead utility fiber; this record points to the official IEEE SA page for IEEE 2821-2020.",https://standards.ieee.org/ieee/2821/7642,,IEEE SA page status: Active Standard. Published: 2020-11-25. IEEE record number: 7642.
IEEE-2828-2021,IEEE 2828-2021,IEEE Guide for Measuring Method of Overhead Power Transmission Line Galloping Based on Monocular Video,IEEE,guide,International / North America,overhead transmission lines - Inspection Survey and Weather Monitoring,2021,"Consensus IEEE power and energy standard used where specified by law, code, authority having jurisdiction, utility requirement, project specification, or contract","IEEE Overhead Transmission Lines metadata record for overhead transmission line design, conductors, line ratings, structures, insulation, field effects, grounding, construction, inspection, maintenance, and overhead utility fiber; this record points to the official IEEE SA page for IEEE 2828-2021.",https://standards.ieee.org/ieee/2828/7689,,IEEE SA page status: Active Standard. Published: 2021-06-29. IEEE record number: 7689.
IEEE-2833-2024,IEEE 2833-2024,IEEE Guide for Overhead Transmission Lines with Composite Insulated Crossarm Supports,IEEE,guide,International / North America,overhead transmission lines - Insulators and Line Supports,2024,"Consensus IEEE power and energy standard used where specified by law, code, authority having jurisdiction, utility requirement, project specification, or contract","IEEE Overhead Transmission Lines metadata record for overhead transmission line design, conductors, line ratings, structures, insulation, field effects, grounding, construction, inspection, maintenance, and overhead utility fiber; this record points to the official IEEE SA page for IEEE 2833-2024.",https://standards.ieee.org/ieee/2833/7692,,IEEE SA page status: Active Standard. Published: 2024-12-20. IEEE record number: 7692.
IEEE-2954-2023,IEEE 2954-2023,IEEE Recommended Practice for Overhead Transmission Line Design,IEEE,recommended_practice,International / North America,overhead transmission lines - Line Design and Criteria,2023,"Consensus IEEE power and energy standard used where specified by law, code, authority having jurisdiction, utility requirement, project specification, or contract","IEEE Overhead Transmission Lines metadata record for overhead transmission line design, conductors, line ratings, structures, insulation, field effects, grounding, construction, inspection, maintenance, and overhead utility fiber; this record points to the official IEEE SA page for IEEE 2954-2023.",https://standards.ieee.org/ieee/2954/10410,,IEEE SA page status: Active Standard. Published: 2024-03-07. IEEE record number: 10410.
IEEE-3133-2023,IEEE 3133-2023,IEEE Guide for Direct-Current Ice-Melting Technology of Overhead Transmission Lines,IEEE,guide,International / North America,overhead transmission lines - Inspection Survey and Weather Monitoring,2023,"Consensus IEEE power and energy standard used where specified by law, code, authority having jurisdiction, utility requirement, project specification, or contract","IEEE Overhead Transmission Lines metadata record for overhead transmission line design, conductors, line ratings, structures, insulation, field effects, grounding, construction, inspection, maintenance, and overhead utility fiber; this record points to the official IEEE SA page for IEEE 3133-2023.",https://standards.ieee.org/ieee/3133/10754,,IEEE SA page status: Active Standard. Published: 2023-12-13. IEEE record number: 10754.
IEEE-3134-2025,IEEE 3134-2025,IEEE Guide for Drawing Regional Icing Maps for Overhead Transmission Lines,IEEE,guide,International / North America,overhead transmission lines - Inspection Survey and Weather Monitoring,2025,"Consensus IEEE power and energy standard used where specified by law, code, authority having jurisdiction, utility requirement, project specification, or contract","IEEE Overhead Transmission Lines metadata record for overhead transmission line design, conductors, line ratings, structures, insulation, field effects, grounding, construction, inspection, maintenance, and overhead utility fiber; this record points to the official IEEE SA page for IEEE 3134-2025.",https://standards.ieee.org/ieee/3134/10755,,IEEE SA page status: Active Standard. Published: 2025-10-24. IEEE record number: 10755.
IEEE-3336-2025,IEEE 3336-2025,IEEE Guide for Vibration Tests for Aircraft Warning Marker Balls on Overhead Transmission Lines,IEEE,guide,International / North America,overhead transmission lines - Inspection Survey and Weather Monitoring,2025,"Consensus IEEE power and energy standard used where specified by law, code, authority having jurisdiction, utility requirement, project specification, or contract","IEEE Overhead Transmission Lines metadata record for overhead transmission line design, conductors, line ratings, structures, insulation, field effects, grounding, construction, inspection, maintenance, and overhead utility fiber; this record points to the official IEEE SA page for IEEE 3336-2025.",https://standards.ieee.org/ieee/3336/11132,,IEEE SA page status: Active Standard. Published: 2026-04-09. IEEE record number: 11132.
IEEE-1547-2018,IEEE 1547-2018,IEEE Standard for Interconnection and Interoperability of Distributed Energy Resources with Associated Electric Power Systems Interfaces,IEEE,standard,International / North America,1547 DER interconnection - Interconnection Requirements,2018,"Consensus IEEE power and energy standard used where specified by law, code, authority having jurisdiction, utility requirement, project specification, or contract","IEEE 1547 family metadata record for distributed energy resource interconnection, interoperability, conformance testing, and application guidance; this record points to the official IEEE SA page for IEEE 1547-2018.",https://standards.ieee.org/ieee/1547/5915,,IEEE SA page status: Active Standard. Published: 2018-04-06. IEEE record number: 5915.
IEEE-1547-1-2020,IEEE 1547.1-2020,IEEE Standard Conformance Test Procedures for Equipment Interconnecting Distributed Energy Resources with Electric Power Systems and Associated Interfaces,IEEE,standard,International / North America,1547 DER interconnection - Conformance Testing and Verification,2020,"Consensus IEEE power and energy standard used where specified by law, code, authority having jurisdiction, utility requirement, project specification, or contract","IEEE 1547 family metadata record for distributed energy resource interconnection, interoperability, conformance testing, and application guidance; this record points to the official IEEE SA page for IEEE 1547.1-2020.",https://standards.ieee.org/ieee/1547.1/6039,,IEEE SA page status: Active Standard. Published: 2020-05-21. IEEE record number: 6039.
IEEE-1547-2-2023,IEEE 1547.2-2023,"IEEE Application Guide for IEEE Std 1547-2018, IEEE Standard for Interconnection and Interoperability of Distributed Energy Resources with Associated Electric Power Systems Interfaces",IEEE,guide,International / North America,1547 DER interconnection - Application Guides,2023,"Consensus IEEE power and energy standard used where specified by law, code, authority having jurisdiction, utility requirement, project specification, or contract","IEEE 1547 family metadata record for distributed energy resource interconnection, interoperability, conformance testing, and application guidance; this record points to the official IEEE SA page for IEEE 1547.2-2023.",https://standards.ieee.org/ieee/1547.2/7166,,IEEE SA page status: Active Standard. Published: 2024-05-20. IEEE record number: 7166.
IEEE-1547-3-2023,IEEE 1547.3-2023,IEEE Guide for Cybersecurity of Distributed Energy Resources Interconnected with Electric Power Systems,IEEE,guide,International / North America,1547 DER interconnection - Application Guides,2023,"Consensus IEEE power and energy standard used where specified by law, code, authority having jurisdiction, utility requirement, project specification, or contract","IEEE 1547 family metadata record for distributed energy resource interconnection, interoperability, conformance testing, and application guidance; this record points to the official IEEE SA page for IEEE 1547.3-2023.",https://standards.ieee.org/ieee/1547.3/10173,,IEEE SA page status: Active Standard. Published: 2023-12-11. IEEE record number: 10173.
IEEE-1547-9-2022,IEEE 1547.9-2022,IEEE Guide for Using IEEE Std 1547 for Interconnection of Energy Storage Distributed Energy Resources with Electric Power Systems,IEEE,guide,International / North America,1547 DER interconnection - Energy Storage DER,2022,"Consensus IEEE power and energy standard used where specified by law, code, authority having jurisdiction, utility requirement, project specification, or contract","IEEE 1547 family metadata record for distributed energy resource interconnection, interoperability, conformance testing, and application guidance; this record points to the official IEEE SA page for IEEE 1547.9-2022.",https://standards.ieee.org/ieee/1547.9/10875,,IEEE SA page status: Active Standard. Published: 2022-08-05. IEEE record number: 10875.
IEEE-1547A-2020,IEEE 1547a-2020,IEEE Standard for Interconnection and Interoperability of Distributed Energy Resources with Associated Electric Power Systems Interfaces--Amendment 1: To Provide More Flexibility for Adoption of Abnormal Operating Performance Category III,IEEE,amendment,International / North America,1547 DER interconnection - Interconnection Requirements,2020,"Consensus IEEE power and energy standard used where specified by law, code, authority having jurisdiction, utility requirement, project specification, or contract","IEEE 1547 family metadata record for distributed energy resource interconnection, interoperability, conformance testing, and application guidance; this record points to the official IEEE SA page for IEEE 1547a-2020.",https://standards.ieee.org/ieee/1547a/7696,,IEEE SA page status: Active Standard. Published: 2020-04-15. IEEE record number: 7696.
IEEE-1584-2018,IEEE 1584-2018,IEEE Guide for Performing Arc-Flash Hazard Calculations,IEEE,guide,International / North America,1584 arc-flash hazard - Hazard Calculations,2018,"Consensus IEEE power and energy standard used where specified by law, code, authority having jurisdiction, utility requirement, project specification, or contract","IEEE Arc-Flash Hazard metadata record for arc-flash hazard calculations, study scoping, deliverables, and data collection; this record points to the official IEEE SA page for IEEE 1584-2018.",https://standards.ieee.org/ieee/1584/5802,,IEEE SA page status: Active Standard. Published: 2018-11-30. IEEE record number: 5802.
IEEE-1584-1-2022,IEEE 1584.1-2022,IEEE Guide for the Specification of Scope and Deliverable Requirements for an Arc-Flash Hazard Calculation Study in Accordance with IEEE Std 1584,IEEE,guide,International / North America,1584 arc-flash hazard - Study Scope and Deliverables,2022,"Consensus IEEE power and energy standard used where specified by law, code, authority having jurisdiction, utility requirement, project specification, or contract","IEEE Arc-Flash Hazard metadata record for arc-flash hazard calculations, study scoping, deliverables, and data collection; this record points to the official IEEE SA page for IEEE 1584.1-2022.",https://standards.ieee.org/ieee/1584.1/7468,,IEEE SA page status: Active Standard. Published: 2022-07-12. IEEE record number: 7468.
IEEE-1584-2-2025,IEEE 1584.2-2025,IEEE Guide and Checklists for Data Collection for Performing an Arc-Flash Hazard Calculation Study in Accordance with IEEE Std 1584 and IEEE Std 1584.1 for Systems Operating at Three-Phase 50/60 Hz AC 1000 V and Below,IEEE,guide,International / North America,1584 arc-flash hazard - Data Collection,2025,"Consensus IEEE power and energy standard used where specified by law, code, authority having jurisdiction, utility requirement, project specification, or contract","IEEE Arc-Flash Hazard metadata record for arc-flash hazard calculations, study scoping, deliverables, and data collection; this record points to the official IEEE SA page for IEEE 1584.2-2025.",https://standards.ieee.org/ieee/1584.2/11030,,IEEE SA page status: Active Standard. Published: 2025-09-19. IEEE record number: 11030.
IEEE-2030-1-1-2021,IEEE 2030.1.1-2021,IEEE Standard for Technical Specifications of a DC Quick and Bidirectional Charger for Use with Electric Vehicles,IEEE,standard,International / North America,2030 smart grid DERMS and microgrids - EV Charging and Virtual Power Plants,2021,"Consensus IEEE power and energy standard used where specified by law, code, authority having jurisdiction, utility requirement, project specification, or contract","IEEE 2030 family metadata record for smart grid interoperability, microgrid controllers, DER management systems, and grid control automation; this record points to the official IEEE SA page for IEEE 2030.1.1-2021.",https://standards.ieee.org/ieee/2030.1.1/7171,,IEEE SA page status: Active Standard. Published: 2022-02-18. IEEE record number: 7171.
IEEE-2030-2-1-2019,IEEE 2030.2.1-2019,"IEEE Guide for Design, Operation, and Maintenance of Battery Energy Storage Systems, both Stationary and Mobile, and Applications Integrated with Electric Power Systems",IEEE,guide,International / North America,2030 smart grid DERMS and microgrids - Energy Storage Integration,2019,"Consensus IEEE power and energy standard used where specified by law, code, authority having jurisdiction, utility requirement, project specification, or contract","IEEE 2030 family metadata record for smart grid interoperability, microgrid controllers, DER management systems, and grid control automation; this record points to the official IEEE SA page for IEEE 2030.2.1-2019.",https://standards.ieee.org/ieee/2030.2.1/5832,,IEEE SA page status: Active Standard. Published: 2019-12-13. IEEE record number: 5832.
IEEE-2030-3-2016,IEEE 2030.3-2016,IEEE Standard Test Procedures for Electric Energy Storage Equipment and Systems for Electric Power Systems Applications,IEEE,standard,International / North America,2030 smart grid DERMS and microgrids - Energy Storage Integration,2016,"Consensus IEEE power and energy standard used where specified by law, code, authority having jurisdiction, utility requirement, project specification, or contract","IEEE 2030 family metadata record for smart grid interoperability, microgrid controllers, DER management systems, and grid control automation; this record points to the official IEEE SA page for IEEE 2030.3-2016.",https://standards.ieee.org/ieee/2030.3/5076,,IEEE SA page status: Active Standard. Published: 2016-09-30. IEEE record number: 5076.
IEEE-2030-4-2023,IEEE 2030.4-2023,IEEE Guide for Control and Automation Installations Applied to the Electric Power Infrastructure,IEEE,guide,International / North America,2030 smart grid DERMS and microgrids - Control and Automation,2023,"Consensus IEEE power and energy standard used where specified by law, code, authority having jurisdiction, utility requirement, project specification, or contract","IEEE 2030 family metadata record for smart grid interoperability, microgrid controllers, DER management systems, and grid control automation; this record points to the official IEEE SA page for IEEE 2030.4-2023.",https://standards.ieee.org/ieee/2030.4/7060,,IEEE SA page status: Active Standard. Published: 2023-11-22. IEEE record number: 7060.
IEEE-2030-5-2023,IEEE 2030.5-2023,IEEE Standard for Smart Energy Profile Application Protocol,IEEE,standard,International / North America,2030 smart grid DERMS and microgrids - General Smart Grid Integration,2023,"Consensus IEEE power and energy standard used where specified by law, code, authority having jurisdiction, utility requirement, project specification, or contract","IEEE 2030 family metadata record for smart grid interoperability, microgrid controllers, DER management systems, and grid control automation; this record points to the official IEEE SA page for IEEE 2030.5-2023.",https://standards.ieee.org/ieee/2030.5/11216,,IEEE SA page status: Active Standard. Published: 2024-12-11. IEEE record number: 11216.
IEEE-2030-6-2016,IEEE 2030.6-2016,IEEE Guide for the Benefit Evaluation of Electric Power Grid Customer Demand Response,IEEE,guide,International / North America,2030 smart grid DERMS and microgrids - General Smart Grid Integration,2016,"Consensus IEEE power and energy standard used where specified by law, code, authority having jurisdiction, utility requirement, project specification, or contract","IEEE 2030 family metadata record for smart grid interoperability, microgrid controllers, DER management systems, and grid control automation; this record points to the official IEEE SA page for IEEE 2030.6-2016.",https://standards.ieee.org/ieee/2030.6/5783,,IEEE SA page status: Active Standard. Published: 2016-12-16. IEEE record number: 5783.
IEEE-2030-7-2017,IEEE 2030.7-2017,IEEE Standard for the Specification of Microgrid Controllers,IEEE,standard,International / North America,2030 smart grid DERMS and microgrids - Microgrids and Controllers,2017,"Consensus IEEE power and energy standard used where specified by law, code, authority having jurisdiction, utility requirement, project specification, or contract","IEEE 2030 family metadata record for smart grid interoperability, microgrid controllers, DER management systems, and grid control automation; this record points to the official IEEE SA page for IEEE 2030.7-2017.",https://standards.ieee.org/ieee/2030.7/5941,,IEEE SA page status: Active Standard. Published: 2018-04-23. IEEE record number: 5941.
IEEE-2030-8-2018,IEEE 2030.8-2018,IEEE Standard for the Testing of Microgrid Controllers,IEEE,standard,International / North America,2030 smart grid DERMS and microgrids - Microgrids and Controllers,2018,"Consensus IEEE power and energy standard used where specified by law, code, authority having jurisdiction, utility requirement, project specification, or contract","IEEE 2030 family metadata record for smart grid interoperability, microgrid controllers, DER management systems, and grid control automation; this record points to the official IEEE SA page for IEEE 2030.8-2018.",https://standards.ieee.org/ieee/2030.8/6169,,IEEE SA page status: Active Standard. Published: 2018-08-24. IEEE record number: 6169.
IEEE-2030-9-2019,IEEE 2030.9-2019,IEEE Recommended Practice for the Planning and Design of the Microgrid,IEEE,recommended_practice,International / North America,2030 smart grid DERMS and microgrids - Microgrids and Controllers,2019,"Consensus IEEE power and energy standard used where specified by law, code, authority having jurisdiction, utility requirement, project specification, or contract","IEEE 2030 family metadata record for smart grid interoperability, microgrid controllers, DER management systems, and grid control automation; this record points to the official IEEE SA page for IEEE 2030.9-2019.",https://standards.ieee.org/ieee/2030.9/6079,,IEEE SA page status: Active Standard. Published: 2019-07-03. IEEE record number: 6079.
IEEE-2030-10-2021,IEEE 2030.10-2021,IEEE Standard for DC Microgrids for Rural and Remote Electricity Access Applications,IEEE,standard,International / North America,2030 smart grid DERMS and microgrids - Microgrids and Controllers,2021,"Consensus IEEE power and energy standard used where specified by law, code, authority having jurisdiction, utility requirement, project specification, or contract","IEEE 2030 family metadata record for smart grid interoperability, microgrid controllers, DER management systems, and grid control automation; this record points to the official IEEE SA page for IEEE 2030.10-2021.",https://standards.ieee.org/ieee/2030.10/10742,,IEEE SA page status: Active Standard. Published: 2021-12-15. IEEE record number: 10742.
IEEE-2030-10-1-2023,IEEE 2030.10.1-2023,IEEE Standard for Electricity Access Requirements with Safety Extra-Low Voltage Direct Current for Tier 2 and Tier 3 of the Energy Sector Management Assistance Program (ESMAP) Multi-Tier Framework for Household Electricity Supply,IEEE,standard,International / North America,2030 smart grid DERMS and microgrids - Energy Storage Integration,2023,"Consensus IEEE power and energy standard used where specified by law, code, authority having jurisdiction, utility requirement, project specification, or contract","IEEE 2030 family metadata record for smart grid interoperability, microgrid controllers, DER management systems, and grid control automation; this record points to the official IEEE SA page for IEEE 2030.10.1-2023.",https://standards.ieee.org/ieee/2030.10.1/11007,,IEEE SA page status: Active Standard. Published: 2024-08-16. IEEE record number: 11007.
IEEE-2030-11-2021,IEEE 2030.11-2021,IEEE Guide for Distributed Energy Resources Management Systems (DERMS) Functional Specification,IEEE,guide,International / North America,2030 smart grid DERMS and microgrids - DERMS and Aggregation,2021,"Consensus IEEE power and energy standard used where specified by law, code, authority having jurisdiction, utility requirement, project specification, or contract","IEEE 2030 family metadata record for smart grid interoperability, microgrid controllers, DER management systems, and grid control automation; this record points to the official IEEE SA page for IEEE 2030.11-2021.",https://standards.ieee.org/ieee/2030.11/7259,,IEEE SA page status: Active Standard. Published: 2021-06-09. IEEE record number: 7259.
IEEE-2030-12-2025,IEEE 2030.12-2025,IEEE Guide for the Design of Microgrid Protection Systems,IEEE,guide,International / North America,2030 smart grid DERMS and microgrids - Microgrids and Controllers,2025,"Consensus IEEE power and energy standard used where specified by law, code, authority having jurisdiction, utility requirement, project specification, or contract","IEEE 2030 family metadata record for smart grid interoperability, microgrid controllers, DER management systems, and grid control automation; this record points to the official IEEE SA page for IEEE 2030.12-2025.",https://standards.ieee.org/ieee/2030.12/7398,,IEEE SA page status: Active Standard. Published: 2025-10-23. IEEE record number: 7398.
IEEE-2030-13-2024,IEEE 2030.13-2024,IEEE Guide for Electric Transportation Fast Charging Station Management System Functional Specification,IEEE,guide,International / North America,2030 smart grid DERMS and microgrids - EV Charging and Virtual Power Plants,2024,"Consensus IEEE power and energy standard used where specified by law, code, authority having jurisdiction, utility requirement, project specification, or contract","IEEE 2030 family metadata record for smart grid interoperability, microgrid controllers, DER management systems, and grid control automation; this record points to the official IEEE SA page for IEEE 2030.13-2024.",https://standards.ieee.org/ieee/2030.13/10407,,IEEE SA page status: Active Standard. Published: 2024-07-03. IEEE record number: 10407.
IEEE-2030-100-2017,IEEE 2030.100-2017,"IEEE Recommended Practice for Implementing an IEC 61850-Based Substation Communications, Protection, Monitoring, and Control System",IEEE,recommended_practice,International / North America,2030 smart grid DERMS and microgrids - Control and Automation,2017,"Consensus IEEE power and energy standard used where specified by law, code, authority having jurisdiction, utility requirement, project specification, or contract","IEEE 2030 family metadata record for smart grid interoperability, microgrid controllers, DER management systems, and grid control automation; this record points to the official IEEE SA page for IEEE 2030.100-2017.",https://standards.ieee.org/ieee/2030.100/5488,,IEEE SA page status: Active Standard. Published: 2017-06-19. IEEE record number: 5488.
IEEE-2030-101-2018,IEEE 2030.101-2018,IEEE Guide for Designing a Time Synchronization System for Power Substations,IEEE,guide,International / North America,2030 smart grid DERMS and microgrids - General Smart Grid Integration,2018,"Consensus IEEE power and energy standard used where specified by law, code, authority having jurisdiction, utility requirement, project specification, or contract","IEEE 2030 family metadata record for smart grid interoperability, microgrid controllers, DER management systems, and grid control automation; this record points to the official IEEE SA page for IEEE 2030.101-2018.",https://standards.ieee.org/ieee/2030.101/5572,,IEEE SA page status: Active Standard. Published: 2018-07-26. IEEE record number: 5572.
IEEE-2030-102-1-2020,IEEE 2030.102.1-2020,IEEE Standard for Interoperability of Internet Protocol Security (IPsec) Utilized within Utility Control Systems,IEEE,standard,International / North America,2030 smart grid DERMS and microgrids - Control and Automation,2020,"Consensus IEEE power and energy standard used where specified by law, code, authority having jurisdiction, utility requirement, project specification, or contract","IEEE 2030 family metadata record for smart grid interoperability, microgrid controllers, DER management systems, and grid control automation; this record points to the official IEEE SA page for IEEE 2030.102.1-2020.",https://standards.ieee.org/ieee/2030.102.1/6069,,IEEE SA page status: Active Standard. Published: 2021-03-12. IEEE record number: 6069.
IEEE-450-2020,IEEE 450-2020,"IEEE Recommended Practice for Maintenance, Testing, and Replacement of Vented Lead-Acid Batteries for Stationary Applications",IEEE,recommended_practice,International / North America,battery and dc systems - Vented Lead-Acid Batteries,2020,"Consensus IEEE power and energy standard used where specified by law, code, authority having jurisdiction, utility requirement, project specification, or contract","IEEE Batteries and DC Systems metadata record for stationary batteries, battery energy storage technologies, battery monitoring, chargers, ventilation, safety, and related DC power systems; this record points to the official IEEE SA page for IEEE 450-2020.",https://standards.ieee.org/ieee/450/6772,,IEEE SA page status: Active Standard. Published: 2021-03-05. IEEE record number: 6772.
IEEE-484-2019,IEEE 484-2019,IEEE Recommended Practice for Installation Design and Installation of Vented Lead-Acid Batteries for Stationary Applications,IEEE,recommended_practice,International / North America,battery and dc systems - Vented Lead-Acid Batteries,2019,"Consensus IEEE power and energy standard used where specified by law, code, authority having jurisdiction, utility requirement, project specification, or contract","IEEE Batteries and DC Systems metadata record for stationary batteries, battery energy storage technologies, battery monitoring, chargers, ventilation, safety, and related DC power systems; this record points to the official IEEE SA page for IEEE 484-2019.",https://standards.ieee.org/ieee/484/5765,,IEEE SA page status: Active Standard. Published: 2020-07-17. IEEE record number: 5765.
IEEE-485-2020,IEEE 485-2020,IEEE Recommended Practice for Sizing Lead-Acid Batteries for Stationary Applications,IEEE,recommended_practice,International / North America,battery and dc systems - Vented Lead-Acid Batteries,2020,"Consensus IEEE power and energy standard used where specified by law, code, authority having jurisdiction, utility requirement, project specification, or contract","IEEE Batteries and DC Systems metadata record for stationary batteries, battery energy storage technologies, battery monitoring, chargers, ventilation, safety, and related DC power systems; this record points to the official IEEE SA page for IEEE 485-2020.",https://standards.ieee.org/ieee/485/6726,,IEEE SA page status: Active Standard. Published: 2020-06-05. IEEE record number: 6726.
IEEE-937-2019,IEEE 937-2019,IEEE Recommended Practice for Installation and Maintenance of Lead-Acid Batteries for Photovoltaic (PV) Systems,IEEE,recommended_practice,International / North America,battery and dc systems - PV and Remote Hybrid Battery Systems,2019,"Consensus IEEE power and energy standard used where specified by law, code, authority having jurisdiction, utility requirement, project specification, or contract","IEEE Batteries and DC Systems metadata record for stationary batteries, battery energy storage technologies, battery monitoring, chargers, ventilation, safety, and related DC power systems; this record points to the official IEEE SA page for IEEE 937-2019.",https://standards.ieee.org/ieee/937/7164,,IEEE SA page status: Active Standard. Published: 2020-02-28. IEEE record number: 7164.
IEEE-946-2020,IEEE 946-2020,IEEE Recommended Practice for the Design of DC Power Systems for Stationary Applications,IEEE,recommended_practice,International / North America,battery and dc systems - DC Power Systems and Chargers,2020,"Consensus IEEE power and energy standard used where specified by law, code, authority having jurisdiction, utility requirement, project specification, or contract","IEEE Batteries and DC Systems metadata record for stationary batteries, battery energy storage technologies, battery monitoring, chargers, ventilation, safety, and related DC power systems; this record points to the official IEEE SA page for IEEE 946-2020.",https://standards.ieee.org/ieee/946/6139,,IEEE SA page status: Active Standard. Published: 2020-09-23. IEEE record number: 6139.
IEEE-1013-2019,IEEE 1013-2019,IEEE Recommended Practice for Sizing Lead-Acid Batteries for Stand-Alone Photovoltaic (PV) Systems,IEEE,recommended_practice,International / North America,battery and dc systems - PV and Remote Hybrid Battery Systems,2019,"Consensus IEEE power and energy standard used where specified by law, code, authority having jurisdiction, utility requirement, project specification, or contract","IEEE Batteries and DC Systems metadata record for stationary batteries, battery energy storage technologies, battery monitoring, chargers, ventilation, safety, and related DC power systems; this record points to the official IEEE SA page for IEEE 1013-2019.",https://standards.ieee.org/ieee/1013/7165,,IEEE SA page status: Active Standard. Published: 2019-09-20. IEEE record number: 7165.
IEEE-1115-2025,IEEE 1115-2025,IEEE Recommended Practice for Sizing Nickel-Cadmium Batteries for Stationary Applications,IEEE,recommended_practice,International / North America,battery and dc systems - Nickel-Cadmium Batteries,2025,"Consensus IEEE power and energy standard used where specified by law, code, authority having jurisdiction, utility requirement, project specification, or contract","IEEE Batteries and DC Systems metadata record for stationary batteries, battery energy storage technologies, battery monitoring, chargers, ventilation, safety, and related DC power systems; this record points to the official IEEE SA page for IEEE 1115-2025.",https://standards.ieee.org/ieee/1115/11969,,IEEE SA page status: Active Standard. Published: 2025-11-28. IEEE record number: 11969.
IEEE-1184-2022,IEEE 1184-2022,IEEE Guide for Batteries for Uninterruptible Power Supply Systems,IEEE,guide,International / North America,battery and dc systems - UPS Battery Systems,2022,"Consensus IEEE power and energy standard used where specified by law, code, authority having jurisdiction, utility requirement, project specification, or contract","IEEE Batteries and DC Systems metadata record for stationary batteries, battery energy storage technologies, battery monitoring, chargers, ventilation, safety, and related DC power systems; this record points to the official IEEE SA page for IEEE 1184-2022.",https://standards.ieee.org/ieee/1184/6969,,IEEE SA page status: Active Standard. Published: 2022-05-16. IEEE record number: 6969.
IEEE-1188-2025,IEEE 1188-2025,"IEEE Approved Draft Recommended Practice for Maintenance, Testing, and Replacement of Valve-Regulated Lead-Acid (VRLA) Batteries for Stationary Applications",IEEE,recommended_practice,International / North America,battery and dc systems - Valve-Regulated Lead-Acid Batteries,2025,"Consensus IEEE power and energy standard used where specified by law, code, authority having jurisdiction, utility requirement, project specification, or contract","IEEE Batteries and DC Systems metadata record for stationary batteries, battery energy storage technologies, battery monitoring, chargers, ventilation, safety, and related DC power systems; this record points to the official IEEE SA page for IEEE 1188-2025.",https://standards.ieee.org/ieee/1188/11656,,IEEE SA page status: Active Standard. IEEE record number: 11656.
IEEE-1561-2019,IEEE 1561-2019,IEEE Guide for Optimizing the Performance and Life of Lead-Acid Batteries in Remote Hybrid Power Systems,IEEE,guide,International / North America,battery and dc systems - PV and Remote Hybrid Battery Systems,2019,"Consensus IEEE power and energy standard used where specified by law, code, authority having jurisdiction, utility requirement, project specification, or contract","IEEE Batteries and DC Systems metadata record for stationary batteries, battery energy storage technologies, battery monitoring, chargers, ventilation, safety, and related DC power systems; this record points to the official IEEE SA page for IEEE 1561-2019.",https://standards.ieee.org/ieee/1561/7167,,IEEE SA page status: Active Standard. Published: 2019-06-07. IEEE record number: 7167.
IEEE-1562-2021,IEEE 1562-2021,IEEE Recommended Practice for Sizing Stand-Alone Photovoltaic (PV) Systems,IEEE,recommended_practice,International / North America,battery and dc systems - PV and Remote Hybrid Battery Systems,2021,"Consensus IEEE power and energy standard used where specified by law, code, authority having jurisdiction, utility requirement, project specification, or contract","IEEE Batteries and DC Systems metadata record for stationary batteries, battery energy storage technologies, battery monitoring, chargers, ventilation, safety, and related DC power systems; this record points to the official IEEE SA page for IEEE 1562-2021.",https://standards.ieee.org/ieee/1562/10272,,IEEE SA page status: Active Standard. Published: 2021-09-03. IEEE record number: 10272.
IEEE-1578-2018,IEEE 1578-2018,IEEE Recommended Practice for Stationary Battery Electrolyte Spill Containment and Management,IEEE,recommended_practice,International / North America,battery and dc systems - Safety Ventilation and Terminology,2018,"Consensus IEEE power and energy standard used where specified by law, code, authority having jurisdiction, utility requirement, project specification, or contract","IEEE Batteries and DC Systems metadata record for stationary batteries, battery energy storage technologies, battery monitoring, chargers, ventilation, safety, and related DC power systems; this record points to the official IEEE SA page for IEEE 1578-2018.",https://standards.ieee.org/ieee/1578/5982,,IEEE SA page status: Active Standard. Published: 2019-04-23. IEEE record number: 5982.
IEEE-1657-2018,IEEE 1657-2018,IEEE Recommended Practice for Personnel Qualifications for Installation and Maintenance of Stationary Batteries,IEEE,recommended_practice,International / North America,battery and dc systems - Safety Ventilation and Terminology,2018,"Consensus IEEE power and energy standard used where specified by law, code, authority having jurisdiction, utility requirement, project specification, or contract","IEEE Batteries and DC Systems metadata record for stationary batteries, battery energy storage technologies, battery monitoring, chargers, ventilation, safety, and related DC power systems; this record points to the official IEEE SA page for IEEE 1657-2018.",https://standards.ieee.org/ieee/1657/6858,,IEEE SA page status: Active Standard. Published: 2018-05-25. IEEE record number: 6858.
IEEE-1660-2018,IEEE 1660-2018,IEEE Guide for Application and Management of Stationary Batteries Used in Cycling Service,IEEE,guide,International / North America,battery and dc systems - Stationary Energy Storage Technologies,2018,"Consensus IEEE power and energy standard used where specified by law, code, authority having jurisdiction, utility requirement, project specification, or contract","IEEE Batteries and DC Systems metadata record for stationary batteries, battery energy storage technologies, battery monitoring, chargers, ventilation, safety, and related DC power systems; this record points to the official IEEE SA page for IEEE 1660-2018.",https://standards.ieee.org/ieee/1660/6859,,IEEE SA page status: Active Standard. Published: 2019-01-24. IEEE record number: 6859.
IEEE-1661-2019,IEEE 1661-2019,IEEE Guide for Test and Evaluation of Lead-Acid Batteries Used in Photovoltaic (PV) Hybrid Power Systems,IEEE,guide,International / North America,battery and dc systems - PV and Remote Hybrid Battery Systems,2019,"Consensus IEEE power and energy standard used where specified by law, code, authority having jurisdiction, utility requirement, project specification, or contract","IEEE Batteries and DC Systems metadata record for stationary batteries, battery energy storage technologies, battery monitoring, chargers, ventilation, safety, and related DC power systems; this record points to the official IEEE SA page for IEEE 1661-2019.",https://standards.ieee.org/ieee/1661/7169,,IEEE SA page status: Active Standard. Published: 2019-08-13. IEEE record number: 7169.
IEEE-1679-2020,IEEE 1679-2020,IEEE Recommended Practice for the Characterization and Evaluation of Energy Storage Technologies in Stationary Applications,IEEE,recommended_practice,International / North America,battery and dc systems - Stationary Energy Storage Technologies,2020,"Consensus IEEE power and energy standard used where specified by law, code, authority having jurisdiction, utility requirement, project specification, or contract","IEEE Batteries and DC Systems metadata record for stationary batteries, battery energy storage technologies, battery monitoring, chargers, ventilation, safety, and related DC power systems; this record points to the official IEEE SA page for IEEE 1679-2020.",https://standards.ieee.org/ieee/1679/7716,,IEEE SA page status: Active Standard. Published: 2020-04-10. IEEE record number: 7716.
IEEE-1679-1-2025,IEEE 1679.1-2025,IEEE Guide for the Characterization and Evaluation of Lithium-Based Batteries in Stationary Applications,IEEE,guide,International / North America,battery and dc systems - Stationary Energy Storage Technologies,2025,"Consensus IEEE power and energy standard used where specified by law, code, authority having jurisdiction, utility requirement, project specification, or contract","IEEE Batteries and DC Systems metadata record for stationary batteries, battery energy storage technologies, battery monitoring, chargers, ventilation, safety, and related DC power systems; this record points to the official IEEE SA page for IEEE 1679.1-2025.",https://standards.ieee.org/ieee/1679.1/11048,,IEEE SA page status: Active Standard. Published: 2025-05-16. IEEE record number: 11048.
IEEE-1679-2-2018,IEEE 1679.2-2018,IEEE Guide for the Characterization and Evaluation of Sodium-Beta Batteries in Stationary Applications,IEEE,guide,International / North America,battery and dc systems - Stationary Energy Storage Technologies,2018,"Consensus IEEE power and energy standard used where specified by law, code, authority having jurisdiction, utility requirement, project specification, or contract","IEEE Batteries and DC Systems metadata record for stationary batteries, battery energy storage technologies, battery monitoring, chargers, ventilation, safety, and related DC power systems; this record points to the official IEEE SA page for IEEE 1679.2-2018.",https://standards.ieee.org/ieee/1679.2/7194,,IEEE SA page status: Active Standard. Published: 2018-12-21. IEEE record number: 7194.
IEEE-1679-3-2025,IEEE 1679.3-2025,IEEE Guide for the Characterization and Evaluation of Flow Batteries in Stationary Applications,IEEE,guide,International / North America,battery and dc systems - Stationary Energy Storage Technologies,2025,"Consensus IEEE power and energy standard used where specified by law, code, authority having jurisdiction, utility requirement, project specification, or contract","IEEE Batteries and DC Systems metadata record for stationary batteries, battery energy storage technologies, battery monitoring, chargers, ventilation, safety, and related DC power systems; this record points to the official IEEE SA page for IEEE 1679.3-2025.",https://standards.ieee.org/ieee/1679.3/7461,,IEEE SA page status: Active Standard. Published: 2025-08-08. IEEE record number: 7461.
IEEE-1881-2016,IEEE 1881-2016,IEEE Standard Glossary of Stationary Battery Terminology,IEEE,standard,International / North America,battery and dc systems - Safety Ventilation and Terminology,2016,"Consensus IEEE power and energy standard used where specified by law, code, authority having jurisdiction, utility requirement, project specification, or contract","IEEE Batteries and DC Systems metadata record for stationary batteries, battery energy storage technologies, battery monitoring, chargers, ventilation, safety, and related DC power systems; this record points to the official IEEE SA page for IEEE 1881-2016.",https://standards.ieee.org/ieee/1881/5588,,IEEE SA page status: Active Standard. Published: 2016-08-30. IEEE record number: 5588.
IEEE-2405-2022,IEEE 2405-2022,IEEE Standard for the Design of Chargers Used in Stationary Battery Applications,IEEE,standard,International / North America,battery and dc systems - DC Power Systems and Chargers,2022,"Consensus IEEE power and energy standard used where specified by law, code, authority having jurisdiction, utility requirement, project specification, or contract","IEEE Batteries and DC Systems metadata record for stationary batteries, battery energy storage technologies, battery monitoring, chargers, ventilation, safety, and related DC power systems; this record points to the official IEEE SA page for IEEE 2405-2022.",https://standards.ieee.org/ieee/2405/5845,,IEEE SA page status: Active Standard. Published: 2022-11-07. IEEE record number: 5845.
IEEE-2686-2024,IEEE 2686-2024,IEEE Recommended Practice for Battery Management Systems in Stationary Energy Storage Applications,IEEE,recommended_practice,International / North America,battery and dc systems - Monitoring Protection and Management,2024,"Consensus IEEE power and energy standard used where specified by law, code, authority having jurisdiction, utility requirement, project specification, or contract","IEEE Batteries and DC Systems metadata record for stationary batteries, battery energy storage technologies, battery monitoring, chargers, ventilation, safety, and related DC power systems; this record points to the official IEEE SA page for IEEE 2686-2024.",https://standards.ieee.org/ieee/2686/7394,,IEEE SA page status: Active Standard. Published: 2025-02-07. IEEE record number: 7394.
IEEE-2962-2025,IEEE 2962-2025,"IEEE Recommended Practice for the Installation, Operation, Maintenance, Testing, and Replacement of Lithium-ion Batteries for Stationary Applications",IEEE,recommended_practice,International / North America,battery and dc systems - Stationary Energy Storage Technologies,2025,"Consensus IEEE power and energy standard used where specified by law, code, authority having jurisdiction, utility requirement, project specification, or contract","IEEE Batteries and DC Systems metadata record for stationary batteries, battery energy storage technologies, battery monitoring, chargers, ventilation, safety, and related DC power systems; this record points to the official IEEE SA page for IEEE 2962-2025.",https://standards.ieee.org/ieee/2962/10402,,IEEE SA page status: Active Standard. Published: 2026-03-25. IEEE record number: 10402.
IEEE-2993-2025,IEEE 2993-2025,IEEE Recommended Practice for Energy Storage System Design using Second-Life Electric Vehicle Batteries,IEEE,recommended_practice,International / North America,battery and dc systems - Stationary Energy Storage Technologies,2025,"Consensus IEEE power and energy standard used where specified by law, code, authority having jurisdiction, utility requirement, project specification, or contract","IEEE Batteries and DC Systems metadata record for stationary batteries, battery energy storage technologies, battery monitoring, chargers, ventilation, safety, and related DC power systems; this record points to the official IEEE SA page for IEEE 2993-2025.",https://standards.ieee.org/ieee/2993/10617,,IEEE SA page status: Active Standard. Published: 2025-06-06. IEEE record number: 10617.
IEEE-2800-2022,IEEE 2800-2022,IEEE Standard for Interconnection and Interoperability of Inverter-Based Resources (IBRs) Interconnecting with Associated Transmission Electric Power Systems,IEEE,standard,International / North America,2800 inverter-based resource interconnection - Transmission IBR Interconnection,2022,"Consensus IEEE power and energy standard used where specified by law, code, authority having jurisdiction, utility requirement, project specification, or contract","IEEE 2800 family metadata record for inverter-based resource interconnection, grid-forming capabilities, and bulk power system performance verification; this record points to the official IEEE SA page for IEEE 2800-2022.",https://standards.ieee.org/ieee/2800/10453,,IEEE SA page status: Active Standard. Published: 2022-04-22. IEEE record number: 10453.
IEEE-2800-2-2026,IEEE 2800.2-2026,IEEE Recommended Practice for Test and Verification Procedures for Inverter-Based Resources Interconnecting with Bulk Power Systems,IEEE,recommended_practice,International / North America,2800 inverter-based resource interconnection - Test and Verification,2026,"Consensus IEEE power and energy standard used where specified by law, code, authority having jurisdiction, utility requirement, project specification, or contract","IEEE 2800 family metadata record for inverter-based resource interconnection, grid-forming capabilities, and bulk power system performance verification; this record points to the official IEEE SA page for IEEE 2800.2-2026.",https://standards.ieee.org/ieee/2800.2/10616,,IEEE SA page status: Active Standard. Published: 2026-06-30. IEEE record number: 10616.
IEEE-3001-1-2025,IEEE 3001.1-2025,IEEE Recommended Practice for the Planning and Design of Industrial and Commercial Power Systems,IEEE,recommended_practice,International / North America,3000 industrial and commercial power systems - Power Systems Design,2025,"Consensus IEEE power and energy standard used where specified by law, code, authority having jurisdiction, utility requirement, project specification, or contract","IEEE 3000 family metadata record for industrial and commercial power systems design, analysis, grounding, protection, standby power, reliability, maintenance, operations, and safety; this record points to the official IEEE SA page for IEEE 3001.1-2025.",https://standards.ieee.org/ieee/3001.1/11188,,IEEE SA page status: Active Standard. Published: 2026-03-31. IEEE record number: 11188.
IEEE-3001-2-2017,IEEE 3001.2-2017,IEEE Recommended Practice for Evaluating the Electrical Service Requirements of Industrial and Commercial Power Systems,IEEE,recommended_practice,International / North America,3000 industrial and commercial power systems - Power Systems Design,2017,"Consensus IEEE power and energy standard used where specified by law, code, authority having jurisdiction, utility requirement, project specification, or contract","IEEE 3000 family metadata record for industrial and commercial power systems design, analysis, grounding, protection, standby power, reliability, maintenance, operations, and safety; this record points to the official IEEE SA page for IEEE 3001.2-2017.",https://standards.ieee.org/ieee/3001.2/7126,,IEEE SA page status: Active Standard. Published: 2018-05-10. IEEE record number: 7126.
IEEE-3001-3-2024,IEEE 3001.3-2024,IEEE Recommended Practice for the Design of Industrial and Commercial Power Systems: Voltage Considerations,IEEE,recommended_practice,International / North America,3000 industrial and commercial power systems - Power Systems Design,2024,"Consensus IEEE power and energy standard used where specified by law, code, authority having jurisdiction, utility requirement, project specification, or contract","IEEE 3000 family metadata record for industrial and commercial power systems design, analysis, grounding, protection, standby power, reliability, maintenance, operations, and safety; this record points to the official IEEE SA page for IEEE 3001.3-2024.",https://standards.ieee.org/ieee/3001.3/10249,,IEEE SA page status: Active Standard. Published: 2025-03-14. IEEE record number: 10249.
IEEE-3001-4-2020,IEEE 3001.4-2020,IEEE Recommended Practice for Estimating the Costs of Industrial and Commercial Power Systems,IEEE,recommended_practice,International / North America,3000 industrial and commercial power systems - Power Systems Design,2020,"Consensus IEEE power and energy standard used where specified by law, code, authority having jurisdiction, utility requirement, project specification, or contract","IEEE 3000 family metadata record for industrial and commercial power systems design, analysis, grounding, protection, standby power, reliability, maintenance, operations, and safety; this record points to the official IEEE SA page for IEEE 3001.4-2020.",https://standards.ieee.org/ieee/3001.4/6808,,IEEE SA page status: Active Standard. Published: 2020-05-12. IEEE record number: 6808.
IEEE-3001-9-IES-RP-48-2023,IEEE 3001.9/IES RP-48-2023,IEEE/IES Recommended Practice for the Design of Power Systems Supplying Lighting Systems in Commercial and Industrial Facilities,IEEE,recommended_practice,International / North America,3000 industrial and commercial power systems - Power Systems Design,2023,"Consensus IEEE power and energy standard used where specified by law, code, authority having jurisdiction, utility requirement, project specification, or contract","IEEE 3000 family metadata record for industrial and commercial power systems design, analysis, grounding, protection, standby power, reliability, maintenance, operations, and safety; this record points to the official IEEE SA page for IEEE 3001.9/IES RP-48-2023.",https://standards.ieee.org/ieee/3001.9_IES_RP-48/6918,,IEEE SA page status: Active Standard. Published: 2023-05-25. IEEE record number: 6918.
IEEE-3001-11-2017,IEEE 3001.11-2017,IEEE Recommended Practice for Application of Controllers and Automation to Industrial and Commercial Power Systems,IEEE,recommended_practice,International / North America,3000 industrial and commercial power systems - Power Systems Design,2017,"Consensus IEEE power and energy standard used where specified by law, code, authority having jurisdiction, utility requirement, project specification, or contract","IEEE 3000 family metadata record for industrial and commercial power systems design, analysis, grounding, protection, standby power, reliability, maintenance, operations, and safety; this record points to the official IEEE SA page for IEEE 3001.11-2017.",https://standards.ieee.org/ieee/3001.11/4772,,IEEE SA page status: Active Standard. Published: 2017-09-12. IEEE record number: 4772.
IEEE-3002-2-2018,IEEE 3002.2-2018,IEEE Recommended Practice for Conducting Load-Flow Studies and Analysis of Industrial and Commercial Power Systems,IEEE,recommended_practice,International / North America,3000 industrial and commercial power systems - Power Systems Analysis,2018,"Consensus IEEE power and energy standard used where specified by law, code, authority having jurisdiction, utility requirement, project specification, or contract","IEEE 3000 family metadata record for industrial and commercial power systems design, analysis, grounding, protection, standby power, reliability, maintenance, operations, and safety; this record points to the official IEEE SA page for IEEE 3002.2-2018.",https://standards.ieee.org/ieee/3002.2/4773,,IEEE SA page status: Active Standard. Published: 2018-11-12. IEEE record number: 4773.
IEEE-3002-3-2018,IEEE 3002.3-2018,IEEE Recommended Practice for Conducting Short-Circuit Studies and Analysis of Industrial and Commercial Power Systems,IEEE,recommended_practice,International / North America,3000 industrial and commercial power systems - Power Systems Analysis,2018,"Consensus IEEE power and energy standard used where specified by law, code, authority having jurisdiction, utility requirement, project specification, or contract","IEEE 3000 family metadata record for industrial and commercial power systems design, analysis, grounding, protection, standby power, reliability, maintenance, operations, and safety; this record points to the official IEEE SA page for IEEE 3002.3-2018.",https://standards.ieee.org/ieee/3002.3/4774,,IEEE SA page status: Active Standard. Published: 2019-03-29. IEEE record number: 4774.
IEEE-3002-7-2018,IEEE 3002.7-2018,IEEE Recommended Practice for Conducting Motor-Starting Studies and Analysis of Industrial and Commercial Power Systems,IEEE,recommended_practice,International / North America,3000 industrial and commercial power systems - Power Systems Analysis,2018,"Consensus IEEE power and energy standard used where specified by law, code, authority having jurisdiction, utility requirement, project specification, or contract","IEEE 3000 family metadata record for industrial and commercial power systems design, analysis, grounding, protection, standby power, reliability, maintenance, operations, and safety; this record points to the official IEEE SA page for IEEE 3002.7-2018.",https://standards.ieee.org/ieee/3002.7/4435,,IEEE SA page status: Active Standard. Published: 2019-04-26. IEEE record number: 4435.
IEEE-3002-8-2018,IEEE 3002.8-2018,IEEE Recommended Practice for Conducting Harmonic Studies and Analysis of Industrial and Commercial Power Systems,IEEE,recommended_practice,International / North America,3000 industrial and commercial power systems - Power Systems Analysis,2018,"Consensus IEEE power and energy standard used where specified by law, code, authority having jurisdiction, utility requirement, project specification, or contract","IEEE 3000 family metadata record for industrial and commercial power systems design, analysis, grounding, protection, standby power, reliability, maintenance, operations, and safety; this record points to the official IEEE SA page for IEEE 3002.8-2018.",https://standards.ieee.org/ieee/3002.8/4436,,IEEE SA page status: Active Standard. Published: 2018-10-22. IEEE record number: 4436.
IEEE-3003-1-2019,IEEE 3003.1-2019,IEEE Recommended Practice for System Grounding of Industrial and Commercial Power Systems,IEEE,recommended_practice,International / North America,3000 industrial and commercial power systems - Power Systems Grounding,2019,"Consensus IEEE power and energy standard used where specified by law, code, authority having jurisdiction, utility requirement, project specification, or contract","IEEE 3000 family metadata record for industrial and commercial power systems design, analysis, grounding, protection, standby power, reliability, maintenance, operations, and safety; this record points to the official IEEE SA page for IEEE 3003.1-2019.",https://standards.ieee.org/ieee/3003.1/4438,,IEEE SA page status: Active Standard. Published: 2019-08-09. IEEE record number: 4438.
IEEE-3004-3-2020,IEEE 3004.3-2020,IEEE Recommended Practice for the Application of Low-Voltage Fuses in Industrial and Commercial Power Systems,IEEE,recommended_practice,International / North America,3000 industrial and commercial power systems - Protection and Coordination,2020,"Consensus IEEE power and energy standard used where specified by law, code, authority having jurisdiction, utility requirement, project specification, or contract","IEEE 3000 family metadata record for industrial and commercial power systems design, analysis, grounding, protection, standby power, reliability, maintenance, operations, and safety; this record points to the official IEEE SA page for IEEE 3004.3-2020.",https://standards.ieee.org/ieee/3004.3/4775,,IEEE SA page status: Active Standard. Published: 2021-01-12. IEEE record number: 4775.
IEEE-3004-5-2025,IEEE 3004.5-2025,IEEE Recommended Practice for the Application of Low-Voltage Circuit Breakers in Industrial and Commercial Power Systems,IEEE,recommended_practice,International / North America,3000 industrial and commercial power systems - Protection and Coordination,2025,"Consensus IEEE power and energy standard used where specified by law, code, authority having jurisdiction, utility requirement, project specification, or contract","IEEE 3000 family metadata record for industrial and commercial power systems design, analysis, grounding, protection, standby power, reliability, maintenance, operations, and safety; this record points to the official IEEE SA page for IEEE 3004.5-2025.",https://standards.ieee.org/ieee/3004.5/11043,,IEEE SA page status: Active Standard. Published: 2025-05-12. IEEE record number: 11043.
IEEE-3004-7-2021,IEEE 3004.7-2021,IEEE Recommended Practice for Conductor Protection in Industrial and Commercial Power Systems,IEEE,recommended_practice,International / North America,3000 industrial and commercial power systems - Protection and Coordination,2021,"Consensus IEEE power and energy standard used where specified by law, code, authority having jurisdiction, utility requirement, project specification, or contract","IEEE 3000 family metadata record for industrial and commercial power systems design, analysis, grounding, protection, standby power, reliability, maintenance, operations, and safety; this record points to the official IEEE SA page for IEEE 3004.7-2021.",https://standards.ieee.org/ieee/3004.7/7250,,IEEE SA page status: Active Standard. Published: 2021-06-30. IEEE record number: 7250.
IEEE-3004-8-2016,IEEE 3004.8-2016,IEEE Recommended Practice for Motor Protection in Industrial and Commercial Power Systems,IEEE,recommended_practice,International / North America,3000 industrial and commercial power systems - Protection and Coordination,2016,"Consensus IEEE power and energy standard used where specified by law, code, authority having jurisdiction, utility requirement, project specification, or contract","IEEE 3000 family metadata record for industrial and commercial power systems design, analysis, grounding, protection, standby power, reliability, maintenance, operations, and safety; this record points to the official IEEE SA page for IEEE 3004.8-2016.",https://standards.ieee.org/ieee/3004.8/5028,,IEEE SA page status: Active Standard. Published: 2017-05-15. IEEE record number: 5028.
IEEE-3004-11-2019,IEEE 3004.11-2019,IEEE Recommended Practice for Bus and Switchgear Protection in Industrial and Commercial Power Systems,IEEE,recommended_practice,International / North America,3000 industrial and commercial power systems - Protection and Coordination,2019,"Consensus IEEE power and energy standard used where specified by law, code, authority having jurisdiction, utility requirement, project specification, or contract","IEEE 3000 family metadata record for industrial and commercial power systems design, analysis, grounding, protection, standby power, reliability, maintenance, operations, and safety; this record points to the official IEEE SA page for IEEE 3004.11-2019.",https://standards.ieee.org/ieee/3004.11/4442,,IEEE SA page status: Active Standard. Published: 2019-10-14. IEEE record number: 4442.
IEEE-3005-4-2020,IEEE 3005.4-2020,IEEE Recommended Practice for Improving the Reliability of Emergency and Stand By Power Systems,IEEE,recommended_practice,International / North America,3000 industrial and commercial power systems - Energy and Standby Power,2020,"Consensus IEEE power and energy standard used where specified by law, code, authority having jurisdiction, utility requirement, project specification, or contract","IEEE 3000 family metadata record for industrial and commercial power systems design, analysis, grounding, protection, standby power, reliability, maintenance, operations, and safety; this record points to the official IEEE SA page for IEEE 3005.4-2020.",https://standards.ieee.org/ieee/3005.4/6218,,IEEE SA page status: Active Standard. Published: 2020-09-28. IEEE record number: 6218.
IEEE-3006-1-2025,IEEE 3006.1-2025,IEEE Recommended Practice for Reliability Planning and Design of Industrial and Commercial Power Systems,IEEE,recommended_practice,International / North America,3000 industrial and commercial power systems - Reliability,2025,"Consensus IEEE power and energy standard used where specified by law, code, authority having jurisdiction, utility requirement, project specification, or contract","IEEE 3000 family metadata record for industrial and commercial power systems design, analysis, grounding, protection, standby power, reliability, maintenance, operations, and safety; this record points to the official IEEE SA page for IEEE 3006.1-2025.",https://standards.ieee.org/ieee/3006.1/7391,,IEEE SA page status: Active Standard. Published: 2026-04-17. IEEE record number: 7391.
IEEE-3006-2-2016,IEEE 3006.2-2016,IEEE Recommended Practice for Evaluating the Reliability of Existing Industrial and Commercial Power Systems,IEEE,recommended_practice,International / North America,3000 industrial and commercial power systems - Reliability,2016,"Consensus IEEE power and energy standard used where specified by law, code, authority having jurisdiction, utility requirement, project specification, or contract","IEEE 3000 family metadata record for industrial and commercial power systems design, analysis, grounding, protection, standby power, reliability, maintenance, operations, and safety; this record points to the official IEEE SA page for IEEE 3006.2-2016.",https://standards.ieee.org/ieee/3006.2/5823,,IEEE SA page status: Active Standard. Published: 2016-08-16. IEEE record number: 5823.
IEEE-3006-3-2017,IEEE 3006.3-2017,IEEE Recommended Practice for Determining the Impact of Preventative Maintenance on the Reliability of Industrial and Commercial Power Systems,IEEE,recommended_practice,International / North America,3000 industrial and commercial power systems - Reliability,2017,"Consensus IEEE power and energy standard used where specified by law, code, authority having jurisdiction, utility requirement, project specification, or contract","IEEE 3000 family metadata record for industrial and commercial power systems design, analysis, grounding, protection, standby power, reliability, maintenance, operations, and safety; this record points to the official IEEE SA page for IEEE 3006.3-2017.",https://standards.ieee.org/ieee/3006.3/5824,,IEEE SA page status: Active Standard. Published: 2018-03-30. IEEE record number: 5824.
IEEE-3006-8-2018,IEEE 3006.8-2018,IEEE Recommended Practice for Analyzing Reliability Data for Equipment Used in Industrial and Commercial Power Systems,IEEE,recommended_practice,International / North America,3000 industrial and commercial power systems - Reliability,2018,"Consensus IEEE power and energy standard used where specified by law, code, authority having jurisdiction, utility requirement, project specification, or contract","IEEE 3000 family metadata record for industrial and commercial power systems design, analysis, grounding, protection, standby power, reliability, maintenance, operations, and safety; this record points to the official IEEE SA page for IEEE 3006.8-2018.",https://standards.ieee.org/ieee/3006.8/4447,,IEEE SA page status: Active Standard. Published: 2018-10-17. IEEE record number: 4447.
IEEE-80-2013,IEEE 80-2013,IEEE Guide for Safety in AC Substation Grounding,IEEE,guide,International / North America,80/81/837 grounding and grounding connections - Substation Grounding Safety,2013,"Consensus IEEE power and energy standard used where specified by law, code, authority having jurisdiction, utility requirement, project specification, or contract","IEEE Grounding and Grounding Connections metadata record for AC substation grounding safety, grounding-system measurements, and permanent substation grounding connections; this record points to the official IEEE SA page for IEEE 80-2013.",https://standards.ieee.org/ieee/80/4089,,IEEE SA page status: Inactive-Reserved Standard. Published: 2015-05-15. IEEE record number: 4089.
IEEE-81-2025,IEEE 81-2025,"IEEE Guide for Measuring Earth Resistivity, Ground Impedance, and Earth Surface Potentials of a Grounding System",IEEE,guide,International / North America,80/81/837 grounding and grounding connections - Grounding Measurements,2025,"Consensus IEEE power and energy standard used where specified by law, code, authority having jurisdiction, utility requirement, project specification, or contract","IEEE Grounding and Grounding Connections metadata record for AC substation grounding safety, grounding-system measurements, and permanent substation grounding connections; this record points to the official IEEE SA page for IEEE 81-2025.",https://standards.ieee.org/ieee/81/11218,,IEEE SA page status: Active Standard. Published: 2026-07-15. IEEE record number: 11218.
IEEE-837-2024,IEEE 837-2024,IEEE Standard for Qualifying Permanent Connections Used in Substation Grounding,IEEE,standard,International / North America,80/81/837 grounding and grounding connections - Grounding Connections,2024,"Consensus IEEE power and energy standard used where specified by law, code, authority having jurisdiction, utility requirement, project specification, or contract","IEEE Grounding and Grounding Connections metadata record for AC substation grounding safety, grounding-system measurements, and permanent substation grounding connections; this record points to the official IEEE SA page for IEEE 837-2024.",https://standards.ieee.org/ieee/837/10271,,IEEE SA page status: Active Standard. Published: 2025-04-11. IEEE record number: 10271.
IEEE-18-2025,IEEE 18-2025,IEEE Standard for Shunt Power Capacitors,IEEE,standard,International / North America,18/824/1036 capacitors and reactive compensation - Shunt Power Capacitors,2025,"Consensus IEEE power and energy standard used where specified by law, code, authority having jurisdiction, utility requirement, project specification, or contract","IEEE Capacitors and Reactive Compensation metadata record for shunt power capacitors, series capacitor banks, and shunt capacitor application; this record points to the official IEEE SA page for IEEE 18-2025.",https://standards.ieee.org/ieee/18/6773,,IEEE SA page status: Active Standard. Published: 2026-03-27. IEEE record number: 6773.
IEEE-824-2025,IEEE 824-2025,IEEE Standard for Series Capacitor Banks in Power Systems,IEEE,standard,International / North America,18/824/1036 capacitors and reactive compensation - Series Capacitor Banks,2025,"Consensus IEEE power and energy standard used where specified by law, code, authority having jurisdiction, utility requirement, project specification, or contract","IEEE Capacitors and Reactive Compensation metadata record for shunt power capacitors, series capacitor banks, and shunt capacitor application; this record points to the official IEEE SA page for IEEE 824-2025.",https://standards.ieee.org/ieee/824/10208,,IEEE SA page status: Active Standard. Published: 2026-06-30. IEEE record number: 10208.
IEEE-1036-2020,IEEE 1036-2020,IEEE Guide for the Application of Shunt Power Capacitors,IEEE,guide,International / North America,18/824/1036 capacitors and reactive compensation - Shunt Capacitor Application,2020,"Consensus IEEE power and energy standard used where specified by law, code, authority having jurisdiction, utility requirement, project specification, or contract","IEEE Capacitors and Reactive Compensation metadata record for shunt power capacitors, series capacitor banks, and shunt capacitor application; this record points to the official IEEE SA page for IEEE 1036-2020.",https://standards.ieee.org/ieee/1036/5912,,IEEE SA page status: Active Standard. Published: 2021-03-05. IEEE record number: 5912.
IEEE-48-2020,IEEE 48-2020,IEEE Standard for Test Procedures and Requirements for Alternating-Current Cable Terminations Used on Shielded Cables Having Laminated Insulation Rated 2.5 kV through 765 kV or Extruded Insulation Rated 2.5 kV through 500 kV,IEEE,standard,International / North America,cable systems and insulated conductors - Terminations Joints and Accessories,2020,"Consensus IEEE power and energy standard used where specified by law, code, authority having jurisdiction, utility requirement, project specification, or contract","IEEE Cable Systems and Insulated Conductors metadata record for power cable systems, insulated conductors, joints, terminations, accessories, field testing, installation, fire performance, and condition assessment; this record points to the official IEEE SA page for IEEE 48-2020.",https://standards.ieee.org/ieee/48/6208,,IEEE SA page status: Active Standard. Published: 2020-10-12. IEEE record number: 6208.
IEEE-82-2023,IEEE 82-2023,IEEE Recommended Practice for Impulse Voltage Tests on Insulated Cables and Their Accessories,IEEE,recommended_practice,International / North America,cable systems and insulated conductors - Testing Diagnostics and Condition Assessment,2023,"Consensus IEEE power and energy standard used where specified by law, code, authority having jurisdiction, utility requirement, project specification, or contract","IEEE Cable Systems and Insulated Conductors metadata record for power cable systems, insulated conductors, joints, terminations, accessories, field testing, installation, fire performance, and condition assessment; this record points to the official IEEE SA page for IEEE 82-2023.",https://standards.ieee.org/ieee/82/10826,,IEEE SA page status: Active Standard. Published: 2023-12-08. IEEE record number: 10826.
IEEE-383-2023,IEEE 383-2023,IEEE Standard for Qualifying Electric Cables and Splices for Nuclear Facilities,IEEE,standard,International / North America,cable systems and insulated conductors - Nuclear Cable Systems,2023,"Consensus IEEE power and energy standard used where specified by law, code, authority having jurisdiction, utility requirement, project specification, or contract","IEEE Cable Systems and Insulated Conductors metadata record for power cable systems, insulated conductors, joints, terminations, accessories, field testing, installation, fire performance, and condition assessment; this record points to the official IEEE SA page for IEEE 383-2023.",https://standards.ieee.org/ieee/383/7707,,IEEE SA page status: Active Standard. Published: 2023-12-19. IEEE record number: 7707.
IEEE-386-2025,IEEE 386-2025,IEEE Standard for Shielded Separable Insulated Connectors for Classes 15 kV through 35 kV,IEEE,standard,International / North America,cable systems and insulated conductors - Terminations Joints and Accessories,2025,"Consensus IEEE power and energy standard used where specified by law, code, authority having jurisdiction, utility requirement, project specification, or contract","IEEE Cable Systems and Insulated Conductors metadata record for power cable systems, insulated conductors, joints, terminations, accessories, field testing, installation, fire performance, and condition assessment; this record points to the official IEEE SA page for IEEE 386-2025.",https://standards.ieee.org/ieee/386/7573,,IEEE SA page status: Active Standard. Published: 2026-06-19. IEEE record number: 7573.
IEEE-400-2023,IEEE 400-2023,IEEE Guide for Field Testing and Evaluation of the Insulation of Shielded Power Cable Systems Rated 5 kV and Above,IEEE,guide,International / North America,cable systems and insulated conductors - Testing Diagnostics and Condition Assessment,2023,"Consensus IEEE power and energy standard used where specified by law, code, authority having jurisdiction, utility requirement, project specification, or contract","IEEE Cable Systems and Insulated Conductors metadata record for power cable systems, insulated conductors, joints, terminations, accessories, field testing, installation, fire performance, and condition assessment; this record points to the official IEEE SA page for IEEE 400-2023.",https://standards.ieee.org/ieee/400/7618,,IEEE SA page status: Active Standard. Published: 2023-11-17. IEEE record number: 7618.
IEEE-400-1-2018,IEEE 400.1-2018,"IEEE Guide for Field Testing of Laminated Dielectric, Shielded AC Power Cable Systems Rated 5 kV to 500 kV Using High Voltage Direct Current (HVDC)",IEEE,guide,International / North America,cable systems and insulated conductors - Testing Diagnostics and Condition Assessment,2018,"Consensus IEEE power and energy standard used where specified by law, code, authority having jurisdiction, utility requirement, project specification, or contract","IEEE Cable Systems and Insulated Conductors metadata record for power cable systems, insulated conductors, joints, terminations, accessories, field testing, installation, fire performance, and condition assessment; this record points to the official IEEE SA page for IEEE 400.1-2018.",https://standards.ieee.org/ieee/400.1/6967,,IEEE SA page status: Active Standard. Published: 2019-01-31. IEEE record number: 6967.
IEEE-400-2-2024,IEEE 400.2-2024,IEEE Guide for Field Testing of Shielded Power Cable Systems Using Very Low Frequency (VLF) (less than 1 Hz),IEEE,guide,International / North America,cable systems and insulated conductors - Testing Diagnostics and Condition Assessment,2024,"Consensus IEEE power and energy standard used where specified by law, code, authority having jurisdiction, utility requirement, project specification, or contract","IEEE Cable Systems and Insulated Conductors metadata record for power cable systems, insulated conductors, joints, terminations, accessories, field testing, installation, fire performance, and condition assessment; this record points to the official IEEE SA page for IEEE 400.2-2024.",https://standards.ieee.org/ieee/400.2/11049,,IEEE SA page status: Active Standard. Published: 2024-09-27. IEEE record number: 11049.
IEEE-400-3-2022,IEEE 400.3-2022,IEEE Guide for Partial Discharge Field Diagnostic Testing of Shielded Power Cable Systems,IEEE,guide,International / North America,cable systems and insulated conductors - Testing Diagnostics and Condition Assessment,2022,"Consensus IEEE power and energy standard used where specified by law, code, authority having jurisdiction, utility requirement, project specification, or contract","IEEE Cable Systems and Insulated Conductors metadata record for power cable systems, insulated conductors, joints, terminations, accessories, field testing, installation, fire performance, and condition assessment; this record points to the official IEEE SA page for IEEE 400.3-2022.",https://standards.ieee.org/ieee/400.3/5316,,IEEE SA page status: Active Standard. Published: 2023-05-15. IEEE record number: 5316.
IEEE-400-5-2021,IEEE 400.5-2021,IEEE Guide for Field Testing of DC Shielded Power Cable Systems Rated 5 kV and Above with High Direct Current Test Voltages,IEEE,guide,International / North America,cable systems and insulated conductors - Testing Diagnostics and Condition Assessment,2021,"Consensus IEEE power and energy standard used where specified by law, code, authority having jurisdiction, utility requirement, project specification, or contract","IEEE Cable Systems and Insulated Conductors metadata record for power cable systems, insulated conductors, joints, terminations, accessories, field testing, installation, fire performance, and condition assessment; this record points to the official IEEE SA page for IEEE 400.5-2021.",https://standards.ieee.org/ieee/400.5/6988,,IEEE SA page status: Active Standard. Published: 2022-02-23. IEEE record number: 6988.
IEEE-404-2022,IEEE 404-2022,IEEE Standard for Extruded and Laminated Dielectric Shielded Cable Joints Rated 2.5 kV to 500 kV,IEEE,standard,International / North America,cable systems and insulated conductors - Terminations Joints and Accessories,2022,"Consensus IEEE power and energy standard used where specified by law, code, authority having jurisdiction, utility requirement, project specification, or contract","IEEE Cable Systems and Insulated Conductors metadata record for power cable systems, insulated conductors, joints, terminations, accessories, field testing, installation, fire performance, and condition assessment; this record points to the official IEEE SA page for IEEE 404-2022.",https://standards.ieee.org/ieee/404/10721,,IEEE SA page status: Active Standard. Published: 2023-03-21. IEEE record number: 10721.
IEEE-525-2025,IEEE 525-2025,IEEE Guide for the Design and Installation of Cable Systems in Substations,IEEE,guide,International / North America,cable systems and insulated conductors - Design Installation and Application,2025,"Consensus IEEE power and energy standard used where specified by law, code, authority having jurisdiction, utility requirement, project specification, or contract","IEEE Cable Systems and Insulated Conductors metadata record for power cable systems, insulated conductors, joints, terminations, accessories, field testing, installation, fire performance, and condition assessment; this record points to the official IEEE SA page for IEEE 525-2025.",https://standards.ieee.org/ieee/525/7274,,IEEE SA page status: Active Standard. Published: 2025-05-02. IEEE record number: 7274.
IEEE-532-2021,IEEE 532-2021,"IEEE Guide for Selecting and Testing Jackets for Power, Instrumentation, and Control Cables",IEEE,guide,International / North America,cable systems and insulated conductors - Design Installation and Application,2021,"Consensus IEEE power and energy standard used where specified by law, code, authority having jurisdiction, utility requirement, project specification, or contract","IEEE Cable Systems and Insulated Conductors metadata record for power cable systems, insulated conductors, joints, terminations, accessories, field testing, installation, fire performance, and condition assessment; this record points to the official IEEE SA page for IEEE 532-2021.",https://standards.ieee.org/ieee/532/5902,,IEEE SA page status: Active Standard. Published: 2021-04-27. IEEE record number: 5902.
IEEE-592-2018,IEEE 592-2018,IEEE Standard for Insulation Shields on Medium-Voltage (15 kV - 35 kV) Cable Joints and Separable Connectors,IEEE,standard,International / North America,cable systems and insulated conductors - Terminations Joints and Accessories,2018,"Consensus IEEE power and energy standard used where specified by law, code, authority having jurisdiction, utility requirement, project specification, or contract","IEEE Cable Systems and Insulated Conductors metadata record for power cable systems, insulated conductors, joints, terminations, accessories, field testing, installation, fire performance, and condition assessment; this record points to the official IEEE SA page for IEEE 592-2018.",https://standards.ieee.org/ieee/592/7127,,IEEE SA page status: Active Standard. Published: 2018-06-29. IEEE record number: 7127.
IEEE-634-2023,IEEE 634-2023,IEEE Standard for Cable-Penetration Fire Stop Qualification Test,IEEE,standard,International / North America,cable systems and insulated conductors - Fire Performance and Protection,2023,"Consensus IEEE power and energy standard used where specified by law, code, authority having jurisdiction, utility requirement, project specification, or contract","IEEE Cable Systems and Insulated Conductors metadata record for power cable systems, insulated conductors, joints, terminations, accessories, field testing, installation, fire performance, and condition assessment; this record points to the official IEEE SA page for IEEE 634-2023.",https://standards.ieee.org/ieee/634/7032,,IEEE SA page status: Active Standard. Published: 2023-12-19. IEEE record number: 7032.
IEEE-690-2026,IEEE 690-2026,IEEE Approved Draft Standard for Design and Installation of Cable Systems for Class 1E Circuits in Nuclear facilities,IEEE,standard,International / North America,cable systems and insulated conductors - Nuclear Cable Systems,2026,"Consensus IEEE power and energy standard used where specified by law, code, authority having jurisdiction, utility requirement, project specification, or contract","IEEE Cable Systems and Insulated Conductors metadata record for power cable systems, insulated conductors, joints, terminations, accessories, field testing, installation, fire performance, and condition assessment; this record points to the official IEEE SA page for IEEE 690-2026.",https://standards.ieee.org/ieee/690/11419,,IEEE SA page status: Active Standard. IEEE record number: 11419.
IEEE-835-1994,IEEE 835-1994,IEEE Standard Power Cable Ampacity Tables,IEEE,standard,International / North America,cable systems and insulated conductors - Ampacity and Thermal Reference,1994,"Consensus IEEE power and energy standard used where specified by law, code, authority having jurisdiction, utility requirement, project specification, or contract","IEEE Cable Systems and Insulated Conductors metadata record for power cable systems, insulated conductors, joints, terminations, accessories, field testing, installation, fire performance, and condition assessment; this record points to the official IEEE SA page for IEEE 835-1994.",https://standards.ieee.org/ieee/835/1228,,IEEE SA page status: Inactive-Reserved Standard. Published: 1994-12-30. IEEE record number: 1228.
IEEE-1142-2025,IEEE 1142-2025,"IEEE Guide for the Selection, Testing, Application, and Installation of 300 V to 500 kV Cables Having Radial-Moisture Barriers and/or Longitudinal Water Blocking",IEEE,guide,International / North America,cable systems and insulated conductors - Design Installation and Application,2025,"Consensus IEEE power and energy standard used where specified by law, code, authority having jurisdiction, utility requirement, project specification, or contract","IEEE Cable Systems and Insulated Conductors metadata record for power cable systems, insulated conductors, joints, terminations, accessories, field testing, installation, fire performance, and condition assessment; this record points to the official IEEE SA page for IEEE 1142-2025.",https://standards.ieee.org/ieee/1142/7302,,IEEE SA page status: Active Standard. Published: 2026-05-29. IEEE record number: 7302.
IEEE-1186-2025,IEEE 1186-2025,IEEE Recommended Practice for Applicability of Methods for the Evaluation of Low-Voltage and Medium-Voltage Installed Cable Systems in Nuclear Facilities,IEEE,recommended_practice,International / North America,cable systems and insulated conductors - Nuclear Cable Systems,2025,"Consensus IEEE power and energy standard used where specified by law, code, authority having jurisdiction, utility requirement, project specification, or contract","IEEE Cable Systems and Insulated Conductors metadata record for power cable systems, insulated conductors, joints, terminations, accessories, field testing, installation, fire performance, and condition assessment; this record points to the official IEEE SA page for IEEE 1186-2025.",https://standards.ieee.org/ieee/1186/11578,,IEEE SA page status: Active Standard. Published: 2025-11-12. IEEE record number: 11578.
IEEE-1202-2023,IEEE 1202-2023,IEEE Standard for Flame-Propagation Testing of Wire and Cable,IEEE,standard,International / North America,cable systems and insulated conductors - Fire Performance and Protection,2023,"Consensus IEEE power and energy standard used where specified by law, code, authority having jurisdiction, utility requirement, project specification, or contract","IEEE Cable Systems and Insulated Conductors metadata record for power cable systems, insulated conductors, joints, terminations, accessories, field testing, installation, fire performance, and condition assessment; this record points to the official IEEE SA page for IEEE 1202-2023.",https://standards.ieee.org/ieee/1202/11003,,IEEE SA page status: Active Standard. Published: 2023-12-19. IEEE record number: 11003.
IEEE-1210-2024,IEEE 1210-2024,IEEE Approved Draft Standard Tests for Determining Compatibility of Cable-Pulling Lubricants With Wire and Cable,IEEE,standard,International / North America,cable systems and insulated conductors - Design Installation and Application,2024,"Consensus IEEE power and energy standard used where specified by law, code, authority having jurisdiction, utility requirement, project specification, or contract","IEEE Cable Systems and Insulated Conductors metadata record for power cable systems, insulated conductors, joints, terminations, accessories, field testing, installation, fire performance, and condition assessment; this record points to the official IEEE SA page for IEEE 1210-2024.",https://standards.ieee.org/ieee/1210/6976,,IEEE SA page status: Active Standard. Published: 2025-12-31. IEEE record number: 6976.
IEEE-1234-2019,IEEE 1234-2019,IEEE Guide for Fault-Locating Techniques on Shielded Power Cable Systems,IEEE,guide,International / North America,cable systems and insulated conductors - Testing Diagnostics and Condition Assessment,2019,"Consensus IEEE power and energy standard used where specified by law, code, authority having jurisdiction, utility requirement, project specification, or contract","IEEE Cable Systems and Insulated Conductors metadata record for power cable systems, insulated conductors, joints, terminations, accessories, field testing, installation, fire performance, and condition assessment; this record points to the official IEEE SA page for IEEE 1234-2019.",https://standards.ieee.org/ieee/1234/6771,,IEEE SA page status: Active Standard. Published: 2019-06-28. IEEE record number: 6771.
IEEE-1235-2023,IEEE 1235-2023,IEEE Guide for Properties of Stripes and Ridges for Identification of Underground Power Cable Jackets and Ducts,IEEE,guide,International / North America,cable systems and insulated conductors - Design Installation and Application,2023,"Consensus IEEE power and energy standard used where specified by law, code, authority having jurisdiction, utility requirement, project specification, or contract","IEEE Cable Systems and Insulated Conductors metadata record for power cable systems, insulated conductors, joints, terminations, accessories, field testing, installation, fire performance, and condition assessment; this record points to the official IEEE SA page for IEEE 1235-2023.",https://standards.ieee.org/ieee/1235/10132,,IEEE SA page status: Active Standard. Published: 2023-03-31. IEEE record number: 10132.
IEEE-1242-2016,IEEE 1242-2016,"IEEE Guide for Specifying and Selecting Power, Control, and Special-Purpose Cable for Petroleum and Chemical Plants",IEEE,guide,International / North America,cable systems and insulated conductors - Design Installation and Application,2016,"Consensus IEEE power and energy standard used where specified by law, code, authority having jurisdiction, utility requirement, project specification, or contract","IEEE Cable Systems and Insulated Conductors metadata record for power cable systems, insulated conductors, joints, terminations, accessories, field testing, installation, fire performance, and condition assessment; this record points to the official IEEE SA page for IEEE 1242-2016.",https://standards.ieee.org/ieee/1242/5001,,IEEE SA page status: Active Standard. Published: 2016-10-28. IEEE record number: 5001.
IEEE-1406-2020,IEEE 1406-2020,IEEE Guide for the Use of Gas-in-Fluid Analysis for Paper and Laminated Paper-Polypropylene Insulated Cable Systems,IEEE,guide,International / North America,cable systems and insulated conductors - Testing Diagnostics and Condition Assessment,2020,"Consensus IEEE power and energy standard used where specified by law, code, authority having jurisdiction, utility requirement, project specification, or contract","IEEE Cable Systems and Insulated Conductors metadata record for power cable systems, insulated conductors, joints, terminations, accessories, field testing, installation, fire performance, and condition assessment; this record points to the official IEEE SA page for IEEE 1406-2020.",https://standards.ieee.org/ieee/1406/5903,,IEEE SA page status: Active Standard. Published: 2020-05-22. IEEE record number: 5903.
IEEE-1407-2021,IEEE 1407-2021,IEEE Guide for Accelerated Aging Tests for 5 kV to 46 kV Extruded Electric Power Cables Using Water-Filled Tanks,IEEE,guide,International / North America,cable systems and insulated conductors - Testing Diagnostics and Condition Assessment,2021,"Consensus IEEE power and energy standard used where specified by law, code, authority having jurisdiction, utility requirement, project specification, or contract","IEEE Cable Systems and Insulated Conductors metadata record for power cable systems, insulated conductors, joints, terminations, accessories, field testing, installation, fire performance, and condition assessment; this record points to the official IEEE SA page for IEEE 1407-2021.",https://standards.ieee.org/ieee/1407/6171,,IEEE SA page status: Active Standard. Published: 2022-02-03. IEEE record number: 6171.
IEEE-1493-2024,IEEE 1493-2024,IEEE Guide for Evaluation of Solvents Used for Cleaning Electrical Cables and Accessories,IEEE,guide,International / North America,cable systems and insulated conductors - Terminations Joints and Accessories,2024,"Consensus IEEE power and energy standard used where specified by law, code, authority having jurisdiction, utility requirement, project specification, or contract","IEEE Cable Systems and Insulated Conductors metadata record for power cable systems, insulated conductors, joints, terminations, accessories, field testing, installation, fire performance, and condition assessment; this record points to the official IEEE SA page for IEEE 1493-2024.",https://standards.ieee.org/ieee/1493/10430,,IEEE SA page status: Active Standard. Published: 2024-09-13. IEEE record number: 10430.
IEEE-1617-2022,IEEE 1617-2022,"IEEE Guide for Assessment, Mitigation, and Control of Corrosion of Metallic Shields for Extruded Dielectric Cables Rated 5 kV to 46 kV",IEEE,guide,International / North America,cable systems and insulated conductors - Testing Diagnostics and Condition Assessment,2022,"Consensus IEEE power and energy standard used where specified by law, code, authority having jurisdiction, utility requirement, project specification, or contract","IEEE Cable Systems and Insulated Conductors metadata record for power cable systems, insulated conductors, joints, terminations, accessories, field testing, installation, fire performance, and condition assessment; this record points to the official IEEE SA page for IEEE 1617-2022.",https://standards.ieee.org/ieee/1617/6674,,IEEE SA page status: Active Standard. Published: 2023-02-17. IEEE record number: 6674.
IEEE-1637-2020,IEEE 1637-2020,IEEE Guide for Selection and Application of Terminations for Shielded AC Power Cable Rated 5 kV to 46 kV,IEEE,guide,International / North America,cable systems and insulated conductors - Terminations Joints and Accessories,2020,"Consensus IEEE power and energy standard used where specified by law, code, authority having jurisdiction, utility requirement, project specification, or contract","IEEE Cable Systems and Insulated Conductors metadata record for power cable systems, insulated conductors, joints, terminations, accessories, field testing, installation, fire performance, and condition assessment; this record points to the official IEEE SA page for IEEE 1637-2020.",https://standards.ieee.org/ieee/1637/10182,,IEEE SA page status: Active Standard. Published: 2021-02-05. IEEE record number: 10182.
IEEE-1682-2023,IEEE 1682-2023,"IEEE Standard for Qualifying Fiber Optic Cables, Connections, and Optical Fiber Splices for Use in Safety Systems in Nuclear Power Generating Stations",IEEE,standard,International / North America,cable systems and insulated conductors - Nuclear Cable Systems,2023,"Consensus IEEE power and energy standard used where specified by law, code, authority having jurisdiction, utility requirement, project specification, or contract","IEEE Cable Systems and Insulated Conductors metadata record for power cable systems, insulated conductors, joints, terminations, accessories, field testing, installation, fire performance, and condition assessment; this record points to the official IEEE SA page for IEEE 1682-2023.",https://standards.ieee.org/ieee/1682/7752,,IEEE SA page status: Active Standard. Published: 2023-12-15. IEEE record number: 7752.
IEEE-1717-2024,IEEE 1717-2024,"IEEE Standard for Testing Fire-Resistive, Circuit Integrity Cables and Cable Systems Using a Hydrocarbon Pool Fire Test Protocol",IEEE,standard,International / North America,cable systems and insulated conductors - Fire Performance and Protection,2024,"Consensus IEEE power and energy standard used where specified by law, code, authority having jurisdiction, utility requirement, project specification, or contract","IEEE Cable Systems and Insulated Conductors metadata record for power cable systems, insulated conductors, joints, terminations, accessories, field testing, installation, fire performance, and condition assessment; this record points to the official IEEE SA page for IEEE 1717-2024.",https://standards.ieee.org/ieee/1717/7506,,IEEE SA page status: Active Standard. Published: 2024-08-15. IEEE record number: 7506.
IEEE-1816-2024,IEEE 1816-2024,IEEE Guide for Preparation Techniques of Shielded Cables Rated 2.5 kV through 46 kV and the Installation of Mating Accessories,IEEE,guide,International / North America,cable systems and insulated conductors - Terminations Joints and Accessories,2024,"Consensus IEEE power and energy standard used where specified by law, code, authority having jurisdiction, utility requirement, project specification, or contract","IEEE Cable Systems and Insulated Conductors metadata record for power cable systems, insulated conductors, joints, terminations, accessories, field testing, installation, fire performance, and condition assessment; this record points to the official IEEE SA page for IEEE 1816-2024.",https://standards.ieee.org/ieee/1816/7606,,IEEE SA page status: Active Standard. Published: 2025-04-04. IEEE record number: 7606.
IEEE-2780-2026,IEEE 2780-2026,IEEE Approved Draft Standard for Insulation - Piercing Connectors for Insulated Cables Rated up to 12 kV,IEEE,standard,International / North America,cable systems and insulated conductors - Terminations Joints and Accessories,2026,"Consensus IEEE power and energy standard used where specified by law, code, authority having jurisdiction, utility requirement, project specification, or contract","IEEE Cable Systems and Insulated Conductors metadata record for power cable systems, insulated conductors, joints, terminations, accessories, field testing, installation, fire performance, and condition assessment; this record points to the official IEEE SA page for IEEE 2780-2026.",https://standards.ieee.org/ieee/2780/12023,,IEEE SA page status: Active Standard. IEEE record number: 12023.
IEEE-2789-2025,IEEE 2789-2025,IEEE Guide for Selection and Application of Cables Used in Enclosed Transit Infrastructure,IEEE,guide,International / North America,cable systems and insulated conductors - Design Installation and Application,2025,"Consensus IEEE power and energy standard used where specified by law, code, authority having jurisdiction, utility requirement, project specification, or contract","IEEE Cable Systems and Insulated Conductors metadata record for power cable systems, insulated conductors, joints, terminations, accessories, field testing, installation, fire performance, and condition assessment; this record points to the official IEEE SA page for IEEE 2789-2025.",https://standards.ieee.org/ieee/2789/11172,,IEEE SA page status: Active Standard. Published: 2025-10-03. IEEE record number: 11172.
IEEE-3150-2025,IEEE 3150-2025,IEEE Guide for Testing the Semi-Conductive Water-Blocking Tape in Cross-Linked Polyethylene Insulated Alternating-Current Power Cables,IEEE,guide,International / North America,cable systems and insulated conductors - Testing Diagnostics and Condition Assessment,2025,"Consensus IEEE power and energy standard used where specified by law, code, authority having jurisdiction, utility requirement, project specification, or contract","IEEE Cable Systems and Insulated Conductors metadata record for power cable systems, insulated conductors, joints, terminations, accessories, field testing, installation, fire performance, and condition assessment; this record points to the official IEEE SA page for IEEE 3150-2025.",https://standards.ieee.org/ieee/3150/10848,,IEEE SA page status: Active Standard. Published: 2025-08-27. IEEE record number: 10848.
IEEE-605-2023,IEEE 605-2023,IEEE Guide for Bus Design in Air Insulated Substations,IEEE,guide,International / North America,substation design and operations - Bus Design and Buswork,2023,"Consensus IEEE power and energy standard used where specified by law, code, authority having jurisdiction, utility requirement, project specification, or contract","IEEE Substations metadata record for electric power substation design, construction, operation, safety, environmental compatibility, fire protection, physical security, oil containment, bus design, seismic design, HVDC converter stations, auxiliary systems, and lightning shielding; this record points to the official IEEE SA page for IEEE 605-2023.",https://standards.ieee.org/ieee/605/5908,,IEEE SA page status: Active Standard. Published: 2024-07-24. IEEE record number: 5908.
IEEE-693-2018,IEEE 693-2018,IEEE Recommended Practice for Seismic Design of Substations,IEEE,recommended_practice,International / North America,substation design and operations - Seismic Design and Equipment Qualification,2018,"Consensus IEEE power and energy standard used where specified by law, code, authority having jurisdiction, utility requirement, project specification, or contract","IEEE Substations metadata record for electric power substation design, construction, operation, safety, environmental compatibility, fire protection, physical security, oil containment, bus design, seismic design, HVDC converter stations, auxiliary systems, and lightning shielding; this record points to the official IEEE SA page for IEEE 693-2018.",https://standards.ieee.org/ieee/693/4996,,IEEE SA page status: Active Standard. Published: 2019-04-10. IEEE record number: 4996.
IEEE-693A-2024,IEEE 693a-2024,"IEEE Recommended Practice for Seismic Design of Substations Amendment 1: Alterations of Transformers and Select Appendages, Surge Arresters, Response Spectra, Time Histories, and Their Qualification Methodologies",IEEE,amendment,International / North America,substation design and operations - Seismic Design and Equipment Qualification,2024,"Consensus IEEE power and energy standard used where specified by law, code, authority having jurisdiction, utility requirement, project specification, or contract","IEEE Substations metadata record for electric power substation design, construction, operation, safety, environmental compatibility, fire protection, physical security, oil containment, bus design, seismic design, HVDC converter stations, auxiliary systems, and lightning shielding; this record points to the official IEEE SA page for IEEE 693a-2024.",https://standards.ieee.org/ieee/693a/10828,,IEEE SA page status: Active Standard. Published: 2024-12-19. IEEE record number: 10828.
IEEE-979-2025,IEEE 979-2025,IEEE Guide for Substation Fire Protection,IEEE,guide,International / North America,substation design and operations - Fire Protection,2025,"Consensus IEEE power and energy standard used where specified by law, code, authority having jurisdiction, utility requirement, project specification, or contract","IEEE Substations metadata record for electric power substation design, construction, operation, safety, environmental compatibility, fire protection, physical security, oil containment, bus design, seismic design, HVDC converter stations, auxiliary systems, and lightning shielding; this record points to the official IEEE SA page for IEEE 979-2025.",https://standards.ieee.org/ieee/979/7242,,IEEE SA page status: Active Standard. Published: 2026-04-10. IEEE record number: 7242.
IEEE-980-2021,IEEE 980-2021,IEEE Guide for Containment and Control of Oil Spills in Substations,IEEE,guide,International / North America,substation design and operations - Oil Spill Containment,2021,"Consensus IEEE power and energy standard used where specified by law, code, authority having jurisdiction, utility requirement, project specification, or contract","IEEE Substations metadata record for electric power substation design, construction, operation, safety, environmental compatibility, fire protection, physical security, oil containment, bus design, seismic design, HVDC converter stations, auxiliary systems, and lightning shielding; this record points to the official IEEE SA page for IEEE 980-2021.",https://standards.ieee.org/ieee/980/7038,,IEEE SA page status: Active Standard. Published: 2022-04-20. IEEE record number: 7038.
IEEE-998-2026,IEEE 998-2026,IEEE Approved Draft Guide for Direct Lightning Stroke Shielding of Substations,IEEE,guide,International / North America,substation design and operations - Lightning Shielding,2026,"Consensus IEEE power and energy standard used where specified by law, code, authority having jurisdiction, utility requirement, project specification, or contract","IEEE Substations metadata record for electric power substation design, construction, operation, safety, environmental compatibility, fire protection, physical security, oil containment, bus design, seismic design, HVDC converter stations, auxiliary systems, and lightning shielding; this record points to the official IEEE SA page for IEEE 998-2026.",https://standards.ieee.org/ieee/998/6860,,IEEE SA page status: Active Standard. IEEE record number: 6860.
IEEE-1127-2023,IEEE 1127-2023,"IEEE Guide for the Design, Construction, and Operation of Electric Power Substations for Community Acceptance and Environmental Compatibility",IEEE,guide,International / North America,substation design and operations - Community and Environmental Compatibility,2023,"Consensus IEEE power and energy standard used where specified by law, code, authority having jurisdiction, utility requirement, project specification, or contract","IEEE Substations metadata record for electric power substation design, construction, operation, safety, environmental compatibility, fire protection, physical security, oil containment, bus design, seismic design, HVDC converter stations, auxiliary systems, and lightning shielding; this record points to the official IEEE SA page for IEEE 1127-2023.",https://standards.ieee.org/ieee/1127/7039,,IEEE SA page status: Active Standard. Published: 2024-04-05. IEEE record number: 7039.
IEEE-1246-2025,IEEE 1246-2025,IEEE Guide for Temporary Protective Grounding Systems Used in Substations,IEEE,guide,International / North America,substation design and operations - Temporary Protective Grounding,2025,"Consensus IEEE power and energy standard used where specified by law, code, authority having jurisdiction, utility requirement, project specification, or contract","IEEE Substations metadata record for electric power substation design, construction, operation, safety, environmental compatibility, fire protection, physical security, oil containment, bus design, seismic design, HVDC converter stations, auxiliary systems, and lightning shielding; this record points to the official IEEE SA page for IEEE 1246-2025.",https://standards.ieee.org/ieee/1246/11053,,IEEE SA page status: Active Standard. Published: 2025-03-28. IEEE record number: 11053.
IEEE-1264-2022,IEEE 1264-2022,IEEE Guide for Animal Mitigation for Electric Power Supply Substations,IEEE,guide,International / North America,substation design and operations - Animal Mitigation,2022,"Consensus IEEE power and energy standard used where specified by law, code, authority having jurisdiction, utility requirement, project specification, or contract","IEEE Substations metadata record for electric power substation design, construction, operation, safety, environmental compatibility, fire protection, physical security, oil containment, bus design, seismic design, HVDC converter stations, auxiliary systems, and lightning shielding; this record points to the official IEEE SA page for IEEE 1264-2022.",https://standards.ieee.org/ieee/1264/10562,,IEEE SA page status: Active Standard. Published: 2022-11-04. IEEE record number: 10562.
IEEE-1267-2019,IEEE 1267-2019,IEEE Guide for Development of Specifications for Turnkey Substation Projects,IEEE,guide,International / North America,substation design and operations - Project Specifications and Turnkey Delivery,2019,"Consensus IEEE power and energy standard used where specified by law, code, authority having jurisdiction, utility requirement, project specification, or contract","IEEE Substations metadata record for electric power substation design, construction, operation, safety, environmental compatibility, fire protection, physical security, oil containment, bus design, seismic design, HVDC converter stations, auxiliary systems, and lightning shielding; this record points to the official IEEE SA page for IEEE 1267-2019.",https://standards.ieee.org/ieee/1267/5030,,IEEE SA page status: Active Standard. Published: 2019-03-15. IEEE record number: 5030.
IEEE-1268-2016,IEEE 1268-2016,IEEE Guide for Safety in the Installation of Mobile Substation Equipment,IEEE,guide,International / North America,substation design and operations - Mobile Substation Installation,2016,"Consensus IEEE power and energy standard used where specified by law, code, authority having jurisdiction, utility requirement, project specification, or contract","IEEE Substations metadata record for electric power substation design, construction, operation, safety, environmental compatibility, fire protection, physical security, oil containment, bus design, seismic design, HVDC converter stations, auxiliary systems, and lightning shielding; this record points to the official IEEE SA page for IEEE 1268-2016.",https://standards.ieee.org/ieee/1268/5230,,IEEE SA page status: Active Standard. Published: 2016-04-07. IEEE record number: 5230.
IEEE-1378-2022,IEEE 1378-2022,IEEE Guide for Commissioning Line-Commutated Converter (LCC) High-Voltage Direct-Current (HVDC) Converter Stations and Associated Transmission Systems,IEEE,guide,International / North America,substation design and operations - HVDC Converter Stations,2022,"Consensus IEEE power and energy standard used where specified by law, code, authority having jurisdiction, utility requirement, project specification, or contract","IEEE Substations metadata record for electric power substation design, construction, operation, safety, environmental compatibility, fire protection, physical security, oil containment, bus design, seismic design, HVDC converter stations, auxiliary systems, and lightning shielding; this record points to the official IEEE SA page for IEEE 1378-2022.",https://standards.ieee.org/ieee/1378/6945,,IEEE SA page status: Active Standard. Published: 2023-04-28. IEEE record number: 6945.
IEEE-1402-2021,IEEE 1402-2021,IEEE Guide for Physical Security of Electric Power Substations,IEEE,guide,International / North America,substation design and operations - Physical Security,2021,"Consensus IEEE power and energy standard used where specified by law, code, authority having jurisdiction, utility requirement, project specification, or contract","IEEE Substations metadata record for electric power substation design, construction, operation, safety, environmental compatibility, fire protection, physical security, oil containment, bus design, seismic design, HVDC converter stations, auxiliary systems, and lightning shielding; this record points to the official IEEE SA page for IEEE 1402-2021.",https://standards.ieee.org/ieee/1402/6050,,IEEE SA page status: Active Standard. Published: 2021-11-09. IEEE record number: 6050.
IEEE-1427-2020,IEEE 1427-2020,IEEE Guide for Recommended Electrical Clearances and Insulation Levels in Air Insulated Electrical Power Substations,IEEE,guide,International / North America,substation design and operations - Clearances and Insulation Levels,2020,"Consensus IEEE power and energy standard used where specified by law, code, authority having jurisdiction, utility requirement, project specification, or contract","IEEE Substations metadata record for electric power substation design, construction, operation, safety, environmental compatibility, fire protection, physical security, oil containment, bus design, seismic design, HVDC converter stations, auxiliary systems, and lightning shielding; this record points to the official IEEE SA page for IEEE 1427-2020.",https://standards.ieee.org/ieee/1427/6231,,IEEE SA page status: Active Standard. Published: 2021-03-19. IEEE record number: 6231.
IEEE-1527-2018,IEEE 1527-2018,IEEE Recommended Practice for the Design of Buswork Located in Seismically Active Areas,IEEE,recommended_practice,International / North America,substation design and operations - Seismic Buswork,2018,"Consensus IEEE power and energy standard used where specified by law, code, authority having jurisdiction, utility requirement, project specification, or contract","IEEE Substations metadata record for electric power substation design, construction, operation, safety, environmental compatibility, fire protection, physical security, oil containment, bus design, seismic design, HVDC converter stations, auxiliary systems, and lightning shielding; this record points to the official IEEE SA page for IEEE 1527-2018.",https://standards.ieee.org/ieee/1527/4976,,IEEE SA page status: Active Standard. Published: 2018-08-10. IEEE record number: 4976.
IEEE-1818-2017,IEEE 1818-2017,IEEE Guide for the Design of Low-Voltage Auxiliary Systems for Electric Power Substations,IEEE,guide,International / North America,substation design and operations - Low-Voltage Auxiliary Systems,2017,"Consensus IEEE power and energy standard used where specified by law, code, authority having jurisdiction, utility requirement, project specification, or contract","IEEE Substations metadata record for electric power substation design, construction, operation, safety, environmental compatibility, fire protection, physical security, oil containment, bus design, seismic design, HVDC converter stations, auxiliary systems, and lightning shielding; this record points to the official IEEE SA page for IEEE 1818-2017.",https://standards.ieee.org/ieee/1818/7128,,IEEE SA page status: Active Standard. Published: 2017-12-15. IEEE record number: 7128.
IEEE-519-2022,IEEE 519-2022,IEEE Standard for Harmonic Control in Electric Power Systems,IEEE,standard,International / North America,power quality and harmonics - Harmonics and Harmonic Filters,2022,"Consensus IEEE power and energy standard used where specified by law, code, authority having jurisdiction, utility requirement, project specification, or contract","IEEE Power Quality and Harmonics metadata record for power quality monitoring, harmonics, harmonic filters, voltage quality, flicker, voltage sags, ride-through testing, nonsinusoidal power measurement, and transient overvoltage measurement; this record points to the official IEEE SA page for IEEE 519-2022.",https://standards.ieee.org/ieee/519/10677,,IEEE SA page status: Active Standard. Published: 2022-08-05. IEEE record number: 10677.
IEEE-1159-2019,IEEE 1159-2019,IEEE Recommended Practice for Monitoring Electric Power Quality,IEEE,recommended_practice,International / North America,power quality and harmonics - Monitoring and Data Exchange,2019,"Consensus IEEE power and energy standard used where specified by law, code, authority having jurisdiction, utility requirement, project specification, or contract","IEEE Power Quality and Harmonics metadata record for power quality monitoring, harmonics, harmonic filters, voltage quality, flicker, voltage sags, ride-through testing, nonsinusoidal power measurement, and transient overvoltage measurement; this record points to the official IEEE SA page for IEEE 1159-2019.",https://standards.ieee.org/ieee/1159/6124,,IEEE SA page status: Active Standard. Published: 2019-08-13. IEEE record number: 6124.
IEEE-1159-3-2025,IEEE 1159.3-2025,IEEE Recommended Practice for Power Quality Data Interchange Format (PQDIF),IEEE,recommended_practice,International / North America,power quality and harmonics - Monitoring and Data Exchange,2025,"Consensus IEEE power and energy standard used where specified by law, code, authority having jurisdiction, utility requirement, project specification, or contract","IEEE Power Quality and Harmonics metadata record for power quality monitoring, harmonics, harmonic filters, voltage quality, flicker, voltage sags, ride-through testing, nonsinusoidal power measurement, and transient overvoltage measurement; this record points to the official IEEE SA page for IEEE 1159.3-2025.",https://standards.ieee.org/ieee/1159.3/10437,,IEEE SA page status: Active Standard. Published: 2025-07-22. IEEE record number: 10437.
IEEE-1250-2018,IEEE 1250-2018,IEEE Guide for Identifying and Improving Voltage Quality in Power Systems,IEEE,guide,International / North America,power quality and harmonics - Voltage Quality,2018,"Consensus IEEE power and energy standard used where specified by law, code, authority having jurisdiction, utility requirement, project specification, or contract","IEEE Power Quality and Harmonics metadata record for power quality monitoring, harmonics, harmonic filters, voltage quality, flicker, voltage sags, ride-through testing, nonsinusoidal power measurement, and transient overvoltage measurement; this record points to the official IEEE SA page for IEEE 1250-2018.",https://standards.ieee.org/ieee/1250/7009,,IEEE SA page status: Active Standard. Published: 2018-11-16. IEEE record number: 7009.
IEEE-1409-2012,IEEE 1409-2012,IEEE Guide for Application of Power Electronics for Power Quality Improvement on Distribution Systems Rated 1 kV Through 38 kV,IEEE,guide,International / North America,power quality and harmonics - Power Quality Improvement,2012,"Consensus IEEE power and energy standard used where specified by law, code, authority having jurisdiction, utility requirement, project specification, or contract","IEEE Power Quality and Harmonics metadata record for power quality monitoring, harmonics, harmonic filters, voltage quality, flicker, voltage sags, ride-through testing, nonsinusoidal power measurement, and transient overvoltage measurement; this record points to the official IEEE SA page for IEEE 1409-2012.",https://standards.ieee.org/ieee/1409/5214,,IEEE SA page status: Inactive-Reserved Standard. Published: 2012-04-27. IEEE record number: 5214.
IEEE-1453-2022,IEEE 1453-2022,IEEE Standard for Measurement and Limits of Voltage Fluctuations and Associated Light Flicker on AC Power Systems,IEEE,standard,International / North America,power quality and harmonics - Flicker and Voltage Fluctuations,2022,"Consensus IEEE power and energy standard used where specified by law, code, authority having jurisdiction, utility requirement, project specification, or contract","IEEE Power Quality and Harmonics metadata record for power quality monitoring, harmonics, harmonic filters, voltage quality, flicker, voltage sags, ride-through testing, nonsinusoidal power measurement, and transient overvoltage measurement; this record points to the official IEEE SA page for IEEE 1453-2022.",https://standards.ieee.org/ieee/1453/10459,,IEEE SA page status: Active Standard. Published: 2023-02-27. IEEE record number: 10459.
IEEE-1459-2025,IEEE 1459-2025,"IEEE Standard Definitions for the Measurement of Electric Power Quantities Under Sinusoidal, Nonsinusoidal, Balanced, or Unbalanced Conditions",IEEE,standard,International / North America,power quality and harmonics - Nonsinusoidal and Unbalanced Power Measurement,2025,"Consensus IEEE power and energy standard used where specified by law, code, authority having jurisdiction, utility requirement, project specification, or contract","IEEE Power Quality and Harmonics metadata record for power quality monitoring, harmonics, harmonic filters, voltage quality, flicker, voltage sags, ride-through testing, nonsinusoidal power measurement, and transient overvoltage measurement; this record points to the official IEEE SA page for IEEE 1459-2025.",https://standards.ieee.org/ieee/1459/7578,,IEEE SA page status: Active Standard. Published: 2025-05-16. IEEE record number: 7578.
IEEE-1531-2020,IEEE 1531-2020,IEEE Guide for the Application and Specification of Harmonic Filters,IEEE,guide,International / North America,power quality and harmonics - Harmonics and Harmonic Filters,2020,"Consensus IEEE power and energy standard used where specified by law, code, authority having jurisdiction, utility requirement, project specification, or contract","IEEE Power Quality and Harmonics metadata record for power quality monitoring, harmonics, harmonic filters, voltage quality, flicker, voltage sags, ride-through testing, nonsinusoidal power measurement, and transient overvoltage measurement; this record points to the official IEEE SA page for IEEE 1531-2020.",https://standards.ieee.org/ieee/1531/6729,,IEEE SA page status: Active Standard. Published: 2021-01-26. IEEE record number: 6729.
IEEE-1564-2014,IEEE 1564-2014,IEEE Guide for Voltage Sag Indices,IEEE,guide,International / North America,power quality and harmonics - Voltage Sags and Ride-Through,2014,"Consensus IEEE power and energy standard used where specified by law, code, authority having jurisdiction, utility requirement, project specification, or contract","IEEE Power Quality and Harmonics metadata record for power quality monitoring, harmonics, harmonic filters, voltage quality, flicker, voltage sags, ride-through testing, nonsinusoidal power measurement, and transient overvoltage measurement; this record points to the official IEEE SA page for IEEE 1564-2014.",https://standards.ieee.org/ieee/1564/4156,,IEEE SA page status: Inactive-Reserved Standard. Published: 2014-06-20. IEEE record number: 4156.
IEEE-1668-2017,IEEE 1668-2017,IEEE Recommended Practice for Voltage Sag and Short Interruption Ride-Through Testing for End-Use Electrical Equipment Rated Less than 1000 V,IEEE,recommended_practice,International / North America,power quality and harmonics - Voltage Sags and Ride-Through,2017,"Consensus IEEE power and energy standard used where specified by law, code, authority having jurisdiction, utility requirement, project specification, or contract","IEEE Power Quality and Harmonics metadata record for power quality monitoring, harmonics, harmonic filters, voltage quality, flicker, voltage sags, ride-through testing, nonsinusoidal power measurement, and transient overvoltage measurement; this record points to the official IEEE SA page for IEEE 1668-2017.",https://standards.ieee.org/ieee/1668/6798,,IEEE SA page status: Active Standard. Published: 2017-11-27. IEEE record number: 6798.
IEEE-2426-2024,IEEE 2426-2024,IEEE Guide for Field Measurement of Fast-Front and Very Fast-Front Overvoltages in Electric Power Systems--Part 1: Measuring Techniques,IEEE,guide,International / North America,power quality and harmonics - Transient Overvoltage Measurement,2024,"Consensus IEEE power and energy standard used where specified by law, code, authority having jurisdiction, utility requirement, project specification, or contract","IEEE Power Quality and Harmonics metadata record for power quality monitoring, harmonics, harmonic filters, voltage quality, flicker, voltage sags, ride-through testing, nonsinusoidal power measurement, and transient overvoltage measurement; this record points to the official IEEE SA page for IEEE 2426-2024.",https://standards.ieee.org/ieee/2426/10919,,IEEE SA page status: Active Standard. Published: 2024-07-09. IEEE record number: 10919.
IEEE-2938-2023,IEEE 2938-2023,IEEE Guide for Economic Loss Evaluation of Sensitive Industrial Customers Caused by Voltage Sags,IEEE,guide,International / North America,power quality and harmonics - Voltage Sags and Ride-Through,2023,"Consensus IEEE power and energy standard used where specified by law, code, authority having jurisdiction, utility requirement, project specification, or contract","IEEE Power Quality and Harmonics metadata record for power quality monitoring, harmonics, harmonic filters, voltage quality, flicker, voltage sags, ride-through testing, nonsinusoidal power measurement, and transient overvoltage measurement; this record points to the official IEEE SA page for IEEE 2938-2023.",https://standards.ieee.org/ieee/2938/10408,,IEEE SA page status: Active Standard. Published: 2023-05-26. IEEE record number: 10408.
IEEE-43-2013,IEEE 43-2013,IEEE Recommended Practice for Testing Insulation Resistance of Electric Machinery,IEEE,recommended_practice,International / North America,electric machinery and rotating machines - Insulation Testing and Diagnostics,2013,"Consensus IEEE power and energy standard used where specified by law, code, authority having jurisdiction, utility requirement, project specification, or contract","IEEE Electric Machinery and Rotating Machines metadata record for generators, motors, synchronous machines, induction machines, excitation systems, rotating-machine testing, insulation diagnostics, commissioning, and repair; this record points to the official IEEE SA page for IEEE 43-2013.",https://standards.ieee.org/ieee/43/4791,,IEEE SA page status: Inactive-Reserved Standard. Published: 2014-03-06. IEEE record number: 4791.
IEEE-56-2016,IEEE 56-2016,IEEE Guide for Insulation Maintenance of Electric Machines,IEEE,guide,International / North America,electric machinery and rotating machines - Insulation Testing and Diagnostics,2016,"Consensus IEEE power and energy standard used where specified by law, code, authority having jurisdiction, utility requirement, project specification, or contract","IEEE Electric Machinery and Rotating Machines metadata record for generators, motors, synchronous machines, induction machines, excitation systems, rotating-machine testing, insulation diagnostics, commissioning, and repair; this record points to the official IEEE SA page for IEEE 56-2016.",https://standards.ieee.org/ieee/56/5526,,IEEE SA page status: Active Standard. Published: 2016-11-11. IEEE record number: 5526.
IEEE-62-2-2026,IEEE 62.2-2026,IEEE Approved Draft Guide for Diagnostic Field Testing of Electric Power Apparatus - Electrical Machinery,IEEE,guide,International / North America,electric machinery and rotating machines - Insulation Testing and Diagnostics,2026,"Consensus IEEE power and energy standard used where specified by law, code, authority having jurisdiction, utility requirement, project specification, or contract","IEEE Electric Machinery and Rotating Machines metadata record for generators, motors, synchronous machines, induction machines, excitation systems, rotating-machine testing, insulation diagnostics, commissioning, and repair; this record points to the official IEEE SA page for IEEE 62.2-2026.",https://standards.ieee.org/ieee/62.2/6970,,IEEE SA page status: Active Standard. IEEE record number: 6970.
IEEE-67-2005,IEEE 67-2005,IEEE Guide for Operation and Maintenance of Turbine Generators,IEEE,guide,International / North America,electric machinery and rotating machines - Maintenance Repair and Monitoring,2005,"Consensus IEEE power and energy standard used where specified by law, code, authority having jurisdiction, utility requirement, project specification, or contract","IEEE Electric Machinery and Rotating Machines metadata record for generators, motors, synchronous machines, induction machines, excitation systems, rotating-machine testing, insulation diagnostics, commissioning, and repair; this record points to the official IEEE SA page for IEEE 67-2005.",https://standards.ieee.org/ieee/67/3278,,IEEE SA page status: Inactive-Reserved Standard. Published: 2006-05-08. IEEE record number: 3278.
IEEE-95-2002,IEEE 95-2002,IEEE Recommended Practice for Insulation Testing of AC Electric Machinery (2300 V and Above) With High Direct Voltage,IEEE,recommended_practice,International / North America,electric machinery and rotating machines - Insulation Testing and Diagnostics,2002,"Consensus IEEE power and energy standard used where specified by law, code, authority having jurisdiction, utility requirement, project specification, or contract","IEEE Electric Machinery and Rotating Machines metadata record for generators, motors, synchronous machines, induction machines, excitation systems, rotating-machine testing, insulation diagnostics, commissioning, and repair; this record points to the official IEEE SA page for IEEE 95-2002.",https://standards.ieee.org/ieee/95/3142,,IEEE SA page status: Inactive-Reserved Standard. Published: 2002-04-12. IEEE record number: 3142.
IEEE-112-2017,IEEE 112-2017,IEEE Standard Test Procedure for Polyphase Induction Motors and Generators,IEEE,standard,International / North America,electric machinery and rotating machines - Machine Test Procedures and Performance,2017,"Consensus IEEE power and energy standard used where specified by law, code, authority having jurisdiction, utility requirement, project specification, or contract","IEEE Electric Machinery and Rotating Machines metadata record for generators, motors, synchronous machines, induction machines, excitation systems, rotating-machine testing, insulation diagnostics, commissioning, and repair; this record points to the official IEEE SA page for IEEE 112-2017.",https://standards.ieee.org/ieee/112/4807,,IEEE SA page status: Active Standard. Published: 2018-02-14. IEEE record number: 4807.
IEEE-115-2019,IEEE 115-2019,IEEE Guide for Test Procedures for Synchronous Machines Including Acceptance and Performance Testing and Parameter Determination for Dynamic Analysis,IEEE,guide,International / North America,electric machinery and rotating machines - Machine Test Procedures and Performance,2019,"Consensus IEEE power and energy standard used where specified by law, code, authority having jurisdiction, utility requirement, project specification, or contract","IEEE Electric Machinery and Rotating Machines metadata record for generators, motors, synchronous machines, induction machines, excitation systems, rotating-machine testing, insulation diagnostics, commissioning, and repair; this record points to the official IEEE SA page for IEEE 115-2019.",https://standards.ieee.org/ieee/115/6673,,IEEE SA page status: Active Standard. Published: 2020-03-27. IEEE record number: 6673.
IEEE-117-2015,IEEE 117-2015,IEEE Standard Test Procedure for Thermal Evaluation of Systems of Insulating Materials for Random-Wound AC Electric Machinery,IEEE,standard,International / North America,electric machinery and rotating machines - Insulation Testing and Diagnostics,2015,"Consensus IEEE power and energy standard used where specified by law, code, authority having jurisdiction, utility requirement, project specification, or contract","IEEE Electric Machinery and Rotating Machines metadata record for generators, motors, synchronous machines, induction machines, excitation systems, rotating-machine testing, insulation diagnostics, commissioning, and repair; this record points to the official IEEE SA page for IEEE 117-2015.",https://standards.ieee.org/ieee/117/5805,,IEEE SA page status: Inactive-Reserved Standard. Published: 2016-05-06. IEEE record number: 5805.
IEEE-252-2022,IEEE 252-2022,IEEE Standard Test Procedure for Polyphase Induction Motors Having Liquid in the Magnetic Gap,IEEE,standard,International / North America,electric machinery and rotating machines - Machine Test Procedures and Performance,2022,"Consensus IEEE power and energy standard used where specified by law, code, authority having jurisdiction, utility requirement, project specification, or contract","IEEE Electric Machinery and Rotating Machines metadata record for generators, motors, synchronous machines, induction machines, excitation systems, rotating-machine testing, insulation diagnostics, commissioning, and repair; this record points to the official IEEE SA page for IEEE 252-2022.",https://standards.ieee.org/ieee/252/7433,,IEEE SA page status: Active Standard. Published: 2023-07-31. IEEE record number: 7433.
IEEE-286-2024,IEEE 286-2024,IEEE Recommended Practice for Measurement of Power Factor Tip-Up of Electric Machinery Stator Coil Insulation,IEEE,recommended_practice,International / North America,electric machinery and rotating machines - Insulation Testing and Diagnostics,2024,"Consensus IEEE power and energy standard used where specified by law, code, authority having jurisdiction, utility requirement, project specification, or contract","IEEE Electric Machinery and Rotating Machines metadata record for generators, motors, synchronous machines, induction machines, excitation systems, rotating-machine testing, insulation diagnostics, commissioning, and repair; this record points to the official IEEE SA page for IEEE 286-2024.",https://standards.ieee.org/ieee/286/7705,,IEEE SA page status: Active Standard. Published: 2024-08-15. IEEE record number: 7705.
IEEE-303-2023,IEEE 303-2023,"IEEE Recommended Practice for Auxiliary Devices for Rotating Electrical Machines in Class I, Division 2 and Zone 2 Locations and Class II, Division 2 and Zone 22 Locations",IEEE,recommended_practice,International / North America,electric machinery and rotating machines - Hazardous Location Applications,2023,"Consensus IEEE power and energy standard used where specified by law, code, authority having jurisdiction, utility requirement, project specification, or contract","IEEE Electric Machinery and Rotating Machines metadata record for generators, motors, synchronous machines, induction machines, excitation systems, rotating-machine testing, insulation diagnostics, commissioning, and repair; this record points to the official IEEE SA page for IEEE 303-2023.",https://standards.ieee.org/ieee/303/10130,,IEEE SA page status: Active Standard. Published: 2024-02-21. IEEE record number: 10130.
IEEE-334-2024,IEEE 334-2024,IEEE Standard for Qualifying Alternating Current Class 1E Motors for Nuclear Power Generating Stations,IEEE,standard,International / North America,electric machinery and rotating machines - Nuclear Safety-Related Motors,2024,"Consensus IEEE power and energy standard used where specified by law, code, authority having jurisdiction, utility requirement, project specification, or contract","IEEE Electric Machinery and Rotating Machines metadata record for generators, motors, synchronous machines, induction machines, excitation systems, rotating-machine testing, insulation diagnostics, commissioning, and repair; this record points to the official IEEE SA page for IEEE 334-2024.",https://standards.ieee.org/ieee/334/7576,,IEEE SA page status: Active Standard. Published: 2025-11-24. IEEE record number: 7576.
IEEE-421-1-2021,IEEE 421.1-2021,IEEE Standard Definitions for Excitation Systems for Synchronous Machines,IEEE,standard,International / North America,electric machinery and rotating machines - Excitation Systems,2021,"Consensus IEEE power and energy standard used where specified by law, code, authority having jurisdiction, utility requirement, project specification, or contract","IEEE Electric Machinery and Rotating Machines metadata record for generators, motors, synchronous machines, induction machines, excitation systems, rotating-machine testing, insulation diagnostics, commissioning, and repair; this record points to the official IEEE SA page for IEEE 421.1-2021.",https://standards.ieee.org/ieee/421.1/6698,,IEEE SA page status: Active Standard. Published: 2022-03-17. IEEE record number: 6698.
IEEE-421-2-2014,IEEE 421.2-2014,"IEEE Guide for Identification, Testing, and Evaluation of the Dynamic Performance of Excitation Control Systems",IEEE,guide,International / North America,electric machinery and rotating machines - Excitation Systems,2014,"Consensus IEEE power and energy standard used where specified by law, code, authority having jurisdiction, utility requirement, project specification, or contract","IEEE Electric Machinery and Rotating Machines metadata record for generators, motors, synchronous machines, induction machines, excitation systems, rotating-machine testing, insulation diagnostics, commissioning, and repair; this record points to the official IEEE SA page for IEEE 421.2-2014.",https://standards.ieee.org/ieee/421.2/4597,,IEEE SA page status: Inactive-Reserved Standard. Published: 2014-06-27. IEEE record number: 4597.
IEEE-421-3-2016,IEEE 421.3-2016,IEEE Standard for High-Potential Test Requirements for Excitation Systems for Synchronous Machines,IEEE,standard,International / North America,electric machinery and rotating machines - Excitation Systems,2016,"Consensus IEEE power and energy standard used where specified by law, code, authority having jurisdiction, utility requirement, project specification, or contract","IEEE Electric Machinery and Rotating Machines metadata record for generators, motors, synchronous machines, induction machines, excitation systems, rotating-machine testing, insulation diagnostics, commissioning, and repair; this record points to the official IEEE SA page for IEEE 421.3-2016.",https://standards.ieee.org/ieee/421.3/6712,,IEEE SA page status: Active Standard. Published: 2016-03-30. IEEE record number: 6712.
IEEE-421-4-2014,IEEE 421.4-2014,IEEE Guide for the Preparation of Excitation System Specifications,IEEE,guide,International / North America,electric machinery and rotating machines - Excitation Systems,2014,"Consensus IEEE power and energy standard used where specified by law, code, authority having jurisdiction, utility requirement, project specification, or contract","IEEE Electric Machinery and Rotating Machines metadata record for generators, motors, synchronous machines, induction machines, excitation systems, rotating-machine testing, insulation diagnostics, commissioning, and repair; this record points to the official IEEE SA page for IEEE 421.4-2014.",https://standards.ieee.org/ieee/421.4/5228,,IEEE SA page status: Inactive-Reserved Standard. Published: 2014-04-21. IEEE record number: 5228.
IEEE-421-5-2016,IEEE 421.5-2016,IEEE Recommended Practice for Excitation System Models for Power System Stability Studies,IEEE,recommended_practice,International / North America,electric machinery and rotating machines - Excitation Systems,2016,"Consensus IEEE power and energy standard used where specified by law, code, authority having jurisdiction, utility requirement, project specification, or contract","IEEE Electric Machinery and Rotating Machines metadata record for generators, motors, synchronous machines, induction machines, excitation systems, rotating-machine testing, insulation diagnostics, commissioning, and repair; this record points to the official IEEE SA page for IEEE 421.5-2016.",https://standards.ieee.org/ieee/421.5/5356,,IEEE SA page status: Active Standard. Published: 2016-08-26. IEEE record number: 5356.
IEEE-421-6-2017,IEEE 421.6-2017,IEEE Recommended Practice for the Specification and Design of Field Discharge Equipment for Synchronous Machines,IEEE,recommended_practice,International / North America,electric machinery and rotating machines - Excitation Systems,2017,"Consensus IEEE power and energy standard used where specified by law, code, authority having jurisdiction, utility requirement, project specification, or contract","IEEE Electric Machinery and Rotating Machines metadata record for generators, motors, synchronous machines, induction machines, excitation systems, rotating-machine testing, insulation diagnostics, commissioning, and repair; this record points to the official IEEE SA page for IEEE 421.6-2017.",https://standards.ieee.org/ieee/421.6/5605,,IEEE SA page status: Active Standard. Published: 2017-06-09. IEEE record number: 5605.
IEEE-433-2022,IEEE 433-2022,IEEE Recommended Practice for Insulation Testing of AC Electric Machinery with High Voltage Rating up to 30 kV at Very Low Frequency,IEEE,recommended_practice,International / North America,electric machinery and rotating machines - Insulation Testing and Diagnostics,2022,"Consensus IEEE power and energy standard used where specified by law, code, authority having jurisdiction, utility requirement, project specification, or contract","IEEE Electric Machinery and Rotating Machines metadata record for generators, motors, synchronous machines, induction machines, excitation systems, rotating-machine testing, insulation diagnostics, commissioning, and repair; this record points to the official IEEE SA page for IEEE 433-2022.",https://standards.ieee.org/ieee/433/6826,,IEEE SA page status: Active Standard. Published: 2022-08-24. IEEE record number: 6826.
IEEE-434-2006,IEEE 434-2006,IEEE Guide for Functional Evaluation of Insulation Systems for AC Electric Machines Rated 2300 V and Above,IEEE,guide,International / North America,electric machinery and rotating machines - Insulation Testing and Diagnostics,2006,"Consensus IEEE power and energy standard used where specified by law, code, authority having jurisdiction, utility requirement, project specification, or contract","IEEE Electric Machinery and Rotating Machines metadata record for generators, motors, synchronous machines, induction machines, excitation systems, rotating-machine testing, insulation diagnostics, commissioning, and repair; this record points to the official IEEE SA page for IEEE 434-2006.",https://standards.ieee.org/ieee/434/3679,,IEEE SA page status: Inactive-Reserved Standard. Published: 2007-03-15. IEEE record number: 3679.
IEEE-492-1999,IEEE 492-1999,IEEE Guide for Operation and Maintenance of Hydro-Generators,IEEE,guide,International / North America,electric machinery and rotating machines - Maintenance Repair and Monitoring,1999,"Consensus IEEE power and energy standard used where specified by law, code, authority having jurisdiction, utility requirement, project specification, or contract","IEEE Electric Machinery and Rotating Machines metadata record for generators, motors, synchronous machines, induction machines, excitation systems, rotating-machine testing, insulation diagnostics, commissioning, and repair; this record points to the official IEEE SA page for IEEE 492-1999.",https://standards.ieee.org/ieee/492/723,,IEEE SA page status: Inactive-Reserved Standard. Published: 1999-02-19. IEEE record number: 723.
IEEE-522-2023,IEEE 522-2023,IEEE Guide for Testing Turn Insulation of Form-Wound Stator Coils for Alternating-Current Electric Machines,IEEE,guide,International / North America,electric machinery and rotating machines - Insulation Testing and Diagnostics,2023,"Consensus IEEE power and energy standard used where specified by law, code, authority having jurisdiction, utility requirement, project specification, or contract","IEEE Electric Machinery and Rotating Machines metadata record for generators, motors, synchronous machines, induction machines, excitation systems, rotating-machine testing, insulation diagnostics, commissioning, and repair; this record points to the official IEEE SA page for IEEE 522-2023.",https://standards.ieee.org/ieee/522/6940,,IEEE SA page status: Active Standard. Published: 2023-10-30. IEEE record number: 6940.
IEEE-620-2022,IEEE 620-2022,IEEE Guide for the Presentation of Thermal Limit Curves for Squirrel Cage Induction Machines,IEEE,guide,International / North America,electric machinery and rotating machines - Machine Test Procedures and Performance,2022,"Consensus IEEE power and energy standard used where specified by law, code, authority having jurisdiction, utility requirement, project specification, or contract","IEEE Electric Machinery and Rotating Machines metadata record for generators, motors, synchronous machines, induction machines, excitation systems, rotating-machine testing, insulation diagnostics, commissioning, and repair; this record points to the official IEEE SA page for IEEE 620-2022.",https://standards.ieee.org/ieee/620/7434,,IEEE SA page status: Active Standard. Published: 2022-06-03. IEEE record number: 7434.
IEEE-810-2015,IEEE 810-2015,IEEE Standard for Hydraulic Turbine and Generator Shaft Couplings and Shaft Runout Tolerances,IEEE,standard,International / North America,electric machinery and rotating machines - Hydroelectric Installation and Commissioning,2015,"Consensus IEEE power and energy standard used where specified by law, code, authority having jurisdiction, utility requirement, project specification, or contract","IEEE Electric Machinery and Rotating Machines metadata record for generators, motors, synchronous machines, induction machines, excitation systems, rotating-machine testing, insulation diagnostics, commissioning, and repair; this record points to the official IEEE SA page for IEEE 810-2015.",https://standards.ieee.org/ieee/810/5212,,IEEE SA page status: Inactive-Reserved Standard. Published: 2015-12-30. IEEE record number: 5212.
IEEE-841-2021,IEEE 841-2021,"IEEE Standard for Petroleum and Chemical Industry--Premium-Efficiency, Severe-Duty, Totally Enclosed Squirrel Cage Induction Motors from 0.75 kW to 370 kW (1 hp to 500 hp)",IEEE,standard,International / North America,electric machinery and rotating machines - Severe Duty Induction Motors,2021,"Consensus IEEE power and energy standard used where specified by law, code, authority having jurisdiction, utility requirement, project specification, or contract","IEEE Electric Machinery and Rotating Machines metadata record for generators, motors, synchronous machines, induction machines, excitation systems, rotating-machine testing, insulation diagnostics, commissioning, and repair; this record points to the official IEEE SA page for IEEE 841-2021.",https://standards.ieee.org/ieee/841/10131,,IEEE SA page status: Active Standard. Published: 2021-05-28. IEEE record number: 10131.
IEEE-841-1-2023,IEEE 841.1-2023,"IEEE Standard for Process Industry--International Energy Efficiency Class 3 (IE3) Premium-Efficiency, Severe Duty, Totally Enclosed Frame Surface Cooled Squirrel Cage Induction Motors--0.75 kW to 370 kW (1 hp to 500 hp)",IEEE,standard,International / North America,electric machinery and rotating machines - Severe Duty Induction Motors,2023,"Consensus IEEE power and energy standard used where specified by law, code, authority having jurisdiction, utility requirement, project specification, or contract","IEEE Electric Machinery and Rotating Machines metadata record for generators, motors, synchronous machines, induction machines, excitation systems, rotating-machine testing, insulation diagnostics, commissioning, and repair; this record points to the official IEEE SA page for IEEE 841.1-2023.",https://standards.ieee.org/ieee/841.1/10674,,IEEE SA page status: Active Standard. Published: 2024-02-16. IEEE record number: 10674.
IEEE-1068-2015,IEEE 1068-2015,"IEEE Standard for the Repair and Rewinding of AC Electric Motors in the Petroleum, Chemical, and Process Industries",IEEE,standard,International / North America,electric machinery and rotating machines - Maintenance Repair and Monitoring,2015,"Consensus IEEE power and energy standard used where specified by law, code, authority having jurisdiction, utility requirement, project specification, or contract","IEEE Electric Machinery and Rotating Machines metadata record for generators, motors, synchronous machines, induction machines, excitation systems, rotating-machine testing, insulation diagnostics, commissioning, and repair; this record points to the official IEEE SA page for IEEE 1068-2015.",https://standards.ieee.org/ieee/1068/5899,,IEEE SA page status: Inactive-Reserved Standard. Published: 2016-01-15. IEEE record number: 5899.
IEEE-1095-2012,IEEE 1095-2012,IEEE Guide for the Installation of Vertical Generators and Generator/Motors for Hydroelectric Applications,IEEE,guide,International / North America,electric machinery and rotating machines - Hydroelectric Installation and Commissioning,2012,"Consensus IEEE power and energy standard used where specified by law, code, authority having jurisdiction, utility requirement, project specification, or contract","IEEE Electric Machinery and Rotating Machines metadata record for generators, motors, synchronous machines, induction machines, excitation systems, rotating-machine testing, insulation diagnostics, commissioning, and repair; this record points to the official IEEE SA page for IEEE 1095-2012.",https://standards.ieee.org/ieee/1095/4063,,IEEE SA page status: Inactive-Reserved Standard. Published: 2012-06-20. IEEE record number: 4063.
IEEE-1129-2014,IEEE 1129-2014,IEEE Guide for Online Monitoring of Large Synchronous Generators (10 MVA and Above),IEEE,guide,International / North America,electric machinery and rotating machines - Maintenance Repair and Monitoring,2014,"Consensus IEEE power and energy standard used where specified by law, code, authority having jurisdiction, utility requirement, project specification, or contract","IEEE Electric Machinery and Rotating Machines metadata record for generators, motors, synchronous machines, induction machines, excitation systems, rotating-machine testing, insulation diagnostics, commissioning, and repair; this record points to the official IEEE SA page for IEEE 1129-2014.",https://standards.ieee.org/ieee/1129/5584,,IEEE SA page status: Inactive-Reserved Standard. Published: 2014-04-11. IEEE record number: 5584.
IEEE-1248-2020,IEEE 1248-2020,IEEE Guide for the Commissioning of Electrical Systems in Hydroelectric Power Plants,IEEE,guide,International / North America,electric machinery and rotating machines - Hydroelectric Installation and Commissioning,2020,"Consensus IEEE power and energy standard used where specified by law, code, authority having jurisdiction, utility requirement, project specification, or contract","IEEE Electric Machinery and Rotating Machines metadata record for generators, motors, synchronous machines, induction machines, excitation systems, rotating-machine testing, insulation diagnostics, commissioning, and repair; this record points to the official IEEE SA page for IEEE 1248-2020.",https://standards.ieee.org/ieee/1248/5901,,IEEE SA page status: Active Standard. Published: 2020-05-05. IEEE record number: 5901.
IEEE-1310-2012,IEEE 1310-2012,IEEE Recommended Practice for Thermal Cycle Testing of Form-Wound Stator Bars and Coils for Large Rotating Machines,IEEE,recommended_practice,International / North America,electric machinery and rotating machines - Insulation Testing and Diagnostics,2012,"Consensus IEEE power and energy standard used where specified by law, code, authority having jurisdiction, utility requirement, project specification, or contract","IEEE Electric Machinery and Rotating Machines metadata record for generators, motors, synchronous machines, induction machines, excitation systems, rotating-machine testing, insulation diagnostics, commissioning, and repair; this record points to the official IEEE SA page for IEEE 1310-2012.",https://standards.ieee.org/ieee/1310/5411,,IEEE SA page status: Inactive-Reserved Standard. Published: 2012-05-21. IEEE record number: 5411.
IEEE-1349-2021,IEEE 1349-2021,"IEEE Guide for the Application of Electric Machines in Zone 2 and Class I, Division 2 Hazardous (Classified) Locations",IEEE,guide,International / North America,electric machinery and rotating machines - Hazardous Location Applications,2021,"Consensus IEEE power and energy standard used where specified by law, code, authority having jurisdiction, utility requirement, project specification, or contract","IEEE Electric Machinery and Rotating Machines metadata record for generators, motors, synchronous machines, induction machines, excitation systems, rotating-machine testing, insulation diagnostics, commissioning, and repair; this record points to the official IEEE SA page for IEEE 1349-2021.",https://standards.ieee.org/ieee/1349/10559,,IEEE SA page status: Active Standard. Published: 2021-10-15. IEEE record number: 10559.
IEEE-1349-2021-COR-1-2022,IEEE 1349-2021/Cor 1-2022,"IEEE Guide for the Application of Electric Machines in Zone 2 and Class I, Division 2 Hazardous (Classified) Locations - Corrigendum 1",IEEE,corrigendum,International / North America,electric machinery and rotating machines - Amendments and Corrections,2021,"Consensus IEEE power and energy standard used where specified by law, code, authority having jurisdiction, utility requirement, project specification, or contract","IEEE Electric Machinery and Rotating Machines metadata record for generators, motors, synchronous machines, induction machines, excitation systems, rotating-machine testing, insulation diagnostics, commissioning, and repair; this record points to the official IEEE SA page for IEEE 1349-2021/Cor 1-2022.",https://standards.ieee.org/ieee/1349-2021_Cor_1/10883,,IEEE SA page status: Active Standard. Published: 2023-02-16. IEEE record number: 10883.
IEEE-1434-2014,IEEE 1434-2014,IEEE Guide for the Measurement of Partial Discharges in AC Electric Machinery,IEEE,guide,International / North America,electric machinery and rotating machines - Insulation Testing and Diagnostics,2014,"Consensus IEEE power and energy standard used where specified by law, code, authority having jurisdiction, utility requirement, project specification, or contract","IEEE Electric Machinery and Rotating Machines metadata record for generators, motors, synchronous machines, induction machines, excitation systems, rotating-machine testing, insulation diagnostics, commissioning, and repair; this record points to the official IEEE SA page for IEEE 1434-2014.",https://standards.ieee.org/ieee/1434/5032,,IEEE SA page status: Inactive-Reserved Standard. Published: 2014-12-04. IEEE record number: 5032.
IEEE-1553-2025,IEEE 1553-2025,IEEE Standard for Voltage-Endurance Testing of Form-Wound Coils and Bars for Hydro Generators,IEEE,standard,International / North America,electric machinery and rotating machines - Insulation Testing and Diagnostics,2025,"Consensus IEEE power and energy standard used where specified by law, code, authority having jurisdiction, utility requirement, project specification, or contract","IEEE Electric Machinery and Rotating Machines metadata record for generators, motors, synchronous machines, induction machines, excitation systems, rotating-machine testing, insulation diagnostics, commissioning, and repair; this record points to the official IEEE SA page for IEEE 1553-2025.",https://standards.ieee.org/ieee/1553/6085,,IEEE SA page status: Active Standard. Published: 2025-11-20. IEEE record number: 6085.
IEEE-1665-2024,IEEE 1665-2024,"IEEE Guide for Rewind of Synchronous Generators, 50 Hz and 60 Hz, Rated 1 MVA and Above",IEEE,guide,International / North America,electric machinery and rotating machines - Maintenance Repair and Monitoring,2024,"Consensus IEEE power and energy standard used where specified by law, code, authority having jurisdiction, utility requirement, project specification, or contract","IEEE Electric Machinery and Rotating Machines metadata record for generators, motors, synchronous machines, induction machines, excitation systems, rotating-machine testing, insulation diagnostics, commissioning, and repair; this record points to the official IEEE SA page for IEEE 1665-2024.",https://standards.ieee.org/ieee/1665/6853,,IEEE SA page status: Active Standard. Published: 2025-02-06. IEEE record number: 6853.
IEEE-1776-2008,IEEE 1776-2008,IEEE Recommended Practice for Thermal Evaluation of Unsealed or Sealed Insulation Systems for AC Electric Machinery Employing Form-Wound Pre-Insulated Stator Coils for Machines Rated 15 000 V and Below,IEEE,recommended_practice,International / North America,electric machinery and rotating machines - Insulation Testing and Diagnostics,2008,"Consensus IEEE power and energy standard used where specified by law, code, authority having jurisdiction, utility requirement, project specification, or contract","IEEE Electric Machinery and Rotating Machines metadata record for generators, motors, synchronous machines, induction machines, excitation systems, rotating-machine testing, insulation diagnostics, commissioning, and repair; this record points to the official IEEE SA page for IEEE 1776-2008.",https://standards.ieee.org/ieee/1776/4297,,IEEE SA page status: Inactive-Reserved Standard. Published: 2009-02-13. IEEE record number: 4297.
IEEE-1799-2022,IEEE 1799-2022,"IEEE Recommended Practice for Quality Control Testing of External Discharges on Stator Coils, Bars, and Windings",IEEE,recommended_practice,International / North America,electric machinery and rotating machines - Insulation Testing and Diagnostics,2022,"Consensus IEEE power and energy standard used where specified by law, code, authority having jurisdiction, utility requirement, project specification, or contract","IEEE Electric Machinery and Rotating Machines metadata record for generators, motors, synchronous machines, induction machines, excitation systems, rotating-machine testing, insulation diagnostics, commissioning, and repair; this record points to the official IEEE SA page for IEEE 1799-2022.",https://standards.ieee.org/ieee/1799/7751,,IEEE SA page status: Active Standard. Published: 2022-09-16. IEEE record number: 7751.
IEEE-1812-2023,IEEE 1812-2023,IEEE Guide for Testing Permanent Magnet Machines,IEEE,guide,International / North America,electric machinery and rotating machines - Machine Test Procedures and Performance,2023,"Consensus IEEE power and energy standard used where specified by law, code, authority having jurisdiction, utility requirement, project specification, or contract","IEEE Electric Machinery and Rotating Machines metadata record for generators, motors, synchronous machines, induction machines, excitation systems, rotating-machine testing, insulation diagnostics, commissioning, and repair; this record points to the official IEEE SA page for IEEE 1812-2023.",https://standards.ieee.org/ieee/1812/6854,,IEEE SA page status: Active Standard. Published: 2023-12-11. IEEE record number: 6854.
IEEE-2420-2019,IEEE 2420-2019,IEEE Standard Criteria for Combustion Turbine-Generator Units Applied as Standby Power Supplies for Nuclear Power Generating Stations,IEEE,standard,International / North America,electric machinery and rotating machines - Standby Generator Units,2019,"Consensus IEEE power and energy standard used where specified by law, code, authority having jurisdiction, utility requirement, project specification, or contract","IEEE Electric Machinery and Rotating Machines metadata record for generators, motors, synchronous machines, induction machines, excitation systems, rotating-machine testing, insulation diagnostics, commissioning, and repair; this record points to the official IEEE SA page for IEEE 2420-2019.",https://standards.ieee.org/ieee/2420/6143,,IEEE SA page status: Active Standard. Published: 2020-06-18. IEEE record number: 6143.
IEEE-2455-2023,IEEE 2455-2023,IEEE Recommended Practice for the Repair and Maintenance of Direct Current Electric Machines,IEEE,recommended_practice,International / North America,electric machinery and rotating machines - Maintenance Repair and Monitoring,2023,"Consensus IEEE power and energy standard used where specified by law, code, authority having jurisdiction, utility requirement, project specification, or contract","IEEE Electric Machinery and Rotating Machines metadata record for generators, motors, synchronous machines, induction machines, excitation systems, rotating-machine testing, insulation diagnostics, commissioning, and repair; this record points to the official IEEE SA page for IEEE 2455-2023.",https://standards.ieee.org/ieee/2455/7186,,IEEE SA page status: Active Standard. Published: 2023-12-20. IEEE record number: 7186.
IEEE-2465-2023,IEEE 2465-2023,IEEE Trial-Use Recommended Practice for Pulse-Type Partial Discharge Measurements on Individual Stator Coils and Bars,IEEE,recommended_practice,International / North America,electric machinery and rotating machines - Insulation Testing and Diagnostics,2023,"Consensus IEEE power and energy standard used where specified by law, code, authority having jurisdiction, utility requirement, project specification, or contract","IEEE Electric Machinery and Rotating Machines metadata record for generators, motors, synchronous machines, induction machines, excitation systems, rotating-machine testing, insulation diagnostics, commissioning, and repair; this record points to the official IEEE SA page for IEEE 2465-2023.",https://standards.ieee.org/ieee/2465/11257,,IEEE SA page status: Active Standard. Published: 2024-03-22. IEEE record number: 11257.
IEEE-63332-387-2024,IEEE/IEC 63332-387-2024,IEEE/IEC International Standard for Nuclear facilities -- Electrical power systems -- Diesel generator units applied as standby power sources,IEEE,standard,International / North America,electric machinery and rotating machines - Standby Generator Units,2024,"Consensus IEEE power and energy standard used where specified by law, code, authority having jurisdiction, utility requirement, project specification, or contract","IEEE Electric Machinery and Rotating Machines metadata record for generators, motors, synchronous machines, induction machines, excitation systems, rotating-machine testing, insulation diagnostics, commissioning, and repair; this record points to the official IEEE SA page for IEEE/IEC 63332-387-2024.",https://standards.ieee.org/ieee/63332-387/10356,,IEEE SA page status: Active Standard. Published: 2024-09-30. IEEE record number: 10356.
IEEE-C50-12-2025,IEEE C50.12-2025,IEEE Standard for 50 Hz and 60 Hz Synchronous Generators and Generator/Motors Coupled to Hydraulic Turbines and Rated 5 MVA and Above,IEEE,standard,International / North America,electric machinery and rotating machines - Synchronous Generator Requirements,2025,"Consensus IEEE power and energy standard used where specified by law, code, authority having jurisdiction, utility requirement, project specification, or contract","IEEE Electric Machinery and Rotating Machines metadata record for generators, motors, synchronous machines, induction machines, excitation systems, rotating-machine testing, insulation diagnostics, commissioning, and repair; this record points to the official IEEE SA page for IEEE C50.12-2025.",https://standards.ieee.org/ieee/C50.12/7280,,IEEE SA page status: Active Standard. Published: 2025-09-05. IEEE record number: 7280.
IEEE-C50-13-2014,IEEE C50.13-2014,IEEE Standard for Cylindrical-Rotor 50 Hz and 60 Hz Synchronous Generators Rated 10 MVA and Above,IEEE,standard,International / North America,electric machinery and rotating machines - Synchronous Generator Requirements,2014,"Consensus IEEE power and energy standard used where specified by law, code, authority having jurisdiction, utility requirement, project specification, or contract","IEEE Electric Machinery and Rotating Machines metadata record for generators, motors, synchronous machines, induction machines, excitation systems, rotating-machine testing, insulation diagnostics, commissioning, and repair; this record points to the official IEEE SA page for IEEE C50.13-2014.",https://standards.ieee.org/ieee/C50.13/5266,,IEEE SA page status: Inactive-Reserved Standard. Published: 2014-05-09. IEEE record number: 5266.
